system:index,B11,B12,B2,B3,B4,B8,LST,MNDWI,MNDWI2,NBR,NBR2,NDMI,NDWI,TPI,dryness,elevation,elevation_class,greeness,latitude,longitude,slope,wetness,.geo
0,0.2853,0.25495,0.11095000000000001,0.1316,0.15655000000000002,0.24165,47.98490522000003,-0.36867353,-0.3191049,-0.026782118,0.056177694,-0.08283518,-0.2948426,-3.0661157024793386,0.7495827581855697,-1,1,0.23815891577977727,-7.278779252635247,112.79615016671202,1.3167776,0.012258326034652925,"{""geodesic"":false,""type"":""Point"",""coordinates"":[112.79615016671202,-7.278779252635247]}"
1,0.22415000000000002,0.1563,0.04215,0.07025,0.08130000000000001,0.25870000000000004,44.604483440000024,-0.5227581,-0.37982786,0.24674699,0.17834143,0.07155431,-0.5728834,-3.518181818181818,0.4083112464859281,-1,1,0.58615746801375,-7.283630155169493,112.79129926417777,1.4769055,0.0055312855003219336,"{""geodesic"":false,""type"":""Point"",""coordinates"":[112.79129926417777,-7.283630155169493]}"
2,0.28505,0.29155000000000003,0.12630000000000002,0.15845,0.2303,0.2354,50.03571722000004,-0.2854566,-0.29577777,-0.1065566,-0.01127298,-0.09539821,-0.19537894,-3.975206611570248,0.7454931559589709,-2,1,0.24890255431368155,-7.278240263464776,112.79507218837108,1.4022578,0.005604289727347555,"{""geodesic"":false,""type"":""Point"",""coordinates"":[112.79507218837108,-7.278240263464776]}"
3,0.17515,0.12325,0.041,0.06795000000000001,0.06065,0.2637,45.0932603,-0.4409708,-0.28922594,0.3629668,0.17392762,0.20177737,-0.59023064,-5.1,0.4962961907334172,-2,1,0.5035185669556974,-7.278779252635247,112.79129926417777,1.3909631,1.852423108852838E-4,"{""geodesic"":false,""type"":""Point"",""coordinates"":[112.79129926417777,-7.278779252635247]}"
4,0.2167,0.16640000000000002,0.0682,0.09240000000000001,0.097,0.2195,49.21539242000006,-0.40213522,-0.28593507,0.13760042,0.1312973,0.006419074,-0.4075024,-2.4710743801652892,0.8430034910265735,-1,1,0.15351755856957558,-7.277701274294304,112.79668915588249,0.46373534,0.0034789504038509095,"{""geodesic"":false,""type"":""Point"",""coordinates"":[112.79668915588249,-7.277701274294304]}"
5,0.16444999999999999,0.12065000000000001,0.036449999999999996,0.062450000000000006,0.05345,0.22105000000000002,45.79395440000002,-0.44953725,-0.31785908,0.293825,0.1536303,0.1468223,-0.5594356,-4.180555555555555,0.5027824850904439,-2,1,0.4972175149095561,-7.289559036044682,112.7907602750073,1.4769236,0.0,"{""geodesic"":false,""type"":""Point"",""coordinates"":[112.7907602750073,-7.289559036044682]}"
6,0.20805,0.14440000000000003,0.05535,0.0858,0.09165000000000001,0.19090000000000001,48.012249380000014,-0.4160286,-0.25456125,0.13868178,0.180593,-0.042987842,-0.37983376,-4.262626262626263,0.6206838986457884,-1,1,0.37931152062934786,-7.277701274294304,112.7907602750073,1.6757704,4.580724863693687E-6,"{""geodesic"":false,""type"":""Point"",""coordinates"":[112.7907602750073,-7.277701274294304]}"
7,0.17850000000000002,0.1115,0.035,0.0621,0.0541,0.2412,46.750999999999976,-0.48379052,-0.2845622,0.3677346,0.23103449,0.14939243,-0.59050447,-3.109090909090909,0.7874291026461432,-1,1,0.21256913355108242,-7.285247122680908,112.79938410173484,1.4673688,1.7638027743373508E-6,"{""geodesic"":false,""type"":""Point"",""coordinates"":[112.79938410173484,-7.285247122680908]}"
8,0.26115,0.1564,0.04775,0.08605,0.08605,0.35235000000000005,45.831552620000025,-0.50432026,-0.29016292,0.3851597,0.25086817,0.14865525,-0.6074361,-3.4935064935064934,0.7952135188706495,-2,1,0.20478566375733306,-7.275006328441945,112.7983061233939,0.93493533,8.173720173758457E-7,"{""geodesic"":false,""type"":""Point"",""coordinates"":[112.7983061233939,-7.275006328441945]}"
9,0.2901,0.17945,0.047700000000000006,0.0917,0.10800000000000001,0.3362,46.25196907999998,-0.5196438,-0.3236216,0.30398527,0.23565115,0.0736069,-0.57139516,-2.4318181818181817,0.8342260947266409,-1,1,0.16576031108612269,-7.275545317612417,112.79776713422343,1.4768823,1.359418723635617E-5,"{""geodesic"":false,""type"":""Point"",""coordinates"":[112.79776713422343,-7.275545317612417]}"
10,0.21915,0.1644,0.048049999999999995,0.07715,0.09085000000000001,0.24595,47.01076952000005,-0.47924402,-0.36120886,0.1987328,0.1427454,0.057622015,-0.5224389,-3.7024793388429753,0.6554547652400147,-1,1,0.3263708302909779,-7.279857230976191,112.79507218837108,1.4768939,0.018174404469007487,"{""geodesic"":false,""type"":""Point"",""coordinates"":[112.79507218837108,-7.279857230976191]}"
11,0.24715000000000004,0.17770000000000002,0.06765000000000002,0.1051,0.13305,0.3093,47.13040022000001,-0.40326473,-0.25671852,0.27022588,0.16346946,0.11169018,-0.49276063,-3.652892561983471,0.7083315378753181,-1,1,0.26962355049264775,-7.279857230976191,112.79615016671202,2.5132363,0.02204491163203411,"{""geodesic"":false,""type"":""Point"",""coordinates"":[112.79615016671202,-7.279857230976191]}"
12,0.24515000000000003,0.16685,0.04005,0.07135,0.07305,0.3013,48.67876328,-0.5491311,-0.40092358,0.28719428,0.19004855,0.10275414,-0.617067,-3.4132231404958677,0.8308111000264854,-1,1,0.1691888397461028,-7.287942068533266,112.79722814505297,1.0385473,6.022741180664126E-8,"{""geodesic"":false,""type"":""Point"",""coordinates"":[112.79722814505297,-7.287942068533266]}"
13,0.2494,0.18765,0.060200000000000004,0.08760000000000001,0.10070000000000001,0.26680000000000004,49.53668630000004,-0.4801187,-0.36348775,0.17416658,0.14128818,0.033707865,-0.50564337,-3.15702479338843,0.8497715827081904,-1,1,0.14635347165532991,-7.278779252635247,112.7983061233939,0.46373534,0.003874945636479577,"{""geodesic"":false,""type"":""Point"",""coordinates"":[112.7983061233939,-7.278779252635247]}"
14,0.30995,0.24875,0.12015,0.15465,0.1933,0.3305,47.01076952000005,-0.33426604,-0.23326723,0.14113078,0.10954,0.032086816,-0.3624652,-4.768595041322314,0.6808670723429682,-2,1,0.2979498857749995,-7.279857230976191,112.79561117754155,0.0,0.021183041882032325,"{""geodesic"":false,""type"":""Point"",""coordinates"":[112.79561117754155,-7.279857230976191]}"
15,0.2247,0.14245000000000002,0.041150000000000006,0.06875,0.0663,0.33845000000000003,47.07571189999999,-0.5314364,-0.34895834,0.40756914,0.22402288,0.20198882,-0.6623281,-4.413223140495868,0.6984892571222674,-2,1,0.28480753060475794,-7.279318241805719,112.79561117754155,0.0,0.016703212272974718,"{""geodesic"":false,""type"":""Point"",""coordinates"":[112.79561117754155,-7.279318241805719]}"
16,0.25630000000000003,0.1719,0.05915,0.08685000000000001,0.10065,0.25670000000000004,46.00245361999998,-0.49380738,-0.32869565,0.19785348,0.19710416,7.797271E-4,-0.49439675,-3.446280991735537,0.5813484484210298,-1,1,0.41854484151112265,-7.286864090192323,112.79237724251871,2.3640482,1.0671006784740975E-4,"{""geodesic"":false,""type"":""Point"",""coordinates"":[112.79237724251871,-7.286864090192323]}"
17,0.35175,0.30985,0.1205,0.1471,0.18395,0.26215,49.041073400000016,-0.41024357,-0.3561659,-0.08339161,0.06333132,-0.1459521,-0.281124,-3.8363636363636364,0.8435144009137721,-1,1,0.15501282376965642,-7.279857230976191,112.79938410173484,0.46373534,0.0014727753165716885,"{""geodesic"":false,""type"":""Point"",""coordinates"":[112.79938410173484,-7.279857230976191]}"
18,0.2763,0.22935,0.06525,0.0961,0.12645,0.25834999999999997,47.70462758000002,-0.4838883,-0.4094331,0.059462786,0.09285079,-0.033573367,-0.45775145,-3.4297520661157024,0.7785039478556508,-1,1,0.22149544987023131,-7.287403079362795,112.79722814505297,2.718245,6.022741180664125E-7,"{""geodesic"":false,""type"":""Point"",""coordinates"":[112.79722814505297,-7.287403079362795]}"
19,0.26475000000000004,0.17855000000000001,0.060250000000000005,0.0867,0.0925,0.2579,49.010311220000006,-0.50661546,-0.3462771,0.18180777,0.1944507,-0.013106286,-0.4968079,-3.7454545454545456,0.8322242155387571,-1,1,0.1665825718844037,-7.279318241805719,112.79938410173484,0.46373534,0.0011932125768392187,"{""geodesic"":false,""type"":""Point"",""coordinates"":[112.79938410173484,-7.279318241805719]}"
20,0.1754,0.11325000000000002,0.054900000000000004,0.08585000000000001,0.0819,0.1628,48.72661556000003,-0.3427751,-0.13761929,0.17949647,0.21531266,-0.037256062,-0.30947113,-5.262626262626263,0.6670852044280152,-2,1,0.3329142027621741,-7.277162285123833,112.7907602750073,2.5132256,5.928098104967975E-7,"{""geodesic"":false,""type"":""Point"",""coordinates"":[112.7907602750073,-7.277162285123833]}"
21,0.21200000000000002,0.1292,0.0287,0.0568,0.04675,0.3165,47.2978832,-0.57738096,-0.3892473,0.42023784,0.24267292,0.19772942,-0.6956871,-3.56198347107438,0.7003777084122615,-1,1,0.2996096438312591,-7.286325101021851,112.79722814505297,2.632187,1.2647756479394665E-5,"{""geodesic"":false,""type"":""Point"",""coordinates"":[112.79722814505297,-7.286325101021851]}"
22,0.1887,0.1104,0.0223,0.051750000000000004,0.045,0.29025,45.421390220000035,-0.5695571,-0.3617021,0.44889554,0.26178536,0.21202631,-0.69736844,-4.743801652892563,0.6726457336528621,-2,1,0.32731722648887696,-7.286325101021851,112.79668915588249,0.65848106,3.7039858261084376E-5,"{""geodesic"":false,""type"":""Point"",""coordinates"":[112.79668915588249,-7.286325101021851]}"
23,0.29450000000000004,0.26395,0.0763,0.10220000000000001,0.13705,0.23045000000000002,48.80181200000004,-0.48474917,-0.44175884,-0.0677589,0.054704987,-0.12201162,-0.38554037,-3.5454545454545454,0.8418741239157562,-1,1,0.15812587608424375,-7.288481057703739,112.79561117754155,0.92740995,0.0,"{""geodesic"":false,""type"":""Point"",""coordinates"":[112.79561117754155,-7.288481057703739]}"
24,0.19990000000000002,0.14830000000000002,0.0597,0.08685000000000001,0.09225,0.26085,47.23294082000001,-0.39424586,-0.26132256,0.2750825,0.14819069,0.13228431,-0.5004314,-3.3636363636363638,0.6772831801194008,-1,1,0.3087554390203319,-7.279318241805719,112.79507218837108,1.4768939,0.013961380860267306,"{""geodesic"":false,""type"":""Point"",""coordinates"":[112.79507218837108,-7.279318241805719]}"
25,0.23225,0.18295,0.0615,0.0878,0.09385,0.22700000000000004,48.65825516000001,-0.45133573,-0.35143122,0.10745213,0.11873796,-0.011431682,-0.44218552,-3.3057851239669422,0.8163567748650141,-1,1,0.18364306739652644,-7.287403079362795,112.79776713422343,1.4022857,1.5773845949358423E-7,"{""geodesic"":false,""type"":""Point"",""coordinates"":[112.79776713422343,-7.287403079362795]}"
26,0.191,0.13235,0.05385,0.07725000000000001,0.0763,0.2268,47.90629076000005,-0.42404473,-0.26288167,0.26298204,0.1813824,0.08568693,-0.49185988,-4.5041322314049586,0.7083052347004004,-2,1,0.29168370496561713,-7.28578611185138,112.79776713422343,1.6757795,1.106033398249105E-5,"{""geodesic"":false,""type"":""Point"",""coordinates"":[112.79776713422343,-7.28578611185138]}"
27,0.1661,0.09809999999999999,0.0204,0.05595,0.04415,0.31820000000000004,45.25048922000002,-0.49605945,-0.27361247,0.52870524,0.25738078,0.31406152,-0.7009221,-4.275,0.5088495796685623,-2,1,0.49115042033143763,-7.289559036044682,112.79129926417777,2.381804,0.0,"{""geodesic"":false,""type"":""Point"",""coordinates"":[112.79129926417777,-7.289559036044682]}"
28,0.19455,0.10455,0.023200000000000002,0.0686,0.043800000000000006,0.38035,42.46822094000004,-0.47862434,-0.20762345,0.5687771,0.3009027,0.32318664,-0.69439805,-3.202020202020202,0.45027924485730203,-1,1,0.5477468189285672,-7.284169144339964,112.7907602750073,0.93495387,0.0019739362141307226,"{""geodesic"":false,""type"":""Point"",""coordinates"":[112.7907602750073,-7.284169144339964]}"
29,0.22970000000000002,0.14550000000000002,0.031100000000000003,0.07060000000000001,0.0538,0.40750000000000003,46.884302779999985,-0.5298035,-0.3465988,0.47377938,0.22441365,0.27903327,-0.7046643,-3.3636363636363638,0.7223401024673793,-1,1,0.2600333345072803,-7.279318241805719,112.79615016671202,2.5132363,0.017626563025340318,"{""geodesic"":false,""type"":""Point"",""coordinates"":[112.79615016671202,-7.279318241805719]}"
30,0.3169,0.1923,0.0422,0.08785000000000001,0.07700000000000001,0.37960000000000005,45.011227820000045,-0.56590486,-0.372836,0.3275048,0.24469757,0.090021536,-0.6241309,-4.776859504132231,0.508725670130701,-2,1,0.48845658180400936,-7.285247122680908,112.79237724251871,0.0,0.002817748065289684,"{""geodesic"":false,""type"":""Point"",""coordinates"":[112.79237724251871,-7.285247122680908]}"
31,0.3281,0.21710000000000002,0.058300000000000005,0.10160000000000001,0.1369,0.2987,48.09086384,-0.52711195,-0.3624098,0.15820086,0.20359501,-0.046904914,-0.4923807,-2.4545454545454546,0.8601483436149224,-1,1,0.13977688835527746,-7.276084306782889,112.79776713422343,0.6584737,7.476802979995895E-5,"{""geodesic"":false,""type"":""Point"",""coordinates"":[112.79776713422343,-7.276084306782889]}"
32,0.1809,0.1246,0.0521,0.07740000000000001,0.0767,0.2197,46.730491880000045,-0.40069687,-0.23366337,0.2762126,0.18428805,0.09685472,-0.47896332,-4.685950413223141,0.6839989597051086,-2,1,0.31596206025357865,-7.28578611185138,112.79722814505297,1.3167874,3.898004131285547E-5,"{""geodesic"":false,""type"":""Point"",""coordinates"":[112.79722814505297,-7.28578611185138]}"
33,0.41945,0.3689,0.08905,0.11610000000000001,0.22350000000000003,0.3214,46.83986851999998,-0.56642705,-0.52123713,-0.068810664,0.06412127,-0.13234799,-0.46925715,-5.818181818181818,0.4108808286480573,-3,1,0.5799130027712889,-7.283630155169493,112.79183825334825,0.9349527,0.009206168580653805,"{""geodesic"":false,""type"":""Point"",""coordinates"":[112.79183825334825,-7.283630155169493]}"
34,0.19210000000000002,0.1102,0.0233,0.0779,0.040100000000000004,0.4037,48.565968620000035,-0.42296296,-0.17171717,0.57112277,0.27092293,0.35515273,-0.676495,-3.0795454545454546,0.541531744752692,-1,1,0.4582121510844742,-7.285247122680908,112.79022128583684,0.6584802,2.5610416283378346E-4,"{""geodesic"":false,""type"":""Point"",""coordinates"":[112.79022128583684,-7.285247122680908]}"
35,0.28965,0.24020000000000002,0.10750000000000001,0.13520000000000001,0.18025000000000002,0.2794,46.77150812000002,-0.36354008,-0.27970165,0.07544265,0.0933283,-0.018012477,-0.3478051,-3.669421487603306,0.6927460147255604,-1,1,0.3072174874628849,-7.285247122680908,112.79776713422343,1.4673688,3.64978115548246E-5,"{""geodesic"":false,""type"":""Point"",""coordinates"":[112.79776713422343,-7.285247122680908]}"
36,0.22025,0.1362,0.051750000000000004,0.08965000000000001,0.08595,0.26305,45.87598688000003,-0.42142627,-0.20611025,0.31772074,0.23579745,0.08855783,-0.49163595,-3.5113636363636367,0.8216052319375968,-2,1,0.1783865943422293,-7.275545317612417,112.7983061233939,1.6757679,8.173720173758456E-6,"{""geodesic"":false,""type"":""Point"",""coordinates"":[112.7983061233939,-7.275545317612417]}"
37,0.26775000000000004,0.17895,0.05725000000000001,0.0956,0.1031,0.29965,46.78859822000004,-0.4737856,-0.30358768,0.2521939,0.19879113,0.056221362,-0.51625556,-4.1735537190082646,0.7860035927627176,-1,1,0.2128070153727294,-7.282552176828549,112.79884511256438,2.0764074,0.0011893918645530847,"{""geodesic"":false,""type"":""Point"",""coordinates"":[112.79884511256438,-7.282552176828549]}"
38,0.21245,0.17295,0.06065,0.08775,0.09565000000000001,0.23470000000000002,50.52791209999998,-0.41538975,-0.32681242,0.15147798,0.10249092,0.04975959,-0.45572957,-2.768595041322314,0.8070575849751256,-1,1,0.18945705470362403,-7.277701274294304,112.79561117754155,1.0435942,0.0034853603212503296,"{""geodesic"":false,""type"":""Point"",""coordinates"":[112.79561117754155,-7.277701274294304]}"
39,0.27190000000000003,0.18615,0.061950000000000005,0.09835,0.11220000000000001,0.29085,47.54739866,-0.46873733,-0.3086116,0.21949686,0.18720664,0.033673923,-0.49460432,-1.6333333333333333,0.8603151940516267,0,2,0.13967510503311445,-7.276084306782889,112.79938410173484,1.0435911,9.700915258855432E-6,"{""geodesic"":false,""type"":""Point"",""coordinates"":[112.79938410173484,-7.276084306782889]}"
40,0.24935000000000002,0.162,0.0596,0.09255000000000001,0.1015,0.25439999999999996,45.73926607999999,-0.45861363,-0.27283442,0.22190201,0.21234958,0.010024814,-0.46649373,-0.5681818181818181,0.8223617168020593,1,2,0.17763411890261005,-7.275545317612417,112.79884511256438,2.0864882,4.164295330630624E-6,"{""geodesic"":false,""type"":""Point"",""coordinates"":[112.79884511256438,-7.275545317612417]}"
41,0.29915,0.21555000000000002,0.0827,0.11750000000000001,0.14040000000000002,0.30625,46.815942380000024,-0.43597743,-0.29440024,0.17382139,0.16242471,0.011727783,-0.44542772,-1.8925619834710745,0.6872415090571011,1,2,0.31263876745214336,-7.284708133510437,112.79776713422343,0.92740995,1.1972349075563045E-4,"{""geodesic"":false,""type"":""Point"",""coordinates"":[112.79776713422343,-7.284708133510437]}"
42,0.43270000000000003,0.43205000000000005,0.21905000000000002,0.24060000000000004,0.25885,0.29745,50.288650700000005,-0.28531116,-0.28462052,-0.18450993,7.5166236E-4,-0.18523592,-0.10565933,-0.4049586776859504,0.8816571545815517,1,2,0.11750678712956647,-7.277162285123833,112.79776713422343,1.0385423,8.360582888818539E-4,"{""geodesic"":false,""type"":""Point"",""coordinates"":[112.79776713422343,-7.277162285123833]}"
43,0.28005,0.1985,0.07935,0.10695,0.12825000000000003,0.2676,46.90481090000003,-0.4472868,-0.29972172,0.14825144,0.17041062,-0.022733498,-0.4289147,-1.0303030303030303,0.5779053529235187,1,2,0.4220717434521627,-7.286864090192323,112.7907602750073,1.0385468,2.2903624318468438E-5,"{""geodesic"":false,""type"":""Point"",""coordinates"":[112.7907602750073,-7.286864090192323]}"
44,0.2038,0.1381,0.0378,0.06675,0.07395000000000002,0.24455000000000002,46.93557308000004,-0.5065607,-0.34830365,0.27819157,0.19216146,0.09088881,-0.5711532,-1.272727272727273,0.6361735509410408,1,2,0.3638264490589591,-7.288481057703739,112.79237724251871,2.6321936,0.0,"{""geodesic"":false,""type"":""Point"",""coordinates"":[112.79237724251871,-7.288481057703739]}"
45,0.25229999999999997,0.21225,0.09795000000000001,0.12105,0.12475,0.27605,45.87598688000003,-0.3515468,-0.27362737,0.13065739,0.08621246,0.044951264,-0.3903299,-1.5041322314049586,0.5901450474962993,1,2,0.40972324089002365,-7.286864090192323,112.79291623168919,2.9761984,1.3171161367714286E-4,"{""geodesic"":false,""type"":""Point"",""coordinates"":[112.79291623168919,-7.286864090192323]}"
46,0.2421,0.1831,0.07680000000000001,0.10405,0.11960000000000001,0.24545,49.061581520000004,-0.39881554,-0.27529165,0.1454906,0.13875823,0.0068710903,-0.40457797,-0.6363636363636365,0.8805944459153842,1,2,0.11886633806671086,-7.27662329595336,112.79615016671202,1.0435922,5.392160179048593E-4,"{""geodesic"":false,""type"":""Point"",""coordinates"":[112.79615016671202,-7.27662329595336]}"
47,0.1654,0.09935,0.030400000000000003,0.05115,0.050600000000000006,0.234,44.97021158000001,-0.52759176,-0.32026577,0.4039298,0.24948063,0.17175764,-0.64124143,-1.884297520661157,0.6814995501495591,1,2,0.31847754622612245,-7.286864090192323,112.79615016671202,1.8543341,2.290362431846843E-5,"{""geodesic"":false,""type"":""Point"",""coordinates"":[112.79615016671202,-7.286864090192323]}"
48,0.2746,0.24425000000000002,0.07250000000000001,0.09615000000000001,0.11995,0.22585,47.27737508000001,-0.48132163,-0.4350764,-0.03914061,0.058494747,-0.097412325,-0.40279502,-1.7768595041322315,0.657808743592575,1,2,0.34211648837762476,-7.286864090192323,112.79507218837108,0.0,7.476802979995893E-5,"{""geodesic"":false,""type"":""Point"",""coordinates"":[112.79507218837108,-7.286864090192323]}"
49,0.1864,0.1013,0.033800000000000004,0.0733,0.0519,0.2962,42.79976887999999,-0.4355025,-0.16036655,0.49031445,0.29579422,0.22751762,-0.60324764,-2.272727272727273,0.42456238434915494,0,2,0.572620293479396,-7.283630155169493,112.7907602750073,2.5132551,0.0028173221714490513,"{""geodesic"":false,""type"":""Point"",""coordinates"":[112.7907602750073,-7.283630155169493]}"
50,0.2737,0.16720000000000002,0.04725,0.08415,0.08875,0.33290000000000003,44.754876319999994,-0.5296912,-0.33041576,0.33133373,0.24155137,0.09759314,-0.5964513,-1.553719008264463,0.723450808437295,1,2,0.276525470566369,-7.284708133510437,112.79884511256438,1.91228,2.372099633584428E-5,"{""geodesic"":false,""type"":""Point"",""coordinates"":[112.79884511256438,-7.284708133510437]}"
51,0.22000000000000003,0.17175,0.04555000000000001,0.07355,0.08505000000000001,0.2479,46.65871346000006,-0.49889287,-0.40032613,0.18146074,0.12316529,0.059628125,-0.54238605,-1.512396694214876,0.6543049862347942,1,2,0.33530533352297165,-7.279318241805719,112.7945331992006,2.0764048,0.010389680242234169,"{""geodesic"":false,""type"":""Point"",""coordinates"":[112.7945331992006,-7.279318241805719]}"
52,0.41005,0.35415,0.06705,0.09745000000000001,0.19645,0.35730000000000006,47.39358776000006,-0.6159606,-0.5684234,0.0044275774,0.07314839,-0.06874308,-0.57141286,-1.9256198347107438,0.4253374236659607,1,2,0.5615001981305467,-7.283630155169493,112.79237724251871,2.802869,0.013162378203492482,"{""geodesic"":false,""type"":""Point"",""coordinates"":[112.79237724251871,-7.283630155169493]}"
53,0.1789,0.1268,0.038700000000000005,0.0626,0.06670000000000001,0.2222,45.339357740000025,-0.4815735,-0.33896515,0.27335244,0.17042853,0.10795313,-0.5603933,-1.9256198347107438,0.6367883129978474,1,2,0.36304003887850356,-7.286325101021851,112.79561117754155,1.3167882,1.716481236489276E-4,"{""geodesic"":false,""type"":""Point"",""coordinates"":[112.79561117754155,-7.286325101021851]}"
54,0.2534,0.20065000000000002,0.09265000000000001,0.11680000000000001,0.14475,0.27095,46.95949922,-0.36898974,-0.26413608,0.149067,0.116176635,0.033470012,-0.39754996,-1.9586776859504131,0.6421236808785413,1,2,0.33663151689659065,-7.280396220146662,112.79507218837108,0.46373534,0.021244802224868044,"{""geodesic"":false,""type"":""Point"",""coordinates"":[112.79507218837108,-7.280396220146662]}"
55,0.19365000000000002,0.12815000000000001,0.036449999999999996,0.06390000000000001,0.06810000000000001,0.2222,43.603003580000006,-0.50378567,-0.3345483,0.26844585,0.20354258,0.06865456,-0.55330306,-2.975206611570248,0.36472361859691593,0,2,0.6217436046169807,-7.281474198487606,112.79237724251871,1.4768989,0.013532776786103326,"{""geodesic"":false,""type"":""Point"",""coordinates"":[112.79237724251871,-7.281474198487606]}"
56,0.31810000000000005,0.19390000000000002,0.044550000000000006,0.0865,0.08035,0.3662,44.92235930000004,-0.5724172,-0.38302425,0.30762362,0.24257812,0.07029081,-0.61784846,-1.5702479338842976,0.5312595529189417,1,2,0.4675471742768073,-7.28578611185138,112.79237724251871,1.0385462,0.0011932728042510247,"{""geodesic"":false,""type"":""Point"",""coordinates"":[112.79237724251871,-7.28578611185138]}"
57,0.25315,0.20715,0.08045000000000001,0.1056,0.11380000000000001,0.25945,48.11820799999998,-0.4112892,-0.32470024,0.11208744,0.099934824,0.012290285,-0.42144912,-1.8264462809917354,0.6435848728147386,1,2,0.35630841711741384,-7.286864090192323,112.7945331992006,0.6584815,1.0671006784740974E-4,"{""geodesic"":false,""type"":""Point"",""coordinates"":[112.7945331992006,-7.286864090192323]}"
58,0.2104,0.1669,0.0509,0.07975000000000002,0.09895000000000001,0.2073,48.07035572000001,-0.45028433,-0.3533347,0.10796366,0.11529287,-0.0074215946,-0.44434768,-2.2545454545454544,0.5983683123029508,0,2,0.4016316876970492,-7.288481057703739,112.79183825334825,0.4675127,0.0,"{""geodesic"":false,""type"":""Point"",""coordinates"":[112.79183825334825,-7.288481057703739]}"
59,0.26660000000000006,0.22315000000000002,0.0648,0.097,0.14965,0.24095,47.27737508000001,-0.46644664,-0.39403406,0.038353804,0.088718735,-0.050536893,-0.4259506,-1.0987654320987654,0.526823903028108,1,2,0.47317609697189195,-7.28902004687421,112.7907602750073,2.7802885,0.0,"{""geodesic"":false,""type"":""Point"",""coordinates"":[112.7907602750073,-7.28902004687421]}"
60,0.25125000000000003,0.24630000000000002,0.07215,0.09355,0.10755,0.15510000000000002,49.83063602000004,-0.4573666,-0.449463,-0.22720478,0.009948749,-0.23661868,-0.2475367,-1.603305785123967,0.8261617323324717,0,2,0.17010580976268397,-7.277701274294304,112.79615016671202,0.46373534,0.003732457904844228,"{""geodesic"":false,""type"":""Point"",""coordinates"":[112.79615016671202,-7.277701274294304]}"
61,0.29610000000000003,0.22970000000000002,0.0872,0.12265000000000001,0.1462,0.36305,47.42434994000001,-0.41420895,-0.3038172,0.22496837,0.12628376,0.101570204,-0.49495575,-3.024793388429752,0.6744682723501723,0,2,0.3017619614502801,-7.280396220146662,112.79561117754155,0.92740995,0.023769766199547702,"{""geodesic"":false,""type"":""Point"",""coordinates"":[112.79561117754155,-7.280396220146662]}"
62,0.28005,0.18325000000000002,0.0575,0.08860000000000001,0.10315,0.25655000000000006,47.57816084000001,-0.5193273,-0.34816995,0.16666667,0.2089359,-0.04379426,-0.48660004,-1.8181818181818183,0.793327553646326,1,2,0.20626500791280214,-7.279318241805719,112.79992309090532,1.9259725,4.0743844087192814E-4,"{""geodesic"":false,""type"":""Point"",""coordinates"":[112.79992309090532,-7.279318241805719]}"
63,0.15755,0.09265000000000001,0.03405,0.06935000000000001,0.04465,0.26570000000000005,45.55127498000002,-0.3887175,-0.14382716,0.48290777,0.2593925,0.25552273,-0.5860319,-2.2857142857142856,0.48335603918532805,0,2,0.5166439608146719,-7.290098025215153,112.7907602750073,2.3174627,0.0,"{""geodesic"":false,""type"":""Point"",""coordinates"":[112.7907602750073,-7.290098025215153]}"
64,0.20170000000000002,0.14585,0.05685,0.08574999999999999,0.08085,0.26615,48.46001000000001,-0.4033745,-0.25949913,0.29199028,0.1606963,0.13775782,-0.51264566,-2.4214876033057853,0.7386295848293261,0,2,0.2613678339958823,-7.28578611185138,112.7983061233939,1.869417,2.5811747917131976E-6,"{""geodesic"":false,""type"":""Point"",""coordinates"":[112.7983061233939,-7.28578611185138]}"
65,0.33890000000000003,0.22160000000000002,0.0666,0.1101,0.1416,0.3411,48.43266584000003,-0.50957686,-0.33614713,0.21236894,0.20927744,0.003235294,-0.5119681,-1.4545454545454546,0.8728958915203084,0,2,0.12699739841184404,-7.276084306782889,112.79722814505297,0.6584737,1.0671006784740975E-4,"{""geodesic"":false,""type"":""Point"",""coordinates"":[112.79722814505297,-7.276084306782889]}"
66,0.17445,0.0976,0.034,0.06190000000000001,0.0473,0.34704999999999997,45.61621736000001,-0.47620055,-0.22382446,0.561003,0.28248483,0.33096835,-0.6972735,-2.7386363636363638,0.46103863312826615,0,2,0.5377681542948947,-7.281474198487606,112.79022128583684,1.9259793,0.0011932125768392185,"{""geodesic"":false,""type"":""Point"",""coordinates"":[112.79022128583684,-7.281474198487606]}"
67,0.18230000000000002,0.10785,0.030600000000000002,0.06175,0.04265000000000001,0.2936,45.715339940000035,-0.49395615,-0.27181605,0.4626977,0.2565914,0.23387267,-0.65245533,-1.4049586776859506,0.7437433032154946,1,2,0.2562521160596416,-7.285247122680908,112.79884511256438,1.4769104,4.580724863693687E-6,"{""geodesic"":false,""type"":""Point"",""coordinates"":[112.79884511256438,-7.285247122680908]}"
68,0.18875,0.09755,0.024300000000000002,0.061900000000000004,0.03875,0.42065,43.54831525999998,-0.5060842,-0.22358106,0.62350446,0.31854698,0.38053823,-0.7434463,-2.8585858585858586,0.38447270619256746,0,2,0.6127082078332092,-7.281474198487606,112.7907602750073,1.0385442,0.0028190859742233884,"{""geodesic"":false,""type"":""Point"",""coordinates"":[112.7907602750073,-7.281474198487606]}"
69,0.28295000000000003,0.24570000000000003,0.0616,0.08900000000000001,0.10790000000000001,0.23210000000000003,49.044491419999986,-0.52144104,-0.46818045,-0.028463792,0.0704625,-0.09872828,-0.44565555,-1.4363636363636365,0.8296657366226413,1,2,0.17033426337735874,-7.288481057703739,112.79507218837108,1.4022892,0.0,"{""geodesic"":false,""type"":""Point"",""coordinates"":[112.79507218837108,-7.288481057703739]}"
70,0.17250000000000001,0.1168,0.060200000000000004,0.0855,0.07740000000000001,0.225,45.746102120000046,-0.3372093,-0.15472071,0.3165594,0.1925337,0.13207547,-0.44927537,-2.8677685950413223,0.6639080320928625,0,2,0.33598109927990355,-7.28578611185138,112.79668915588249,2.7079031,1.108686272340588E-4,"{""geodesic"":false,""type"":""Point"",""coordinates"":[112.79668915588249,-7.28578611185138]}"
71,0.2301,0.1323,0.047400000000000005,0.0829,0.0736,0.3431,45.31543160000001,-0.47028753,-0.22955391,0.44341606,0.26986754,0.19713888,-0.6107981,-1.6859504132231407,0.69670767263479,1,2,0.3032391981840807,-7.284708133510437,112.7983061233939,0.46373534,5.312918112942996E-5,"{""geodesic"":false,""type"":""Point"",""coordinates"":[112.7983061233939,-7.284708133510437]}"
72,0.30010000000000003,0.27745000000000003,0.1232,0.14579999999999999,0.16785,0.2338,50.16218395999999,-0.3460417,-0.31104547,-0.085378975,0.039217383,-0.124180555,-0.23182297,-2.2636363636363637,0.9533871928449642,0,2,0.046612807155035796,-7.287942068533266,112.79938410173484,1.3167907,0.0,"{""geodesic"":false,""type"":""Point"",""coordinates"":[112.79938410173484,-7.287942068533266]}"
73,0.24565000000000003,0.18930000000000002,0.06740000000000002,0.0898,0.09735,0.25365000000000004,48.138716120000026,-0.4645998,-0.35650304,0.145276,0.12955512,0.01602243,-0.4770709,-1.8282828282828283,0.8108126375699306,1,2,0.18868446354148413,-7.279857230976191,112.79992309090532,1.9259725,5.028988885854546E-4,"{""geodesic"":false,""type"":""Point"",""coordinates"":[112.79992309090532,-7.279857230976191]}"
74,0.21450000000000002,0.15715,0.05935,0.08975,0.1001,0.23915000000000003,47.55423470000005,-0.41002464,-0.272985,0.20691395,0.15431185,0.054337043,-0.45424142,-3.3388429752066116,0.7779588025207526,0,2,0.21546584111553735,-7.282013187658078,112.79776713422343,1.9259815,0.0065753563637099685,"{""geodesic"":false,""type"":""Point"",""coordinates"":[112.79776713422343,-7.282013187658078]}"
75,0.12150000000000001,0.0741,0.024200000000000003,0.0446,0.0362,0.1782,44.454090560000054,-0.4629741,-0.2485257,0.41260403,0.24233128,0.1891892,-0.5996409,-2.950413223140496,0.6521622905184037,0,2,0.3477502592796531,-7.286325101021851,112.79615016671202,1.4022821,8.74502019432431E-5,"{""geodesic"":false,""type"":""Point"",""coordinates"":[112.79615016671202,-7.286325101021851]}"
76,0.2301,0.1879,0.07785,0.0964,0.11635000000000001,0.17585,48.26518285999998,-0.40949464,-0.32184312,-0.033127148,0.10095694,-0.13363715,-0.29182735,-1.0808080808080809,0.5670381163807295,1,2,0.4328744334173274,-7.286325101021851,112.7907602750073,0.0,8.745020194324312E-5,"{""geodesic"":false,""type"":""Point"",""coordinates"":[112.7907602750073,-7.286325101021851]}"
77,0.1922,0.14335,0.0494,0.0785,0.08545,0.2388,46.457050279999976,-0.42002216,-0.29231462,0.24977103,0.14558189,0.10812065,-0.50520015,-2.1636363636363636,0.552424082902165,1,2,0.4475227879167055,-7.278240263464776,112.79129926417777,2.0864987,5.3129181129429976E-5,"{""geodesic"":false,""type"":""Point"",""coordinates"":[112.79129926417777,-7.278240263464776]}"
78,0.1794,0.1259,0.039400000000000004,0.0609,0.0468,0.2341,49.061581520000004,-0.49313357,-0.34796575,0.30055556,0.17523748,0.13228537,-0.5871186,-1.8068181818181817,0.8270718110425547,1,2,0.17292402466211446,-7.275545317612417,112.79345522085966,0.93493646,4.164295330630625E-6,"{""geodesic"":false,""type"":""Point"",""coordinates"":[112.79345522085966,-7.275545317612417]}"
79,0.25245,0.15739999999999998,0.0408,0.0762,0.0794,0.29960000000000003,46.74416396000004,-0.5362848,-0.34760273,0.31115973,0.23191412,0.08540893,-0.59446514,-0.96875,0.5230707141412096,1,2,0.47692928585879035,-7.289559036044682,112.79022128583684,1.926013,0.0,"{""geodesic"":false,""type"":""Point"",""coordinates"":[112.79022128583684,-7.289559036044682]}"
80,0.3204,0.31735,0.14905000000000002,0.1723,0.19130000000000003,0.21515,51.662694740000006,-0.3005886,-0.296232,-0.19192488,0.0047824383,-0.19652693,-0.11059491,-0.7857142857142858,0.8937972054602665,1,2,0.10620277876588734,-7.275006328441945,112.80046208007579,0.65847284,1.5773845949358428E-8,"{""geodesic"":false,""type"":""Point"",""coordinates"":[112.80046208007579,-7.275006328441945]}"
81,0.2574,0.1797,0.052000000000000005,0.0857,0.0983,0.26630000000000004,50.03571722000004,-0.5004372,-0.35418236,0.1941704,0.17776252,0.016994463,-0.5130682,-1.5454545454545454,0.8490987350052104,1,2,0.14808394282334061,-7.279318241805719,112.79884511256438,1.6809936,0.0028173221714490517,"{""geodesic"":false,""type"":""Point"",""coordinates"":[112.79884511256438,-7.279318241805719]}"
82,0.2613,0.19625000000000004,0.08235,0.11585000000000001,0.12714999999999999,0.26825,49.52985025999999,-0.38565558,-0.25760975,0.15500538,0.14217025,0.01312435,-0.39677167,-1.396694214876033,0.858048730125657,0,2,0.13913352180905317,-7.277701274294304,112.79722814505297,1.4022561,0.0028177480652896844,"{""geodesic"":false,""type"":""Point"",""coordinates"":[112.79722814505297,-7.277701274294304]}"
83,0.24960000000000004,0.20385000000000003,0.0533,0.08105000000000001,0.08499999999999999,0.23825000000000002,46.95949922,-0.5097535,-0.43102843,0.07781045,0.100893155,-0.023265349,-0.49232697,-2.768595041322314,0.7208230475274516,0,2,0.27916877875237467,-7.287403079362795,112.79561117754155,1.0436119,8.173720173758457E-6,"{""geodesic"":false,""type"":""Point"",""coordinates"":[112.79561117754155,-7.287403079362795]}"
84,0.23735,0.14905000000000002,0.04915,0.0888,0.09720000000000001,0.2905,48.08060978000003,-0.4554653,-0.25331092,0.3218064,0.22851966,0.10069148,-0.53176904,-3.3181818181818183,0.6948728076806604,0,2,0.305127015939062,-7.277162285123833,112.79022128583684,3.3016157,1.7638027743373513E-7,"{""geodesic"":false,""type"":""Point"",""coordinates"":[112.79022128583684,-7.277162285123833]}"
85,0.2626,0.216,0.07895,0.10800000000000001,0.1174,0.24870000000000003,49.434145700000045,-0.41716135,-0.33333334,0.07036798,0.097367324,-0.027185606,-0.3944491,-2.4545454545454546,0.8626412297351563,0,2,0.13735877026484378,-7.288481057703739,112.79668915588249,1.8543341,0.0,"{""geodesic"":false,""type"":""Point"",""coordinates"":[112.79668915588249,-7.288481057703739]}"
86,0.25325000000000003,0.16385,0.0349,0.0711,0.0729,0.332,46.063977980000004,-0.5615847,-0.39476484,0.33911467,0.2143371,0.13455789,-0.64723396,-1.8760330578512399,0.4843805729759544,1,2,0.5100865928188486,-7.284708133510437,112.79237724251871,1.91228,0.005532834205196961,"{""geodesic"":false,""type"":""Point"",""coordinates"":[112.79237724251871,-7.284708133510437]}"
87,0.3226,0.3147,0.15775,0.17925000000000002,0.19635000000000002,0.25880000000000003,51.96348050000006,-0.28564313,-0.27421805,-0.09747166,0.012396046,-0.109735124,-0.18160027,-1.8214285714285716,0.9991682566914896,1,2,8.317433085103446E-4,-7.290098025215153,112.80046208007579,1.0385484,0.0,"{""geodesic"":false,""type"":""Point"",""coordinates"":[112.80046208007579,-7.290098025215153]}"
88,0.22705000000000003,0.1458,0.0466,0.08215,0.0849,0.28125,46.80910634000003,-0.4686287,-0.2792279,0.31717598,0.21791606,0.106629945,-0.5478811,-1.4545454545454546,0.8342366609448992,0,2,0.16576139887204913,-7.275006328441945,112.79722814505297,0.46373534,1.9401830517710864E-6,"{""geodesic"":false,""type"":""Point"",""coordinates"":[112.79722814505297,-7.275006328441945]}"
89,0.22810000000000002,0.18075000000000002,0.06365000000000001,0.08675,0.10350000000000001,0.25885,47.352571520000026,-0.44894394,-0.35140187,0.17766151,0.115812644,0.06314817,-0.49797454,-2.87603305785124,0.6250073975752537,0,2,0.3748608908110691,-7.286864090192323,112.79399421003014,1.6757808,1.3171161367714286E-4,"{""geodesic"":false,""type"":""Point"",""coordinates"":[112.79399421003014,-7.286864090192323]}"
90,0.22565000000000002,0.1761,0.0374,0.0696,0.0927,0.26705,46.31349344,-0.5285351,-0.43345544,0.20523524,0.123335406,0.08402679,-0.5865142,-1.8925619834710745,0.6392816852572584,1,2,0.36061146271028066,-7.277701274294304,112.79237724251871,0.6584749,1.0685203246095398E-4,"{""geodesic"":false,""type"":""Point"",""coordinates"":[112.79237724251871,-7.277701274294304]}"
91,0.20925000000000002,0.1771,0.08235,0.10980000000000001,0.1195,0.22635000000000002,48.46001000000001,-0.31170663,-0.23457651,0.12207213,0.0832147,0.0392562,-0.34672022,-2.1404958677685952,0.7279663182707922,0,2,0.2605108872632014,-7.278779252635247,112.79561117754155,1.6809921,0.01152279446600633,"{""geodesic"":false,""type"":""Point"",""coordinates"":[112.79561117754155,-7.278779252635247]}"
92,0.2178,0.1534,0.0488,0.07450000000000001,0.08455,0.2484,47.140654280000035,-0.49024975,-0.3462045,0.23643604,0.17349137,0.06563707,-0.5385568,-2.272727272727273,0.627041840541663,0,2,0.3729581594583369,-7.28902004687421,112.79237724251871,0.65848315,0.0,"{""geodesic"":false,""type"":""Point"",""coordinates"":[112.79237724251871,-7.28902004687421]}"
93,0.15845,0.0897,0.03585,0.0727,0.0512,0.2621,45.274415360000035,-0.37097123,-0.1046798,0.49005118,0.27705017,0.24646297,-0.56571084,-2.414285714285714,0.47572508407703473,0,2,0.5242749159229652,-7.290098025215153,112.79129926417777,1.9122813,0.0,"{""geodesic"":false,""type"":""Point"",""coordinates"":[112.79129926417777,-7.290098025215153]}"
94,0.19225,0.1052,0.023200000000000002,0.05740000000000001,0.0419,0.37,42.461384899999985,-0.54015625,-0.29397294,0.55723906,0.29265422,0.3161405,-0.7313992,-1.9090909090909092,0.34471783092762553,1,2,0.6497332455443092,-7.281474198487606,112.79129926417777,0.65847737,0.0055489235280653075,"{""geodesic"":false,""type"":""Point"",""coordinates"":[112.79129926417777,-7.281474198487606]}"
95,0.21495000000000003,0.17685,0.06290000000000001,0.08715,0.09565000000000001,0.19225,49.50934214000006,-0.42303872,-0.33977273,0.04172311,0.097243495,-0.055746563,-0.3761632,-0.743801652892562,0.7866155762207104,1,2,0.20604358848340504,-7.278240263464776,112.79615016671202,0.65847534,0.007340835295884415,"{""geodesic"":false,""type"":""Point"",""coordinates"":[112.79615016671202,-7.278240263464776]}"
96,0.1946,0.1197,0.037000000000000005,0.08655,0.061700000000000005,0.36145000000000005,48.2378387,-0.38431442,-0.16072728,0.50244206,0.23830736,0.30006295,-0.61361605,-2.3535353535353534,0.5152435011603402,0,2,0.48415184028968006,-7.285247122680908,112.7907602750073,1.4769104,6.046585499795574E-4,"{""geodesic"":false,""type"":""Point"",""coordinates"":[112.7907602750073,-7.285247122680908]}"
97,0.2793,0.22190000000000001,0.057800000000000004,0.08325,0.1043,0.29900000000000004,48.37455950000003,-0.540753,-0.4543667,0.14801306,0.11452514,0.034065366,-0.5644212,-1.5041322314049586,0.8065982114332627,1,2,0.19340161218645993,-7.287942068533266,112.79668915588249,2.632192,1.7638027743373515E-7,"{""geodesic"":false,""type"":""Point"",""coordinates"":[112.79668915588249,-7.287942068533266]}"
98,0.21645,0.14635,0.0407,0.07335,0.0781,0.26644999999999996,47.55423470000005,-0.4937888,-0.33227128,0.29093993,0.19321941,0.103541106,-0.56827545,-3.5041322314049586,0.7201347445743607,0,2,0.25967765077196125,-7.281474198487606,112.79615016671202,0.9349481,0.02018760465367815,"{""geodesic"":false,""type"":""Point"",""coordinates"":[112.79615016671202,-7.281474198487606]}"
99,0.35885,0.33875,0.1609,0.18445,0.19585000000000002,0.2917,49.72467740000002,-0.3210013,-0.2949159,-0.07462923,0.028813073,-0.10322035,-0.22524415,-0.3719008264462811,0.8777125606396218,1,2,0.12109416655612712,-7.277162285123833,112.79722814505297,0.4675011,0.001193272804251025,"{""geodesic"":false,""type"":""Point"",""coordinates"":[112.79722814505297,-7.277162285123833]}"
100,0.29235,0.19005,0.0689,0.0983,0.12065000000000001,0.26955,50.67146894000001,-0.4967362,-0.3181897,0.17297651,0.21206468,-0.040576614,-0.46554303,-0.8363636363636364,0.8610789763094961,1,2,0.13866491952766996,-7.277701274294304,112.79938410173484,0.46750167,2.561041628337835E-4,"{""geodesic"":false,""type"":""Point"",""coordinates"":[112.79938410173484,-7.277701274294304]}"
101,0.2006,0.1434,0.05025,0.07089999999999999,0.08095000000000001,0.20640000000000003,47.63968520000003,-0.4777164,-0.33831078,0.18010291,0.16627906,0.014250615,-0.48864046,-0.7662337662337662,0.8706205131038871,1,2,0.12937691920078942,-7.275006328441945,112.79615016671202,1.4768807,2.567695323356472E-6,"{""geodesic"":false,""type"":""Point"",""coordinates"":[112.79615016671202,-7.275006328441945]}"
102,0.30245,0.20090000000000002,0.0638,0.10255,0.1371,0.28590000000000004,49.97077483999999,-0.49358025,-0.32410613,0.17460969,0.20174828,-0.028129514,-0.47200412,-0.6272727272727272,0.872692835267448,1,2,0.12721971453060885,-7.27662329595336,112.79884511256438,1.038542,8.74502019432431E-5,"{""geodesic"":false,""type"":""Point"",""coordinates"":[112.79884511256438,-7.27662329595336]}"
103,0.22315000000000002,0.14750000000000002,0.043550000000000005,0.0733,0.07300000000000001,0.27990000000000004,44.51561492000002,-0.50548154,-0.33605072,0.30978006,0.2041009,0.11281185,-0.5849377,-2.409090909090909,0.43850717875945894,0,2,0.5576178756040615,-7.284169144339964,112.79129926417777,1.6757776,0.003874945636479575,"{""geodesic"":false,""type"":""Point"",""coordinates"":[112.79129926417777,-7.284169144339964]}"
104,0.2348,0.1549,0.05235,0.0906,0.08900000000000001,0.31020000000000003,46.474140379999994,-0.44314688,-0.26191446,0.33390668,0.2050295,0.13834862,-0.5479042,-1.4545454545454546,0.8104546375797699,0,2,0.18954400300150648,-7.275006328441945,112.79776713422343,1.0435891,1.359418723635617E-6,"{""geodesic"":false,""type"":""Point"",""coordinates"":[112.79776713422343,-7.275006328441945]}"
105,0.24255000000000002,0.13670000000000002,0.028900000000000002,0.067,0.05405,0.37485,44.74120424,-0.5671136,-0.34216985,0.4655459,0.2791035,0.21428572,-0.69672966,-2.0,0.6942765134275937,1,2,0.30553824426152126,-7.284169144339964,112.7983061233939,1.9259905,1.8524231088528376E-4,"{""geodesic"":false,""type"":""Point"",""coordinates"":[112.7983061233939,-7.284169144339964]}"
106,0.2315,0.1456,0.0373,0.07375000000000001,0.06925,0.30890000000000006,49.00347518000001,-0.5167895,-0.3275587,0.35929593,0.22779104,0.14322723,-0.61453027,-1.7438016528925622,0.8137816396638169,1,2,0.17400252904251765,-7.280396220146662,112.79776713422343,1.3167793,0.012215831293665352,"{""geodesic"":false,""type"":""Point"",""coordinates"":[112.79776713422343,-7.280396220146662]}"
107,0.2249,0.1496,0.04945000000000001,0.0732,0.07050000000000001,0.2854,46.01954372,-0.5088896,-0.34290844,0.31218392,0.20106809,0.118557714,-0.5917457,-1.677685950413223,0.701953076105895,1,2,0.2980372229788462,-7.286864090192323,112.79668915588249,2.8191993,9.700915258855432E-6,"{""geodesic"":false,""type"":""Point"",""coordinates"":[112.79668915588249,-7.286864090192323]}"
108,0.25235,0.21955000000000002,0.0668,0.09665000000000001,0.14730000000000001,0.22610000000000002,46.976589320000016,-0.4461318,-0.38867804,0.014697633,0.06950625,-0.054864667,-0.40108442,-1.2222222222222223,0.5426549823150185,1,2,0.45734501768498137,-7.28902004687421,112.79129926417777,1.912281,0.0,"{""geodesic"":false,""type"":""Point"",""coordinates"":[112.79129926417777,-7.28902004687421]}"
109,0.15685,0.0757,0.0106,0.0444,0.01905,0.39855,42.259721720000016,-0.5587578,-0.26061615,0.6807591,0.3489572,0.43518186,-0.7995259,-3.01010101010101,0.3900095581218014,0,2,0.6080141711348673,-7.280935209317135,112.7907602750073,1.4673674,0.001976270743331228,"{""geodesic"":false,""type"":""Point"",""coordinates"":[112.7907602750073,-7.280935209317135]}"
110,0.20800000000000002,0.15860000000000002,0.0685,0.09305000000000001,0.10700000000000001,0.21530000000000002,49.02056528000003,-0.38183028,-0.26048082,0.15164483,0.13475177,0.017245453,-0.39646506,-1.191919191919192,0.5453102319499421,1,2,0.4544336636004268,-7.28578611185138,112.7907602750073,0.65848064,2.561044496309825E-4,"{""geodesic"":false,""type"":""Point"",""coordinates"":[112.7907602750073,-7.28578611185138]}"
111,0.2152,0.15045,0.0636,0.09505000000000001,0.0998,0.27095,48.23442068000003,-0.38726833,-0.22566192,0.28595158,0.17708191,0.11467654,-0.4806011,-0.5454545454545454,0.8303212549275137,1,2,0.16414591086728908,-7.278240263464776,112.79722814505297,1.8543341,0.005532834205196962,"{""geodesic"":false,""type"":""Point"",""coordinates"":[112.79722814505297,-7.278240263464776]}"
112,0.24920000000000003,0.2255,0.11400000000000002,0.13845000000000002,0.1668,0.2465,50.24763446000003,-0.28569585,-0.2391812,0.044491526,0.04992627,-0.005446843,-0.2806858,-1.884297520661157,0.7662278128621235,0,2,0.22690217533183235,-7.278240263464776,112.79561117754155,1.4768906,0.006870011806043983,"{""geodesic"":false,""type"":""Point"",""coordinates"":[112.79561117754155,-7.278240263464776]}"
113,0.1961,0.10540000000000001,0.019,0.0539,0.038200000000000005,0.3115,45.56494706000001,-0.5688,-0.3232894,0.49436316,0.3008292,0.22734436,-0.70498085,-1.0568181818181817,0.51110428565325,1,2,0.48839303055606387,-7.284708133510437,112.79022128583684,1.4673687,5.026837906861451E-4,"{""geodesic"":false,""type"":""Point"",""coordinates"":[112.79022128583684,-7.284708133510437]}"
114,0.25425000000000003,0.163,0.040650000000000006,0.08095,0.08415,0.35675,47.602086980000024,-0.5170048,-0.3363394,0.37277538,0.21869382,0.16775778,-0.63011193,-0.8888888888888888,0.5292865214558687,1,2,0.47071347854413126,-7.28902004687421,112.79022128583684,0.92740995,0.0,"{""geodesic"":false,""type"":""Point"",""coordinates"":[112.79022128583684,-7.28902004687421]}"
115,0.2741,0.2425,0.1058,0.12925,0.1643,0.22870000000000001,48.972713,-0.3591174,-0.3046402,-0.029286927,0.061169185,-0.09029435,-0.2778321,-1.5636363636363635,0.8506830094726583,1,2,0.14931699052734176,-7.288481057703739,112.79615016671202,0.4675127,0.0,"{""geodesic"":false,""type"":""Point"",""coordinates"":[112.79615016671202,-7.288481057703739]}"
116,0.2639,0.2102,0.0451,0.0767,0.11495000000000001,0.25970000000000004,46.258805120000034,-0.5496183,-0.46531892,0.10534156,0.11326724,-0.00802139,-0.54399526,-1.5702479338842976,0.6252096870041034,1,2,0.36778801598177735,-7.279318241805719,112.79399421003014,0.46750343,0.007002297014119284,"{""geodesic"":false,""type"":""Point"",""coordinates"":[112.79399421003014,-7.279318241805719]}"
117,0.25975000000000004,0.21130000000000002,0.10700000000000001,0.13590000000000002,0.16585,0.25725,46.98000734000004,-0.3130292,-0.2171659,0.098068506,0.102855325,-0.00483559,-0.3086608,-2.2231404958677685,0.690950988985453,1,2,0.30868876505278375,-7.284169144339964,112.79776713422343,1.316785,3.6024596176343856E-4,"{""geodesic"":false,""type"":""Point"",""coordinates"":[112.79776713422343,-7.284169144339964]}"
118,0.175,0.1048,0.0215,0.047850000000000004,0.03635000000000001,0.33715,46.38527185999999,-0.57056314,-0.37307566,0.5257382,0.2508935,0.31660646,-0.75142854,-1.9834710743801653,0.4112248473374997,1,2,0.5827064149470479,-7.280396220146662,112.79237724251871,0.467504,0.006068737715452455,"{""geodesic"":false,""type"":""Point"",""coordinates"":[112.79237724251871,-7.280396220146662]}"
119,0.18375000000000002,0.1448,0.06105000000000001,0.08365,0.09060000000000001,0.16290000000000002,46.63478731999999,-0.37434554,-0.26767346,0.05882353,0.11855121,-0.06014712,-0.3214358,-1.2454545454545456,0.57715991357369,1,2,0.4227951309653544,-7.286864090192323,112.79129926417777,0.6584815,4.495546095567151E-5,"{""geodesic"":false,""type"":""Point"",""coordinates"":[112.79129926417777,-7.286864090192323]}"
120,0.1778,0.0897,0.013800000000000002,0.0512,0.027700000000000002,0.3899,44.33445986000004,-0.55283844,-0.27324343,0.6259383,0.3293458,0.37361282,-0.7678531,-2.3434343434343434,0.48175205173088653,0,2,0.5170611083260378,-7.284708133510437,112.7907602750073,0.6584798,0.0011868399430756775,"{""geodesic"":false,""type"":""Point"",""coordinates"":[112.7907602750073,-7.284708133510437]}"
121,0.21825,0.16195,0.06570000000000001,0.09110000000000001,0.10490000000000001,0.22385000000000002,47.157744380000054,-0.4110231,-0.2799842,0.16044582,0.14807996,0.012666818,-0.42149547,-1.3636363636363638,0.5341131707636948,1,2,0.4653841425776471,-7.28578611185138,112.79129926417777,0.46750978,5.026866586581359E-4,"{""geodesic"":false,""type"":""Point"",""coordinates"":[112.79129926417777,-7.28578611185138]}"
122,0.22510000000000002,0.1632,0.0621,0.09185000000000001,0.0946,0.24195,49.24957261999998,-0.42041332,-0.27974907,0.19437246,0.15941283,0.036077507,-0.44967046,-1.462809917355372,0.8707917965200854,0,2,0.1277352517830654,-7.277162285123833,112.79668915588249,0.6584745,0.0014729516968491224,"{""geodesic"":false,""type"":""Point"",""coordinates"":[112.79668915588249,-7.277162285123833]}"
123,0.2324,0.15395,0.048,0.079,0.0877,0.26545,48.78813992000005,-0.492614,-0.32174286,0.265856,0.20305422,0.066385455,-0.54129773,-0.6280991735537189,0.8505729898726823,1,2,0.14555179920342887,-7.278240263464776,112.79776713422343,0.0,0.0038752109238887234,"{""geodesic"":false,""type"":""Point"",""coordinates"":[112.79776713422343,-7.278240263464776]}"
124,0.2074,0.13835,0.029900000000000003,0.061900000000000004,0.05295,0.36545,46.50148453999998,-0.54028964,-0.3817728,0.4507741,0.19971077,0.2759012,-0.7103077,-2.9834710743801653,0.6060500082522883,0,2,0.37624959421745446,-7.280396220146662,112.7945331992006,1.0385436,0.017700397530257275,"{""geodesic"":false,""type"":""Point"",""coordinates"":[112.7945331992006,-7.280396220146662]}"
125,0.2452,0.19765,0.06305000000000001,0.10065,0.13874999999999998,0.24565,47.09963804000006,-0.41795576,-0.325176,0.10827882,0.1073727,9.16777E-4,-0.4187121,-1.8925619834710745,0.6813943507142586,1,2,0.3184987972532805,-7.285247122680908,112.79722814505297,2.3295376,1.0685203246095398E-4,"{""geodesic"":false,""type"":""Point"",""coordinates"":[112.79722814505297,-7.285247122680908]}"
126,0.272,0.24175000000000002,0.08725,0.1092,0.13205,0.21400000000000002,50.24763446000003,-0.4270724,-0.37768912,-0.060888644,0.05888078,-0.11934157,-0.32425743,-0.9595959595959596,0.8947869282992412,1,2,0.10521307170075869,-7.286325101021851,112.79992309090532,0.65848106,0.0,"{""geodesic"":false,""type"":""Point"",""coordinates"":[112.79992309090532,-7.286325101021851]}"
127,0.27655,0.25015,0.1155,0.13735000000000003,0.1524,0.24015000000000003,48.01908542000001,-0.33631313,-0.29109678,-0.020395676,0.05012341,-0.070447065,-0.2723179,-2.340909090909091,0.8007803077311633,1,2,0.19921953453037716,-7.275545317612417,112.79183825334825,1.3167726,1.5773845949358426E-7,"{""geodesic"":false,""type"":""Point"",""coordinates"":[112.79183825334825,-7.275545317612417]}"
128,0.23399999999999999,0.186,0.0746,0.10095000000000001,0.1328,0.2771,46.36818176000003,-0.39722347,-0.2963931,0.19671777,0.114285715,0.08432792,-0.46594366,-1.7933884297520661,0.6276014394157546,1,2,0.35823026845071637,-7.279857230976191,112.7945331992006,2.0764048,0.014168292133529024,"{""geodesic"":false,""type"":""Point"",""coordinates"":[112.7945331992006,-7.279857230976191]}"
129,0.25025000000000003,0.1776,0.05995,0.0877,0.10225000000000001,0.28545,44.54979512,-0.48098832,-0.33886167,0.23291221,0.1698025,0.06570842,-0.52994776,-1.9090909090909092,0.5191123699047431,1,2,0.477408679691406,-7.285247122680908,112.79291623168919,2.9518607,0.0034789504038509086,"{""geodesic"":false,""type"":""Point"",""coordinates"":[112.79291623168919,-7.285247122680908]}"
130,0.3207,0.24365000000000003,0.09745000000000001,0.1275,0.162,0.3038,50.26472455999999,-0.43105757,-0.31294626,0.10987305,0.13652875,-0.027061649,-0.4087642,-0.7768595041322315,0.8632179258450228,1,2,0.13445240616699658,-7.278240263464776,112.7983061233939,1.9122783,0.0023296679879806544,"{""geodesic"":false,""type"":""Point"",""coordinates"":[112.7983061233939,-7.278240263464776]}"
131,0.261,0.21190000000000003,0.08715,0.1157,0.1125,0.25815,48.40532168000004,-0.38571808,-0.2936508,0.09839379,0.10382745,-0.005489743,-0.38103518,-1.0795454545454546,0.874306157738257,1,2,0.12569297470021576,-7.284708133510437,112.80046208007579,0.6584798,8.675615272147133E-7,"{""geodesic"":false,""type"":""Point"",""coordinates"":[112.80046208007579,-7.284708133510437]}"
132,0.31485,0.2156,0.08715,0.1177,0.15255000000000002,0.29675,45.91016708000001,-0.45578545,-0.29372936,0.15838782,0.18710528,-0.029594507,-0.43201834,-1.6363636363636362,0.3821989551441154,1,2,0.6109718242154656,-7.283091165999021,112.79129926417777,2.3174627,0.006829220640418944,"{""geodesic"":false,""type"":""Point"",""coordinates"":[112.79129926417777,-7.283091165999021]}"
133,0.29280000000000006,0.27444999999999997,0.1241,0.1451,0.18180000000000002,0.22810000000000002,48.189986420000025,-0.33729163,-0.30830652,-0.09222963,0.032349054,-0.1242081,-0.22240086,-2.5371900826446283,0.7649137399304317,1,2,0.22538689351558794,-7.282013187658078,112.79722814505297,3.756384,0.009699366553980402,"{""geodesic"":false,""type"":""Point"",""coordinates"":[112.79722814505297,-7.282013187658078]}"
134,0.25805,0.2233,0.09075,0.11385,0.12260000000000001,0.21975,49.403383520000034,-0.38773865,-0.32463294,-0.008012639,0.07219279,-0.08015906,-0.31744605,-2.6666666666666665,0.8888555245339069,0,2,0.11114447546609292,-7.28902004687421,112.79561117754155,1.912281,0.0,"{""geodesic"":false,""type"":""Point"",""coordinates"":[112.79561117754155,-7.28902004687421]}"
135,0.2581,0.19565,0.06440000000000001,0.09645000000000001,0.11185,0.27205,45.81788054000003,-0.45593005,-0.3396097,0.16335258,0.13763085,0.026313307,-0.47652647,-1.6942148760330578,0.5031333525731808,1,2,0.49489261370164095,-7.285247122680908,112.79183825334825,1.8694147,0.0019740337251784095,"{""geodesic"":false,""type"":""Point"",""coordinates"":[112.79183825334825,-7.285247122680908]}"
136,0.22385,0.15965000000000001,0.0412,0.0695,0.0795,0.2972,46.190444720000016,-0.5261633,-0.39341044,0.3010835,0.16740547,0.14077345,-0.62094355,-1.7851239669421486,0.5931503851820747,1,2,0.3965473718717603,-7.279857230976191,112.79399421003014,0.46750343,0.010302242946164886,"{""geodesic"":false,""type"":""Point"",""coordinates"":[112.79399421003014,-7.279857230976191]}"
137,0.266,0.22305000000000003,0.0644,0.09834999999999999,0.11905000000000002,0.25705,45.97510946,-0.46013448,-0.38799006,0.07081858,0.08782333,-0.017111175,-0.4465391,-1.8677685950413223,0.6687242307213705,1,2,0.3312308138176737,-7.286864090192323,112.79561117754155,0.46373534,4.4955460955671507E-5,"{""geodesic"":false,""type"":""Point"",""coordinates"":[112.79561117754155,-7.286864090192323]}"
138,0.2563,0.23125,0.09665000000000001,0.1189,0.13085000000000002,0.21665,49.55719442000003,-0.36620468,-0.3208625,-0.032596562,0.051379345,-0.0838355,-0.29131278,-1.1363636363636362,0.9272869303154256,1,2,0.07271306968457439,-7.287403079362795,112.79938410173484,1.4673697,0.0,"{""geodesic"":false,""type"":""Point"",""coordinates"":[112.79938410173484,-7.287403079362795]}"
139,0.34605,0.28455,0.08310000000000001,0.11285,0.15615,0.29000000000000004,47.226104780000014,-0.50817174,-0.4320584,0.009485684,0.09752616,-0.088122,-0.43974185,-1.7024793388429753,0.4427426063200975,1,2,0.5508104364222203,-7.284169144339964,112.79183825334825,2.498573,0.00644695725768219,"{""geodesic"":false,""type"":""Point"",""coordinates"":[112.79183825334825,-7.284169144339964]}"
140,0.2169,0.1246,0.03745,0.0738,0.0628,0.3141,44.81981870000004,-0.49226007,-0.25604838,0.43195805,0.2702782,0.18305084,-0.61948955,-3.2231404958677685,0.7296586835912026,0,2,0.26913054467344455,-7.283091165999021,112.7983061233939,0.6584786,0.0012107717353528448,"{""geodesic"":false,""type"":""Point"",""coordinates"":[112.7983061233939,-7.283091165999021]}"
141,0.27615,0.17035,0.04435,0.08595,0.098,0.33310000000000006,48.05668364000002,-0.52526927,-0.3293016,0.32326943,0.2369541,0.09347559,-0.5897864,-0.5252525252525253,0.8513926408164516,1,2,0.14856240372259255,-7.276084306782889,112.7983061233939,1.9122778,4.495546095567151E-5,"{""geodesic"":false,""type"":""Point"",""coordinates"":[112.7983061233939,-7.276084306782889]}"
142,0.2084,0.1316,0.044800000000000006,0.0804,0.06935,0.29815,46.05714194000001,-0.44321328,-0.24150944,0.3875509,0.22588235,0.17717895,-0.57522124,-2.0714285714285716,0.5246147413068679,0,2,0.475385258693132,-7.290098025215153,112.79022128583684,0.658484,0.0,"{""geodesic"":false,""type"":""Point"",""coordinates"":[112.79022128583684,-7.290098025215153]}"
143,0.33610000000000007,0.21355000000000002,0.060000000000000005,0.10785,0.13855,0.34565,46.85354060000003,-0.51413447,-0.32887366,0.23623033,0.22296007,0.014008068,-0.524366,-0.4204545454545454,0.8537016451737878,1,2,0.14627895299569457,-7.275545317612417,112.79722814505297,0.46749938,1.940183051771086E-5,"{""geodesic"":false,""type"":""Point"",""coordinates"":[112.79722814505297,-7.275545317612417]}"
144,0.315,0.2247,0.0594,0.0993,0.1192,0.34240000000000004,49.32818708000002,-0.5206372,-0.38703704,0.20754717,0.16731517,0.04167934,-0.55037355,-1.4090909090909092,0.8828303231530948,0,2,0.1167622384060333,-7.27662329595336,112.79722814505297,0.46373534,4.0743844087192814E-4,"{""geodesic"":false,""type"":""Point"",""coordinates"":[112.79722814505297,-7.27662329595336]}"
145,0.2208,0.1506,0.02985,0.062450000000000006,0.057150000000000006,0.3204,44.290025600000035,-0.5590468,-0.41375265,0.36050954,0.18901454,0.18403548,-0.67376256,-1.6611570247933884,0.5375217842799452,1,2,0.4610052640232057,-7.28578611185138,112.79291623168919,0.9349573,0.0014729516968491221,"{""geodesic"":false,""type"":""Point"",""coordinates"":[112.79291623168919,-7.28578611185138]}"
146,0.19395,0.1246,0.05625000000000001,0.08625000000000001,0.08655000000000002,0.25655,44.27977154000001,-0.3843683,-0.18188286,0.34618917,0.21770522,0.13895671,-0.49679112,-1.4343434343434343,0.4057093565296985,1,2,0.5908130404396919,-7.283091165999021,112.7907602750073,1.9747405,0.0034776030306096347,"{""geodesic"":false,""type"":""Point"",""coordinates"":[112.7907602750073,-7.283091165999021]}"
147,0.23665000000000003,0.17855000000000001,0.06970000000000001,0.0953,0.10045000000000001,0.23775000000000002,49.05816349999998,-0.42581713,-0.30399853,0.14220513,0.13993256,0.0023187185,-0.42771354,-2.0,0.819180562413271,1,2,0.18031675379604292,-7.282552176828549,112.79938410173484,2.3242574,5.02683790686145E-4,"{""geodesic"":false,""type"":""Point"",""coordinates"":[112.79938410173484,-7.282552176828549]}"
148,0.3438,0.22540000000000002,0.2089,0.2331,0.2371,0.4224,47.54398064000003,-0.19188768,0.016793894,0.3041062,0.20801124,0.10258418,-0.2887872,-1.8925619834710745,0.7064097436863577,1,2,0.2694148559144021,-7.280396220146662,112.79615016671202,1.9747343,0.024175400399240224,"{""geodesic"":false,""type"":""Point"",""coordinates"":[112.79615016671202,-7.280396220146662]}"
149,0.31585,0.21025000000000002,0.04905,0.08495,0.12764999999999999,0.2842,48.32328919999998,-0.5760978,-0.424458,0.14956012,0.20072229,-0.052745603,-0.5397535,-1.5656565656565657,0.8835963070455126,0,2,0.11627198134081018,-7.276084306782889,112.79668915588249,1.4022509,1.317116136771428E-4,"{""geodesic"":false,""type"":""Point"",""coordinates"":[112.79668915588249,-7.276084306782889]}"
150,0.21595,0.15650000000000003,0.0517,0.08195,0.09385,0.24865,47.140654280000035,-0.44981536,-0.31264415,0.22744663,0.15961874,0.070383124,-0.50423473,-3.2363636363636363,0.607247012431498,0,2,0.3927406495529977,-7.277701274294304,112.79129926417777,2.6321623,1.2338015504389083E-5,"{""geodesic"":false,""type"":""Point"",""coordinates"":[112.79129926417777,-7.277701274294304]}"
151,0.34940000000000004,0.3118,0.14335,0.1835,0.21190000000000003,0.26660000000000006,48.82232012000003,-0.31131545,-0.25903493,-0.078146614,0.056866303,-0.13441558,-0.18462564,-1.509090909090909,0.8847525298639765,0,2,0.11474457124743803,-7.27662329595336,112.79668915588249,0.4675005,5.028988885854546E-4,"{""geodesic"":false,""type"":""Point"",""coordinates"":[112.79668915588249,-7.27662329595336]}"
152,0.26995,0.17435,0.05345,0.08295000000000001,0.0984,0.3049,49.929758600000014,-0.5298951,-0.35522735,0.2724048,0.21516994,0.06079847,-0.57225734,-1.677685950413223,0.8541458287529492,1,2,0.14237656821644132,-7.279857230976191,112.79884511256438,1.6809936,0.0034776030306096347,"{""geodesic"":false,""type"":""Point"",""coordinates"":[112.79884511256438,-7.279857230976191]}"
153,0.1758,0.127,0.07795,0.09785,0.09555,0.24555000000000002,45.36670190000001,-0.28485292,-0.12964198,0.31821233,0.16116248,0.16553934,-0.43011066,-2.0826446280991737,0.6459603765159785,1,2,0.35378095162586454,-7.28578611185138,112.79615016671202,3.5317764,2.5867185815713994E-4,"{""geodesic"":false,""type"":""Point"",""coordinates"":[112.79615016671202,-7.28578611185138]}"
154,0.23015000000000002,0.1565,0.0507,0.07819999999999999,0.07055,0.2659,45.11718644000001,-0.49278417,-0.3336174,0.25899622,0.19048235,0.07206935,-0.54548097,-2.2818181818181817,0.7673389374125515,0,2,0.23265136167218958,-7.284708133510437,112.79938410173484,1.8543341,9.700915258855432E-6,"{""geodesic"":false,""type"":""Point"",""coordinates"":[112.79938410173484,-7.284708133510437]}"
155,0.17170000000000002,0.08835000000000001,0.016050000000000002,0.0508,0.027500000000000004,0.38255000000000006,42.553671440000016,-0.5433708,-0.26985267,0.6247611,0.32051528,0.380424,-0.76554745,-2.0272727272727273,0.35157852881538115,1,2,0.6445231802561342,-7.280935209317135,112.79129926417777,2.4985704,0.003898290928484625,"{""geodesic"":false,""type"":""Point"",""coordinates"":[112.79129926417777,-7.280935209317135]}"
156,0.31015000000000004,0.2924,0.1242,0.1453,0.1627,0.2142,50.715903200000014,-0.3619497,-0.33607495,-0.15436241,0.029458135,-0.18298846,-0.19165507,-1.8068181818181817,0.8738258674313714,1,2,0.12609936453882856,-7.282013187658078,112.80046208007579,1.3909631,7.476802979995895E-5,"{""geodesic"":false,""type"":""Point"",""coordinates"":[112.80046208007579,-7.282013187658078]}"
157,0.20500000000000002,0.1563,0.05935,0.08825,0.09635,0.2207,48.49419020000005,-0.39812446,-0.2782662,0.17082228,0.13479103,0.036880434,-0.42871013,-0.6363636363636365,0.8080355693750276,1,2,0.1851296733646251,-7.278240263464776,112.79668915588249,1.3909631,0.006834757260347168,"{""geodesic"":false,""type"":""Point"",""coordinates"":[112.79668915588249,-7.278240263464776]}"
158,0.3482,0.24000000000000002,0.07300000000000001,0.10940000000000001,0.1424,0.3325,49.39654747999998,-0.52185315,-0.37378362,0.16157205,0.18395104,-0.023064492,-0.50486535,-1.4272727272727272,0.8782203794266086,0,2,0.12149414264142797,-7.27662329595336,112.79776713422343,1.3167742,2.854779319634796E-4,"{""geodesic"":false,""type"":""Point"",""coordinates"":[112.79776713422343,-7.27662329595336]}"
159,0.34850000000000003,0.343,0.1446,0.1661,0.1933,0.2286,51.580662260000054,-0.35445005,-0.34747595,-0.20013995,0.007953724,-0.20776296,-0.15834811,-0.828125,0.898339868562467,1,2,0.10165997369907356,-7.275545317612417,112.80046208007579,1.3909631,1.5773845949358426E-7,"{""geodesic"":false,""type"":""Point"",""coordinates"":[112.80046208007579,-7.275545317612417]}"
160,0.22045,0.14805000000000001,0.0594,0.0981,0.1104,0.23500000000000001,47.865274520000014,-0.38408414,-0.20292504,0.22699386,0.19647218,0.031946428,-0.4109877,-2.2888888888888888,0.7087932433114323,1,2,0.2912066964611558,-7.27662329595336,112.7907602750073,2.7078888,6.022741180664126E-8,"{""geodesic"":false,""type"":""Point"",""coordinates"":[112.7907602750073,-7.27662329595336]}"
161,0.22900000000000004,0.15515,0.047450000000000006,0.0763,0.08815,0.23800000000000002,47.49612836000006,-0.5001638,-0.34067833,0.21073382,0.19224261,0.01927195,-0.5144766,-1.6103896103896105,0.8566552592087697,0,2,0.14334234603461793,-7.275006328441945,112.79668915588249,1.4673656,2.3947566123116883E-6,"{""geodesic"":false,""type"":""Point"",""coordinates"":[112.79668915588249,-7.275006328441945]}"
162,0.26575000000000004,0.23875000000000002,0.08765,0.11080000000000001,0.11735000000000001,0.23825000000000002,46.604025139999976,-0.41149914,-0.36604205,-0.001048218,0.053518336,-0.054563493,-0.36513394,-1.0606060606060606,0.8211366373280389,1,2,0.1788600501643118,-7.284708133510437,112.79992309090532,0.4675086,3.312507649365269E-6,"{""geodesic"":false,""type"":""Point"",""coordinates"":[112.79992309090532,-7.284708133510437]}"
163,0.28400000000000003,0.25615,0.11075000000000002,0.13365,0.14955000000000002,0.24330000000000002,49.43072768000002,-0.35999042,-0.31426373,-0.0257283,0.051559754,-0.07718566,-0.2908874,-1.5,0.868560026505063,1,2,0.1314366609872877,-7.284169144339964,112.80046208007579,1.0436057,3.3125076493652696E-6,"{""geodesic"":false,""type"":""Point"",""coordinates"":[112.80046208007579,-7.284169144339964]}"
164,0.2796,0.20965,0.0641,0.1034,0.1413,0.28765,48.193404439999995,-0.46005222,-0.33940265,0.15684697,0.14297394,0.014191274,-0.47116736,-2.1818181818181817,0.6879122796672165,1,2,0.3118093621412872,-7.284708133510437,112.79722814505297,2.0865214,2.783581914963373E-4,"{""geodesic"":false,""type"":""Point"",""coordinates"":[112.79722814505297,-7.284708133510437]}"
165,0.30025,0.20015,0.0557,0.08685000000000001,0.12235,0.3316,46.86379466000005,-0.5512787,-0.3947735,0.24720263,0.20003997,0.049616206,-0.5848966,-3.206611570247934,0.635307668683126,0,2,0.3420481580845526,-7.280935209317135,112.79507218837108,2.3242543,0.0226441732323214,"{""geodesic"":false,""type"":""Point"",""coordinates"":[112.79507218837108,-7.280935209317135]}"
166,0.1738,0.10995,0.0403,0.06570000000000001,0.05685,0.20955000000000001,46.20753481999998,-0.451357,-0.25192145,0.3117371,0.22502203,0.093256816,-0.5226158,-2.3884297520661155,0.6258754720751087,0,2,0.3716114359202675,-7.278779252635247,112.79345522085966,1.0435964,0.0025130920046237746,"{""geodesic"":false,""type"":""Point"",""coordinates"":[112.79345522085966,-7.278779252635247]}"
167,0.30125,0.264,0.10070000000000001,0.12375,0.15095000000000003,0.22735,49.85114414000003,-0.41764706,-0.3617021,-0.074590415,0.06590004,-0.13980326,-0.29507262,-1.390909090909091,0.8811230709787725,1,2,0.11887692902122741,-7.288481057703739,112.79722814505297,1.9747528,0.0,"{""geodesic"":false,""type"":""Point"",""coordinates"":[112.79722814505297,-7.288481057703739]}"
168,0.3276,0.2133,0.0533,0.0958,0.13130000000000003,0.33655,47.93705294000006,-0.54747283,-0.38013586,0.22415204,0.21131447,0.013475872,-0.55684054,-1.5568181818181819,0.8717165490296112,0,2,0.12825950340426567,-7.275545317612417,112.79668915588249,0.46749938,2.394756612311688E-5,"{""geodesic"":false,""type"":""Point"",""coordinates"":[112.79668915588249,-7.275545317612417]}"
169,0.2048,0.13665,0.034,0.06105000000000001,0.06075,0.2817,47.14749032000003,-0.54071844,-0.38239756,0.34671926,0.19958998,0.15806784,-0.64376366,-2.1616161616161618,0.5692877987898283,1,2,0.4306884802138359,-7.278240263464776,112.7907602750073,1.4673667,2.372099633584429E-5,"{""geodesic"":false,""type"":""Point"",""coordinates"":[112.7907602750073,-7.278240263464776]}"
170,0.17554999999999998,0.09685,0.011700000000000002,0.04675,0.02695,0.37025,45.096678320000024,-0.5793972,-0.3488858,0.5853136,0.28891337,0.35672408,-0.77577937,-1.56198347107438,0.560185537443845,1,2,0.43931156366756957,-7.286325101021851,112.79291623168919,1.4022821,5.028988885854546E-4,"{""geodesic"":false,""type"":""Point"",""coordinates"":[112.79291623168919,-7.286325101021851]}"
171,0.2318,0.15689999999999998,0.0412,0.0708,0.07215,0.3025,45.424808240000004,-0.5320555,-0.37812912,0.31693512,0.19269359,0.13232267,-0.6206804,-2.4958677685950414,0.5549914099779181,0,2,0.44460115158121016,-7.286325101021851,112.79237724251871,1.0385464,4.0743844087192814E-4,"{""geodesic"":false,""type"":""Point"",""coordinates"":[112.79237724251871,-7.286325101021851]}"
172,0.2033,0.1635,0.04775,0.06970000000000001,0.07665,0.20055,48.65825516000001,-0.4893773,-0.40222985,0.101771735,0.108506,-0.006809459,-0.4841813,-1.9431818181818183,0.8162365159238878,1,2,0.18376172027333787,-7.275545317612417,112.79291623168919,0.65847325,1.7638027743373517E-6,"{""geodesic"":false,""type"":""Point"",""coordinates"":[112.79291623168919,-7.275545317612417]}"
173,0.24075000000000002,0.2174,0.0875,0.10565000000000001,0.11985000000000001,0.2086,50.21687228000002,-0.39001155,-0.3459217,-0.020657277,0.05096584,-0.07154779,-0.3276054,-0.9797979797979799,0.9255218898677755,1,2,0.07447811013222437,-7.286864090192323,112.79992309090532,0.6584815,0.0,"{""geodesic"":false,""type"":""Point"",""coordinates"":[112.79992309090532,-7.286864090192323]}"
174,0.17135,0.08615,0.01785,0.0519,0.0329,0.37220000000000003,42.44429480000002,-0.5350504,-0.24809852,0.6240864,0.3308738,0.3695152,-0.7552464,-2.0578512396694215,0.34085836767944167,1,2,0.6498384545873158,-7.281474198487606,112.79183825334825,0.46750516,0.009303177733242358,"{""geodesic"":false,""type"":""Point"",""coordinates"":[112.79183825334825,-7.281474198487606]}"
175,0.2091,0.1572,0.04865,0.08375,0.0869,0.24720000000000003,49.93317662000004,-0.42803484,-0.30483502,0.22255193,0.14168714,0.083497696,-0.49388126,-0.7768595041322315,0.8430625591324021,1,2,0.15546384817900877,-7.277162285123833,112.79561117754155,1.6757698,0.0014735926885890644,"{""geodesic"":false,""type"":""Point"",""coordinates"":[112.79561117754155,-7.277162285123833]}"
176,0.2884,0.20090000000000002,0.0787,0.11755,0.13965,0.2975,46.62795128000005,-0.42086464,-0.26173654,0.19382022,0.1788269,0.015531661,-0.43356222,-1.8925619834710745,0.3810603812337637,1,2,0.6075655687995605,-7.283091165999021,112.79183825334825,2.8191988,0.01137404996667587,"{""geodesic"":false,""type"":""Point"",""coordinates"":[112.79183825334825,-7.283091165999021]}"
177,0.20205,0.11665,0.015550000000000001,0.04445,0.0374,0.2853,45.489750619999995,-0.6393509,-0.44816884,0.41957954,0.2679636,0.17082179,-0.7304018,-1.4545454545454546,0.5071543312711353,1,2,0.49284566872886465,-7.290098025215153,112.79183825334825,1.6810211,0.0,"{""geodesic"":false,""type"":""Point"",""coordinates"":[112.79183825334825,-7.290098025215153]}"
178,0.28465,0.184,0.0483,0.09185000000000001,0.1097,0.29835,48.029339479999976,-0.512085,-0.33405837,0.23706852,0.21476582,0.023499142,-0.5292158,-1.606060606060606,0.8510561107782987,0,2,0.14892098559738282,-7.276084306782889,112.79884511256438,0.46749994,2.2903624318468438E-5,"{""geodesic"":false,""type"":""Point"",""coordinates"":[112.79884511256438,-7.276084306782889]}"
179,0.30005000000000004,0.2495,0.0674,0.10225000000000001,0.15985,0.26539999999999997,47.178252499999985,-0.49167287,-0.41862118,0.030879783,0.091984354,-0.061278626,-0.44376445,-3.2644628099173554,0.6760197078213325,0,2,0.30010973110350336,-7.280935209317135,112.79561117754155,2.0764058,0.023870561075164103,"{""geodesic"":false,""type"":""Point"",""coordinates"":[112.79561117754155,-7.280935209317135]}"
180,0.20675,0.12405,0.043000000000000003,0.0696,0.066,0.32535000000000003,46.4604683,-0.49629092,-0.28117737,0.44793057,0.25,0.22289044,-0.64755034,-1.5681818181818183,0.4567074515829808,1,2,0.5418197731004475,-7.282013187658078,112.79022128583684,1.4673678,0.0014727753165716885,"{""geodesic"":false,""type"":""Point"",""coordinates"":[112.79022128583684,-7.282013187658078]}"
181,0.24905,0.20375000000000001,0.0713,0.09725,0.09684999999999999,0.2394,48.65825516000001,-0.43834826,-0.3538206,0.0804468,0.10004417,-0.019756373,-0.42224863,0.31818181818181834,0.9023153043525389,3,3,0.09768469564746111,-7.289559036044682,112.79507218837108,0.65848356,0.0,"{""geodesic"":false,""type"":""Point"",""coordinates"":[112.79507218837108,-7.289559036044682]}"
182,0.3053,0.29790000000000005,0.13470000000000001,0.1543,0.17235,0.21575,48.55913257999998,-0.32854655,-0.31755862,-0.1599338,0.012267904,-0.17186451,-0.16605864,1.1704545454545454,0.8518205696266105,3,3,0.14816972945813062,-7.277162285123833,112.80046208007579,1.0385423,9.700915258855432E-6,"{""geodesic"":false,""type"":""Point"",""coordinates"":[112.80046208007579,-7.277162285123833]}"
183,0.2581,0.24795,0.0953,0.11695,0.13010000000000002,0.21285,49.153868060000036,-0.3763498,-0.35900247,-0.076171875,0.020057306,-0.09608239,-0.2907823,0.2597402597402598,0.8579597977916387,3,3,0.14203938483634396,-7.275006328441945,112.79399421003014,0.46373534,8.173720173758457E-7,"{""geodesic"":false,""type"":""Point"",""coordinates"":[112.79399421003014,-7.275006328441945]}"
184,0.22210000000000002,0.15975,0.05215,0.08,0.07155,0.29425,45.71192192000001,-0.47037405,-0.33263817,0.2962555,0.16328402,0.1397308,-0.5724783,-0.024793388429752206,0.49976565514066046,3,3,0.4933995875989925,-7.284708133510437,112.79291623168919,2.5132606,0.006834757260347167,"{""geodesic"":false,""type"":""Point"",""coordinates"":[112.79291623168919,-7.284708133510437]}"
185,0.2037,0.13515,0.0405,0.0675,0.0709,0.25845,46.09132213999999,-0.5022124,-0.33382678,0.3132622,0.2023019,0.11846803,-0.58582604,-0.9669421487603307,0.39549786032210726,2,3,0.588214160993661,-7.283091165999021,112.79237724251871,2.38177,0.016287978684231815,"{""geodesic"":false,""type"":""Point"",""coordinates"":[112.79237724251871,-7.283091165999021]}"
186,0.1925,0.14500000000000002,0.0601,0.08075000000000002,0.08270000000000001,0.19515,47.65677530000005,-0.40896615,-0.28460687,0.14743495,0.14074074,0.006836063,-0.414643,-0.32098765432098775,0.7494564294505975,3,3,0.2505435547755566,-7.276084306782889,112.7907602750073,1.0385418,1.5773845949358428E-8,"{""geodesic"":false,""type"":""Point"",""coordinates"":[112.7907602750073,-7.276084306782889]}"
187,0.20340000000000003,0.17830000000000001,0.1041,0.1326,0.15225,0.2021,46.258805120000034,-0.21071428,-0.14699261,0.06256572,0.06575845,-0.0032059187,-0.20764863,-0.09090909090909083,0.6281303354666464,3,3,0.37136458598605515,-7.28578611185138,112.79561117754155,2.4985743,5.050785472984568E-4,"{""geodesic"":false,""type"":""Point"",""coordinates"":[112.79561117754155,-7.28578611185138]}"
188,0.26560000000000006,0.23410000000000003,0.06920000000000001,0.1119,0.17420000000000002,0.21745,50.18611010000001,-0.40715232,-0.3531792,-0.036872994,0.06303782,-0.09967912,-0.32047972,0.00909090909090926,0.858432064839331,3,3,0.13998880253680474,-7.280396220146662,112.79938410173484,3.37429,0.001579132623864231,"{""geodesic"":false,""type"":""Point"",""coordinates"":[112.79938410173484,-7.280396220146662]}"
189,0.29000000000000004,0.24455,0.060300000000000006,0.09115000000000001,0.11410000000000001,0.2491,48.53862446000005,-0.52171063,-0.4569556,0.009217056,0.08502479,-0.07586718,-0.46421748,-0.38181818181818183,0.8076862303465949,2,3,0.19231376965340508,-7.288481057703739,112.7945331992006,1.9260085,0.0,"{""geodesic"":false,""type"":""Point"",""coordinates"":[112.7945331992006,-7.288481057703739]}"
190,0.24935000000000002,0.1971,0.05315,0.08845,0.1063,0.2605,49.321351040000025,-0.47631735,-0.3804938,0.13854896,0.11703438,0.021869177,-0.49305058,0.3232323232323231,0.8987075673975691,3,3,0.10129243260243093,-7.28902004687421,112.79615016671202,3.2889433,0.0,"{""geodesic"":false,""type"":""Point"",""coordinates"":[112.79615016671202,-7.28902004687421]}"
191,0.21625,0.1598,0.062400000000000004,0.09585,0.09025,0.25734999999999997,48.371141480000006,-0.38577378,-0.2501467,0.23384874,0.15011302,0.0867821,-0.45724803,-0.3223140495867769,0.7758237189756201,2,3,0.22417568821456937,-7.28578611185138,112.79884511256438,1.9747467,5.928098104967975E-7,"{""geodesic"":false,""type"":""Point"",""coordinates"":[112.79884511256438,-7.28578611185138]}"
192,0.17735,0.12355000000000001,0.044550000000000006,0.0714,0.0734,0.23375,47.50638242000002,-0.42592964,-0.26750448,0.3084243,0.17879695,0.13719289,-0.53203344,0.5844155844155843,0.5731385052412077,3,3,0.4268614947587922,-7.290098025215153,112.79237724251871,1.4769253,0.0,"{""geodesic"":false,""type"":""Point"",""coordinates"":[112.79237724251871,-7.290098025215153]}"
193,0.3286,0.31484999999999996,0.12545,0.1555,0.20355,0.227,50.79109964000003,-0.35757074,-0.33879027,-0.16212974,0.021369182,-0.18286537,-0.18692811,0.5909090909090908,0.9829413650847063,3,3,0.01705863491529369,-7.287942068533266,112.80046208007579,0.4675121,0.0,"{""geodesic"":false,""type"":""Point"",""coordinates"":[112.80046208007579,-7.287942068533266]}"
194,0.2131,0.14900000000000002,0.03610000000000001,0.06505,0.06355000000000001,0.2892,46.33400156000005,-0.53226674,-0.3921981,0.31994522,0.17702292,0.15150309,-0.63274527,-0.4628099173553717,0.5552259684473965,2,3,0.44448855362064005,-7.286325101021851,112.79183825334825,0.9349585,2.854779319634796E-4,"{""geodesic"":false,""type"":""Point"",""coordinates"":[112.79183825334825,-7.286325101021851]}"
195,0.2895,0.25070000000000003,0.11730000000000002,0.13795000000000002,0.15130000000000002,0.24960000000000002,49.88532434000001,-0.3545444,-0.29010677,-0.0021986808,0.07182525,-0.07401224,-0.28809187,-0.2892561983471076,0.8148844389217513,2,3,0.18511540333978913,-7.286864090192323,112.7983061233939,0.46751094,1.5773845949358426E-7,"{""geodesic"":false,""type"":""Point"",""coordinates"":[112.7983061233939,-7.286864090192323]}"
196,0.2494,0.1936,0.08355000000000001,0.1062,0.1145,0.24165000000000003,49.208556380000005,-0.40269965,-0.2915277,0.110396326,0.12595937,-0.015782507,-0.389392,-0.3801652892561984,0.7348818429998478,2,3,0.26511484449250294,-7.286325101021851,112.79776713422343,2.3242648,3.3125076493652696E-6,"{""geodesic"":false,""type"":""Point"",""coordinates"":[112.79776713422343,-7.286325101021851]}"
197,0.24235,0.1701,0.05595,0.09090000000000001,0.09555000000000001,0.2983,45.44531635999999,-0.4544636,-0.3034483,0.2736977,0.17517275,0.103486545,-0.532888,-0.25619834710743783,0.7620992898895326,3,3,0.23554552290771247,-7.282552176828549,112.7983061233939,2.976187,0.002355187202754725,"{""geodesic"":false,""type"":""Point"",""coordinates"":[112.7983061233939,-7.282552176828549]}"
198,0.1782,0.14725,0.0498,0.07100000000000001,0.0764,0.203,49.39996550000001,-0.43017656,-0.34937,0.15917201,0.09509909,0.06505771,-0.48175183,-1.2857142857142856,0.8485624486744686,2,3,0.15143753555168551,-7.275006328441945,112.79183825334825,1.0435891,1.5773845949358425E-8,"{""geodesic"":false,""type"":""Point"",""coordinates"":[112.79183825334825,-7.275006328441945]}"
199,0.2565,0.17460000000000003,0.07370000000000002,0.10175000000000001,0.1079,0.33395,46.36134572000003,-0.4319609,-0.26361498,0.31334186,0.18997912,0.13117114,-0.5329355,0.3884297520661155,0.541518962703424,3,3,0.45581504940316503,-7.279318241805719,112.79291623168919,0.46373534,0.0026659878934109063,"{""geodesic"":false,""type"":""Point"",""coordinates"":[112.79291623168919,-7.279318241805719]}"
200,0.32655,0.3347,0.15445,0.17070000000000002,0.19895000000000002,0.21225,52.68810073999998,-0.31342384,-0.32449543,-0.22387786,-0.012325142,-0.21213809,-0.1084998,0.3250000000000002,0.9914315034100096,3,3,0.008568496589990336,-7.289559036044682,112.79938410173484,1.038548,0.0,"{""geodesic"":false,""type"":""Point"",""coordinates"":[112.79938410173484,-7.289559036044682]}"
201,0.31695,0.2548,0.11065,0.1422,0.18220000000000003,0.25415,51.19784402000005,-0.38059458,-0.2836272,-0.0012771392,0.108701356,-0.10996323,-0.28245237,1.43801652892562,0.8771308427107993,3,3,0.12168230444025092,-7.277701274294304,112.7983061233939,0.6584749,0.0011868528489496362,"{""geodesic"":false,""type"":""Point"",""coordinates"":[112.7983061233939,-7.277701274294304]}"
202,0.33185000000000003,0.32084999999999997,0.13290000000000002,0.1559,0.19014999999999999,0.2374,51.515719880000006,-0.36073807,-0.34598845,-0.14948499,0.016853072,-0.16592006,-0.20722096,-0.48484848484848486,0.9570185705289036,2,3,0.04298142947109622,-7.28902004687421,112.7983061233939,0.92740995,0.0,"{""geodesic"":false,""type"":""Point"",""coordinates"":[112.7983061233939,-7.28902004687421]}"
203,0.16695,0.09395,0.013250000000000001,0.0409,0.0264,0.32035,47.04494971999998,-0.606447,-0.39340007,0.5464639,0.27980068,0.31479582,-0.77356404,-0.27272727272727293,0.6035267726609289,2,3,0.39647322733907114,-7.289559036044682,112.79237724251871,1.4673704,0.0,"{""geodesic"":false,""type"":""Point"",""coordinates"":[112.79237724251871,-7.289559036044682]}"
204,0.21385,0.1489,0.0324,0.0605,0.0528,0.28025,48.418993760000035,-0.5589575,-0.42215854,0.30607015,0.17904893,0.13438575,-0.644901,0.09090909090909083,0.9187382313360879,3,3,0.08126176866391227,-7.290098025215153,112.79507218837108,0.658484,0.0,"{""geodesic"":false,""type"":""Point"",""coordinates"":[112.79507218837108,-7.290098025215153]}"
205,0.24435,0.19105,0.05895,0.0898,0.0892,0.24930000000000002,47.96439710000004,-0.46251684,-0.36051273,0.13228114,0.12241617,0.010027347,-0.47036272,0.22077922077922096,0.8827469888046429,3,3,0.11725301119535723,-7.290098025215153,112.7945331992006,1.3909631,0.0,"{""geodesic"":false,""type"":""Point"",""coordinates"":[112.7945331992006,-7.290098025215153]}"
206,0.23515000000000003,0.14525,0.0245,0.05945,0.04055,0.3758,44.864252960000044,-0.59640193,-0.41914997,0.44247192,0.23633018,0.23021524,-0.7268237,-1.1487603305785123,0.7056382061633527,2,3,0.29383970821544353,-7.283630155169493,112.7983061233939,1.0436046,5.22085621203856E-4,"{""geodesic"":false,""type"":""Point"",""coordinates"":[112.7983061233939,-7.283630155169493]}"
207,0.2716,0.21975,0.06025,0.09475,0.13665,0.2584,48.90093458000001,-0.4827351,-0.3974563,0.08083238,0.10552559,-0.024905661,-0.4634008,0.8999999999999999,0.5842373337756093,3,3,0.4157618488523733,-7.287942068533266,112.79129926417777,1.043613,8.173720173758457E-7,"{""geodesic"":false,""type"":""Point"",""coordinates"":[112.79129926417777,-7.287942068533266]}"
208,0.28605,0.19285000000000002,0.05435,0.09625,0.11755,0.3053,49.81696394000005,-0.49646875,-0.33414045,0.22573522,0.19461265,0.032552633,-0.52060765,0.4818181818181819,0.8741890761516,2,3,0.12563927572475106,-7.27662329595336,112.7983061233939,0.6584741,1.716481236489276E-4,"{""geodesic"":false,""type"":""Point"",""coordinates"":[112.7983061233939,-7.27662329595336]}"
209,0.1627,0.08445,0.01085,0.042300000000000004,0.022600000000000002,0.35845000000000005,45.045408020000025,-0.58731705,-0.3325444,0.6186498,0.31660935,0.37561163,-0.78889585,-1.1818181818181817,0.41143841578319607,2,3,0.5864559966164079,-7.279857230976191,112.79183825334825,1.3167784,0.0021055876003960596,"{""geodesic"":false,""type"":""Point"",""coordinates"":[112.79183825334825,-7.279857230976191]}"
210,0.25195,0.20400000000000001,0.05775,0.0901,0.10235,0.23695,48.36088742000004,-0.47317645,-0.38728324,0.074725024,0.10516504,-0.03068112,-0.44901392,-0.6280991735537191,0.7827566242243837,2,3,0.2172425584035989,-7.287942068533266,112.79561117754155,0.6584823,8.173720173758457E-7,"{""geodesic"":false,""type"":""Point"",""coordinates"":[112.79561117754155,-7.287942068533266]}"
211,0.30015000000000003,0.2852,0.12345,0.13525,0.16375,0.20585,50.69197706,-0.3787322,-0.35664168,-0.1615925,0.025540275,-0.18636364,-0.20697743,0.7613636363636362,0.9695089939545706,3,3,0.030491006045429418,-7.287403079362795,112.80046208007579,0.6584819,0.0,"{""geodesic"":false,""type"":""Point"",""coordinates"":[112.80046208007579,-7.287403079362795]}"
212,0.17520000000000002,0.08895,0.01485,0.05425000000000001,0.027000000000000003,0.3881,44.57713927999998,-0.52713007,-0.24231844,0.6270831,0.326519,0.37795135,-0.75471914,-0.5090909090909093,0.47113851082357183,2,3,0.5265318211884475,-7.284708133510437,112.79129926417777,1.3167858,0.002329667987980654,"{""geodesic"":false,""type"":""Point"",""coordinates"":[112.79129926417777,-7.284708133510437]}"
213,0.19615,0.15860000000000002,0.0521,0.08205000000000001,0.08555,0.22160000000000002,49.56061244,-0.41013658,-0.31809682,0.16570227,0.10584919,0.060921606,-0.45957518,0.39669421487603307,0.8596542408860569,2,3,0.1387662100605457,-7.277162285123833,112.79615016671202,0.6584745,0.001579549053397294,"{""geodesic"":false,""type"":""Point"",""coordinates"":[112.79615016671202,-7.277162285123833]}"
214,0.28185000000000004,0.26990000000000003,0.11560000000000001,0.1355,0.15345,0.21000000000000002,50.34675704000006,-0.3506649,-0.33152443,-0.12481767,0.02165836,-0.14608112,-0.21562952,-0.26262626262626254,0.9711687771055851,2,3,0.028831222894414914,-7.287942068533266,112.79992309090532,1.6810153,0.0,"{""geodesic"":false,""type"":""Point"",""coordinates"":[112.79992309090532,-7.287942068533266]}"
215,0.1786,0.13545000000000001,0.0439,0.0681,0.0615,0.24615,46.06739600000003,-0.44791245,-0.33087695,0.29009435,0.1373985,0.15903473,-0.5665871,0.27272727272727293,0.6055530175652521,3,3,0.39430575919196337,-7.286864090192323,112.79345522085966,0.6584815,1.4122324278460598E-4,"{""geodesic"":false,""type"":""Point"",""coordinates"":[112.79345522085966,-7.286864090192323]}"
216,0.32420000000000004,0.3109,0.12235000000000001,0.14175000000000001,0.16325,0.21855000000000002,51.273040460000004,-0.39156562,-0.37368828,-0.17442629,0.020941583,-0.19465683,-0.2131557,-0.75,0.8759927529141199,2,3,0.12396229162492459,-7.282552176828549,112.80046208007579,1.0385447,4.495546095567152E-5,"{""geodesic"":false,""type"":""Point"",""coordinates"":[112.80046208007579,-7.282552176828549]}"
217,0.1472,0.09330000000000001,0.036699999999999997,0.07385,0.0575,0.19305,47.23294082000001,-0.33182538,-0.11636255,0.34834993,0.22411643,0.13475385,-0.44660923,0.4375,0.8383096784064682,2,3,0.16168855779075741,-7.275545317612417,112.79938410173484,1.4673657,1.7638027743373517E-6,"{""geodesic"":false,""type"":""Point"",""coordinates"":[112.79938410173484,-7.275545317612417]}"
218,0.1938,0.12855,0.04915,0.0815,0.08455000000000001,0.24365,45.78711836000002,-0.40791863,-0.22399428,0.30924234,0.20241973,0.11395588,-0.4986929,0.06818181818181834,0.7398922931713552,3,3,0.26000099676079746,-7.279318241805719,112.80046208007579,0.6584761,1.0671006784740976E-4,"{""geodesic"":false,""type"":""Point"",""coordinates"":[112.80046208007579,-7.279318241805719]}"
219,0.26045,0.17755,0.05915000000000001,0.09075,0.10585,0.31365,47.53030855999998,-0.48320046,-0.32351846,0.27707654,0.18926941,0.09266678,-0.5511869,-0.1322314049586777,0.7457081215730724,3,3,0.23345961819908925,-7.280935209317135,112.79668915588249,0.46373534,0.020832260227838503,"{""geodesic"":false,""type"":""Point"",""coordinates"":[112.79668915588249,-7.280935209317135]}"
220,0.25585,0.2298,0.13725,0.15760000000000002,0.17825000000000002,0.20245000000000002,47.93705294000006,-0.23763454,-0.18637067,-0.06327357,0.053639453,-0.116517566,-0.12456603,-1.4049586776859506,0.7751291495754286,2,3,0.21133807363846813,-7.281474198487606,112.79722814505297,0.46373534,0.013532776786103326,"{""geodesic"":false,""type"":""Point"",""coordinates"":[112.79722814505297,-7.281474198487606]}"
221,0.27535000000000004,0.18525,0.0518,0.0809,0.10445000000000002,0.245,47.636267180000004,-0.5458246,-0.39207214,0.13887274,0.19561441,-0.058326125,-0.5035287,0.125,0.7620430866009258,3,3,0.23782520178539712,-7.279857230976191,112.80046208007579,0.6584761,1.3171161367714286E-4,"{""geodesic"":false,""type"":""Point"",""coordinates"":[112.80046208007579,-7.279857230976191]}"
222,0.227,0.1506,0.0448,0.08030000000000001,0.07680000000000001,0.32130000000000003,47.53714460000003,-0.47738367,-0.3044608,0.36172917,0.20233051,0.17198613,-0.6000996,-1.4628099173553717,0.7501929398760093,2,3,0.23241331906486298,-7.281474198487606,112.79668915588249,2.0764062,0.01739374105912779,"{""geodesic"":false,""type"":""Point"",""coordinates"":[112.79668915588249,-7.281474198487606]}"
223,0.15975,0.10365,0.02815,0.05055,0.04190000000000001,0.23255000000000003,46.64845939999998,-0.5192582,-0.34435797,0.38340273,0.21298406,0.18557227,-0.64288235,-0.834710743801653,0.622614524826194,2,3,0.3770999972418426,-7.286325101021851,112.79507218837108,1.681011,2.854779319634796E-4,"{""geodesic"":false,""type"":""Point"",""coordinates"":[112.79507218837108,-7.286325101021851]}"
224,0.36005000000000004,0.3577,0.15335000000000001,0.17295,0.21225,0.24530000000000002,49.66998908000005,-0.3510319,-0.3481579,-0.18640132,0.0032741206,-0.18955976,-0.17298266,1.1625,0.8826133730099248,3,3,0.1173833144824259,-7.27662329595336,112.80046208007579,1.0435922,3.3125076493652687E-6,"{""geodesic"":false,""type"":""Point"",""coordinates"":[112.80046208007579,-7.27662329595336]}"
225,0.33035000000000003,0.27795000000000003,0.15825,0.19875,0.23995,0.32410000000000005,46.80227030000003,-0.24872425,-0.16614223,0.07665476,0.086141706,-0.009550004,-0.23974371,-0.36363636363636376,0.7036733230613073,3,3,0.29538392435580935,-7.283630155169493,112.79776713422343,1.3167841,9.427525828833141E-4,"{""geodesic"":false,""type"":""Point"",""coordinates"":[112.79776713422343,-7.283630155169493]}"
226,0.21180000000000002,0.1874,0.067,0.08580000000000002,0.10165,0.18785000000000002,49.95710276,-0.4233871,-0.37188873,0.0011992005,0.061122246,-0.059927437,-0.37292162,0.5858585858585861,0.8432701902845584,3,3,0.15665504168564165,-7.276084306782889,112.7945331992006,1.6809849,7.476802979995895E-5,"{""geodesic"":false,""type"":""Point"",""coordinates"":[112.7945331992006,-7.276084306782889]}"
227,0.24085,0.1755,0.058,0.08900000000000001,0.0978,0.2876,49.31109698,-0.46036077,-0.32703215,0.24206434,0.1569593,0.08846627,-0.52734995,-0.330578512396694,0.8627124856464563,2,3,0.1372874985796978,-7.287942068533266,112.79776713422343,2.9814959,1.5773845949358428E-8,"{""geodesic"":false,""type"":""Point"",""coordinates"":[112.79776713422343,-7.287942068533266]}"
228,0.29625,0.19355,0.042,0.08335000000000001,0.10650000000000001,0.33255,47.41751390000002,-0.56085354,-0.39797762,0.26420832,0.20967741,0.057729006,-0.5991825,0.7024793388429753,0.6959897793806838,3,3,0.30154899875611785,-7.278240263464776,112.79399421003014,1.3909631,0.002461221863198303,"{""geodesic"":false,""type"":""Point"",""coordinates"":[112.79399421003014,-7.278240263464776]}"
229,0.22995000000000002,0.13340000000000002,0.03900000000000001,0.07515,0.06655,0.32075,45.404300120000016,-0.50737464,-0.2793095,0.4125289,0.26572177,0.16488107,-0.6203587,-1.0909090909090908,0.7528712473582044,2,3,0.24652170220317565,-7.283091165999021,112.79884511256438,3.1129096,6.070504386198784E-4,"{""geodesic"":false,""type"":""Point"",""coordinates"":[112.79884511256438,-7.283091165999021]}"
230,0.29100000000000004,0.23665000000000003,0.07915,0.10155,0.10855000000000001,0.23405,47.67728341999998,-0.48261368,-0.39946777,-0.005523688,0.10300388,-0.10846586,-0.39481527,-0.5123966942148761,0.7327224438560864,2,3,0.26727424363626434,-7.286864090192323,112.79722814505297,0.46751094,3.312507649365269E-6,"{""geodesic"":false,""type"":""Point"",""coordinates"":[112.79722814505297,-7.286864090192323]}"
231,0.1628,0.1313,0.0458,0.0744,0.06275,0.15560000000000002,49.417055600000026,-0.3726813,-0.27661642,0.0846985,0.107106425,-0.022613065,-0.35304347,-1.155844155844156,0.8514945987891466,2,3,0.14850534098344154,-7.275006328441945,112.79237724251871,0.0,6.022741180664126E-8,"{""geodesic"":false,""type"":""Point"",""coordinates"":[112.79237724251871,-7.275006328441945]}"
232,0.24125000000000002,0.15605,0.06015000000000001,0.0974,0.09465000000000001,0.3613,47.26712101999999,-0.42477486,-0.23140658,0.39673334,0.21444753,0.19923657,-0.57532156,0.6446280991735538,0.7515483639448575,3,3,0.2321426337022322,-7.279318241805719,112.79668915588249,2.381753,0.01630900235291032,"{""geodesic"":false,""type"":""Point"",""coordinates"":[112.79668915588249,-7.279318241805719]}"
233,0.1029,0.0712,0.03610000000000001,0.056100000000000004,0.0451,0.12935,47.65335728000002,-0.29433963,-0.11861744,0.28995264,0.18207927,0.1138859,-0.39498517,0.07070707070707072,0.8378555013789052,2,3,0.1621438963469769,-7.285247122680908,112.79992309090532,1.4769104,6.022741180664125E-7,"{""geodesic"":false,""type"":""Point"",""coordinates"":[112.79992309090532,-7.285247122680908]}"
234,0.2713,0.1899,0.050850000000000006,0.0821,0.08805,0.30569999999999997,48.90435260000004,-0.5353707,-0.39632353,0.23365617,0.1764961,0.05961872,-0.5765859,-0.3553719008264462,0.7719531209695807,2,3,0.22804601146889208,-7.286864090192323,112.79776713422343,1.3909631,8.675615272147133E-7,"{""geodesic"":false,""type"":""Point"",""coordinates"":[112.79776713422343,-7.286864090192323]}"
235,0.3086,0.20285,0.0631,0.0965,0.1252,0.26875000000000004,49.05132746000004,-0.5235744,-0.35526976,0.13973707,0.20676509,-0.06902225,-0.4715948,1.32,0.8740902024945707,3,3,0.1258727576471683,-7.27662329595336,112.79938410173484,1.3167742,3.703985826108438E-5,"{""geodesic"":false,""type"":""Point"",""coordinates"":[112.79938410173484,-7.27662329595336]}"
236,0.1679,0.10165,0.042050000000000004,0.09675,0.06635,0.28615,45.653815580000014,-0.26884565,-0.024697581,0.4757607,0.24578,0.26043388,-0.49464613,-1.0340909090909092,0.5325720745645839,2,3,0.4673194515647944,-7.279318241805719,112.79022128583684,0.46750343,1.084738706217471E-4,"{""geodesic"":false,""type"":""Point"",""coordinates"":[112.79022128583684,-7.279318241805719]}"
237,0.32625000000000004,0.32655,0.14655,0.16665000000000002,0.19190000000000002,0.21090000000000003,51.826759700000025,-0.32379794,-0.32420924,-0.21518281,-4.5955883E-4,-0.21474448,-0.11720302,0.36363636363636376,0.9751936528610163,3,3,0.024806347138983883,-7.289559036044682,112.7983061233939,1.038548,0.0,"{""geodesic"":false,""type"":""Point"",""coordinates"":[112.7983061233939,-7.289559036044682]}"
238,0.2673,0.2717,0.09535,0.1145,0.14805000000000001,0.1945,49.700751260000004,-0.40020955,-0.40704298,-0.16559416,-0.008163265,-0.157644,-0.2588997,-0.054545454545454675,0.8482481556722439,2,3,0.1513444058868841,-7.27662329595336,112.79507218837108,1.3167742,4.0743844087192814E-4,"{""geodesic"":false,""type"":""Point"",""coordinates"":[112.79507218837108,-7.27662329595336]}"
239,0.16355,0.08625,0.02435,0.053200000000000004,0.0393,0.33085,44.81981870000004,-0.5091119,-0.2370025,0.58643013,0.30944756,0.33838996,-0.7229527,-0.9431818181818183,0.4680669190592723,2,3,0.5310970384256919,-7.280935209317135,112.79022128583684,1.9747356,8.360425150359046E-4,"{""geodesic"":false,""type"":""Point"",""coordinates"":[112.79022128583684,-7.280935209317135]}"
240,0.17355,0.13085000000000002,0.04605,0.07005,0.07214999999999999,0.24620000000000003,48.107953940000016,-0.42487684,-0.30263814,0.3059276,0.14027596,0.17307921,-0.55699605,0.15151515151515138,0.7794485012381469,3,3,0.22054179784659417,-7.276084306782889,112.79291623168919,1.467366,9.700915258855434E-6,"{""geodesic"":false,""type"":""Point"",""coordinates"":[112.79291623168919,-7.276084306782889]}"
241,0.29035,0.1879,0.04245,0.08005000000000001,0.10725000000000001,0.29545,47.83451234000006,-0.5677646,-0.40250048,0.22250956,0.21421851,0.0087060435,-0.57363516,0.2954545454545454,0.8816829768334162,2,3,0.11829134621335023,-7.275545317612417,112.79615016671202,2.0864882,2.567695323356472E-5,"{""geodesic"":false,""type"":""Point"",""coordinates"":[112.79615016671202,-7.275545317612417]}"
242,0.18175000000000002,0.11220000000000001,0.0273,0.056350000000000004,0.045000000000000005,0.3113,46.72365583999999,-0.52666944,-0.3313557,0.47012988,0.23660487,0.26275226,-0.69345844,-0.1570247933884299,0.6158083757298535,3,3,0.3841551264585917,-7.277701274294304,112.79183825334825,1.0385426,3.6497811554824603E-5,"{""geodesic"":false,""type"":""Point"",""coordinates"":[112.79183825334825,-7.277701274294304]}"
243,0.24465000000000003,0.1902,0.05235000000000001,0.0905,0.139,0.27875000000000005,44.980465640000034,-0.4599433,-0.35518348,0.1888261,0.12521559,0.06515094,-0.5098172,0.18181818181818166,0.4832638190984037,3,3,0.5010881184678101,-7.280935209317135,112.79345522085966,1.0435995,0.01564806243378625,"{""geodesic"":false,""type"":""Point"",""coordinates"":[112.79345522085966,-7.280935209317135]}"
244,0.17355,0.10015,0.0479,0.0826,0.0691,0.2087,45.43848032000005,-0.3550654,-0.09603283,0.3514651,0.26817682,0.09195553,-0.43288705,0.05785123966942152,0.3570732845262606,3,3,0.630710884180074,-7.282552176828549,112.79183825334825,1.0436026,0.012215831293665352,"{""geodesic"":false,""type"":""Point"",""coordinates"":[112.79183825334825,-7.282552176828549]}"
245,0.18120000000000003,0.12265000000000001,0.052950000000000004,0.08430000000000001,0.08425,0.22050000000000003,47.171416460000046,-0.36497176,-0.18531047,0.28515226,0.19269377,0.09783421,-0.4468504,0.8181818181818183,0.81002644087414,3,3,0.1898019110022111,-7.278240263464776,112.79992309090532,1.0435953,1.716481236489276E-4,"{""geodesic"":false,""type"":""Point"",""coordinates"":[112.79992309090532,-7.278240263464776]}"
246,0.16925,0.1172,0.05525,0.08505000000000001,0.0857,0.22860000000000003,46.15284650000001,-0.331105,-0.15896168,0.32215154,0.1817071,0.14917682,-0.45767576,-0.03305785123966931,0.6088729203879445,3,3,0.39028909691396774,-7.28578611185138,112.79507218837108,1.3167874,8.379826980876756E-4,"{""geodesic"":false,""type"":""Point"",""coordinates"":[112.79507218837108,-7.28578611185138]}"
247,0.29575,0.22810000000000002,0.08755,0.11485000000000001,0.15489999999999998,0.23655,51.52939196,-0.44057477,-0.33022305,0.018185731,0.12914002,-0.11121548,-0.34632897,0.024793388429751984,0.8620871723565451,2,3,0.13672598770037916,-7.278240263464776,112.79884511256438,0.65847534,0.0011868399430756775,"{""geodesic"":false,""type"":""Point"",""coordinates"":[112.79884511256438,-7.278240263464776]}"
248,0.25925,0.23375,0.09185000000000001,0.12030000000000002,0.13125,0.23660000000000003,49.06841756000006,-0.36609143,-0.32043496,0.0060593174,0.05172414,-0.045679137,-0.32586157,0.045454545454545414,0.8871008474492714,2,3,0.11289899481226914,-7.285247122680908,112.80046208007579,0.46373534,1.5773845949358423E-7,"{""geodesic"":false,""type"":""Point"",""coordinates"":[112.80046208007579,-7.285247122680908]}"
249,0.2575,0.21615,0.05925,0.089,0.10830000000000001,0.23435,48.029339479999976,-0.4862915,-0.41668034,0.040399555,0.08730075,-0.047067195,-0.4495129,0.330578512396694,0.6961688426459148,3,3,0.3038117555235673,-7.287403079362795,112.7945331992006,0.92740995,1.940183051771086E-5,"{""geodesic"":false,""type"":""Point"",""coordinates"":[112.7945331992006,-7.287403079362795]}"
250,0.2945,0.23820000000000002,0.1519,0.16970000000000002,0.19675000000000004,0.29025,47.32864538000001,-0.26884964,-0.16793332,0.0984956,0.105688006,-0.0072680633,-0.2620937,-0.09090909090909083,0.6715908283082859,3,3,0.3281291199627574,-7.285247122680908,112.79668915588249,3.63451,2.8005172895690023E-4,"{""geodesic"":false,""type"":""Point"",""coordinates"":[112.79668915588249,-7.285247122680908]}"
251,0.34875,0.24395,0.0722,0.1071,0.14425,0.32110000000000005,47.49612836000006,-0.5301086,-0.3898305,0.13653658,0.17681795,-0.041277897,-0.49976647,0.1570247933884299,0.7406117184243993,3,3,0.23744534183488794,-7.280396220146662,112.79668915588249,0.467504,0.021942939740712694,"{""geodesic"":false,""type"":""Point"",""coordinates"":[112.79668915588249,-7.280396220146662]}"
252,0.24555000000000002,0.20350000000000001,0.0801,0.10570000000000002,0.10995,0.25165000000000004,50.21687228000002,-0.39814946,-0.31630012,0.105789304,0.09364213,0.012268704,-0.40842313,0.7603305785123968,0.8566353468523505,3,3,0.14336463737380362,-7.286864090192323,112.79884511256438,0.6584815,1.5773845949358425E-8,"{""geodesic"":false,""type"":""Point"",""coordinates"":[112.79884511256438,-7.286864090192323]}"
253,0.3073,0.25250000000000006,0.139,0.1587,0.17195,0.3106,48.008831360000045,-0.31888413,-0.22811285,0.10317883,0.097892106,0.0053406702,-0.32367355,-1.0991735537190084,0.7784723833861157,2,3,0.2050416101996322,-7.280935209317135,112.79722814505297,0.46750456,0.01648600641425205,"{""geodesic"":false,""type"":""Point"",""coordinates"":[112.79722814505297,-7.280935209317135]}"
254,0.1968,0.16555,0.058300000000000005,0.0776,0.08940000000000001,0.17049999999999998,49.21881044000003,-0.43440235,-0.36171088,0.014729951,0.08624259,-0.071603596,-0.3744458,0.1298701298701297,0.8546497398115869,3,3,0.14534984375888,-7.275006328441945,112.79345522085966,1.0385413,4.164295330630625E-7,"{""geodesic"":false,""type"":""Point"",""coordinates"":[112.79345522085966,-7.275006328441945]}"
255,0.3385,0.33365,0.1386,0.1608,0.19645,0.22045000000000003,50.73982934000003,-0.35589826,-0.34958035,-0.20429525,0.007215651,-0.21119957,-0.15645902,-0.10227272727272707,0.9286233848646841,2,3,0.07137661513531589,-7.286325101021851,112.80046208007579,0.46751037,0.0,"{""geodesic"":false,""type"":""Point"",""coordinates"":[112.80046208007579,-7.286325101021851]}"
256,0.25060000000000004,0.19140000000000001,0.06455,0.09635,0.12435000000000002,0.26075000000000004,48.69585338000002,-0.44458857,-0.33032146,0.15337831,0.13393666,0.019849418,-0.46037525,-0.5454545454545454,0.6994907321486552,3,3,0.2998163514785095,-7.284169144339964,112.79722814505297,2.71823,6.929163728354079E-4,"{""geodesic"":false,""type"":""Point"",""coordinates"":[112.79722814505297,-7.284169144339964]}"
257,0.13775,0.06705,0.0115,0.03975000000000001,0.01695,0.31455,43.56540536,-0.5521127,-0.25561798,0.6485849,0.34521484,0.39089102,-0.7756139,0.016528925619834656,0.36133313537787615,3,3,0.6221808582078717,-7.282013187658078,112.79237724251871,2.0865111,0.016486006414252054,"{""geodesic"":false,""type"":""Point"",""coordinates"":[112.79237724251871,-7.282013187658078]}"
258,0.17485,0.11480000000000001,0.03135,0.05795,0.0513,0.2722,46.436542160000045,-0.5021478,-0.32908827,0.40671834,0.20731919,0.21776088,-0.6489475,-0.49586776859504145,0.5873300838195415,2,3,0.4082736377654226,-7.279318241805719,112.79345522085966,2.0764048,0.0043962784150358486,"{""geodesic"":false,""type"":""Point"",""coordinates"":[112.79345522085966,-7.279318241805719]}"
259,0.15645000000000003,0.13740000000000002,0.052500000000000005,0.064,0.07065,0.12160000000000001,49.19488430000001,-0.41936946,-0.36444885,-0.06100386,0.06482899,-0.12533717,-0.31034482,-1.012987012987013,0.8530692734104612,2,3,0.1469305502092614,-7.275006328441945,112.79291623168919,1.0385413,1.7638027743373513E-7,"{""geodesic"":false,""type"":""Point"",""coordinates"":[112.79291623168919,-7.275006328441945]}"
260,0.30445,0.22035000000000002,0.06265000000000001,0.09870000000000001,0.13505,0.31184999999999996,48.05668364000002,-0.51035595,-0.3812882,0.17192784,0.16025153,0.01200714,-0.5191816,-0.8016528925619837,0.7774045393293016,2,3,0.2050533536845429,-7.280396220146662,112.79722814505297,1.3167793,0.017542106986155468,"{""geodesic"":false,""type"":""Point"",""coordinates"":[112.79722814505297,-7.280396220146662]}"
261,0.23345000000000002,0.14934999999999998,0.04375,0.07585,0.07970000000000001,0.2984,45.34619378000002,-0.50953764,-0.32637656,0.33288667,0.21969697,0.1221209,-0.594656,-1.0707070707070705,0.5167086791474091,2,3,0.48320251123192404,-7.278779252635247,112.7907602750073,2.7182076,8.880962066687876E-5,"{""geodesic"":false,""type"":""Point"",""coordinates"":[112.7907602750073,-7.278779252635247]}"
262,0.34315,0.33655,0.13985,0.16165000000000002,0.17925000000000002,0.22295,48.17289632000001,-0.35954833,-0.35106382,-0.20303842,0.009710167,-0.21232998,-0.15938638,-0.46464646464646453,0.8158108884999282,2,3,0.18417646374359237,-7.284169144339964,112.79992309090532,1.0436057,1.2647756479394665E-5,"{""geodesic"":false,""type"":""Point"",""coordinates"":[112.79992309090532,-7.284169144339964]}"
263,0.23305,0.18925000000000003,0.0913,0.11345000000000001,0.12425,0.2424,48.26176484000001,-0.34516594,-0.25041294,0.12313217,0.10371774,0.01966558,-0.36237177,-1.2396694214876032,0.798866999333579,2,3,0.19182982293317885,-7.281474198487606,112.79776713422343,2.9518378,0.009303177733242358,"{""geodesic"":false,""type"":""Point"",""coordinates"":[112.79776713422343,-7.281474198487606]}"
264,0.2479,0.2078,0.08225,0.0988,0.11410000000000001,0.248,48.85308229999998,-0.4300548,-0.35551208,0.088196576,0.08799649,2.0165356E-4,-0.43021914,0.31313131313131315,0.7979976280981131,3,3,0.20197946827756844,-7.276084306782889,112.79345522085966,2.0764017,2.290362431846844E-5,"{""geodesic"":false,""type"":""Point"",""coordinates"":[112.79345522085966,-7.276084306782889]}"
265,0.31345,0.31479999999999997,0.1386,0.1593,0.17570000000000002,0.21105000000000002,52.48985558000004,-0.32607087,-0.32798988,-0.19729961,-0.0021488261,-0.19523355,-0.13973269,0.2954545454545454,0.984578239915098,3,3,0.01542176008490179,-7.289559036044682,112.79884511256438,0.46373534,0.0,"{""geodesic"":false,""type"":""Point"",""coordinates"":[112.79884511256438,-7.289559036044682]}"
266,0.22685000000000002,0.16340000000000002,0.0648,0.08975,0.08245000000000001,0.27435,46.16310056000003,-0.43303853,-0.29093423,0.25345516,0.16258809,0.09477255,-0.50700355,0.3727272727272726,0.761543307384723,3,3,0.238419652757016,-7.284169144339964,112.79938410173484,1.974743,3.7039858261084376E-5,"{""geodesic"":false,""type"":""Point"",""coordinates"":[112.79938410173484,-7.284169144339964]}"
267,0.26265,0.22955,0.0981,0.1259,0.14700000000000002,0.2329,50.107495640000025,-0.35194954,-0.2916022,0.0072440263,0.06724908,-0.060034305,-0.29821628,-0.5050505050505052,0.9226992270305847,2,3,0.07730077296941537,-7.28902004687421,112.79722814505297,1.6757834,0.0,"{""geodesic"":false,""type"":""Point"",""coordinates"":[112.79722814505297,-7.28902004687421]}"
268,0.25015,0.18785000000000002,0.0512,0.0855,0.09105,0.2755,48.189986420000025,-0.49054074,-0.3744284,0.18916586,0.14223744,0.048226006,-0.5263158,0.5371900826446283,0.7547230254243069,3,3,0.24527503439264123,-7.287942068533266,112.7945331992006,1.043613,1.9401830517710864E-6,"{""geodesic"":false,""type"":""Point"",""coordinates"":[112.7945331992006,-7.287942068533266]}"
269,0.26015,0.24425000000000002,0.09540000000000001,0.11930000000000002,0.14215,0.19190000000000002,49.38287539999999,-0.37119514,-0.34369412,-0.12002751,0.0315226,-0.15097888,-0.2332905,-0.27272727272727293,0.8573140645411531,2,3,0.14268590677912693,-7.287403079362795,112.7983061233939,2.0865319,2.8679719907924408E-8,"{""geodesic"":false,""type"":""Point"",""coordinates"":[112.7983061233939,-7.287403079362795]}"
270,0.29555,0.2813,0.1131,0.1335,0.15495000000000003,0.21625,50.95174658000002,-0.3776949,-0.3563163,-0.13074063,0.024703128,-0.15494333,-0.23659757,0.6400000000000001,0.9719001567470303,3,3,0.028099843252969745,-7.288481057703739,112.79938410173484,1.8543341,0.0,"{""geodesic"":false,""type"":""Point"",""coordinates"":[112.79938410173484,-7.288481057703739]}"
271,0.22525,0.21515,0.07100000000000001,0.0941,0.0995,0.28080000000000005,48.107953940000016,-0.41067794,-0.39143088,0.13237222,0.022933697,0.10977176,-0.49799946,-0.3472222222222223,0.7928634321768322,3,3,0.2071365649551958,-7.275545317612417,112.7907602750073,0.46749938,2.8679719907924406E-9,"{""geodesic"":false,""type"":""Point"",""coordinates"":[112.7907602750073,-7.275545317612417]}"
272,0.2973,0.29965,0.12815,0.1447,0.1703,0.1814,52.86583777999999,-0.34524888,-0.3487116,-0.24581644,-0.003936678,-0.24211405,-0.11254217,-0.7571428571428571,0.9957203816066258,2,3,0.004279618393374244,-7.290098025215153,112.79938410173484,0.46751443,0.0,"{""geodesic"":false,""type"":""Point"",""coordinates"":[112.79938410173484,-7.290098025215153]}"
273,0.21875,0.1573,0.06235,0.09035000000000001,0.08460000000000001,0.2505,48.25834682000004,-0.41539955,-0.27034122,0.2285434,0.16340911,0.06766116,-0.46985477,0.1090909090909089,0.7915080223940695,3,3,0.2082358734430968,-7.283091165999021,112.79938410173484,0.92740995,2.5610416283378346E-4,"{""geodesic"":false,""type"":""Point"",""coordinates"":[112.79938410173484,-7.283091165999021]}"
274,0.23720000000000002,0.15510000000000002,0.0383,0.07235,0.0729,0.3304,46.13233838000002,-0.53254724,-0.36381623,0.36107105,0.20927861,0.16420014,-0.64072007,-1.7851239669421486,0.5115269094322187,2,3,0.46729004868574886,-7.283091165999021,112.79399421003014,0.6584786,0.02118304188203233,"{""geodesic"":false,""type"":""Point"",""coordinates"":[112.79399421003014,-7.283091165999021]}"
275,0.18705000000000002,0.1124,0.02045,0.04905,0.039650000000000005,0.28285000000000005,46.09132213999999,-0.5844981,-0.39238155,0.43124604,0.24929036,0.20387316,-0.70442903,-0.44628099173553704,0.751255412579781,3,3,0.2447290208150728,-7.282552176828549,112.79776713422343,1.9747393,0.004015566605146115,"{""geodesic"":false,""type"":""Point"",""coordinates"":[112.79776713422343,-7.282552176828549]}"
276,0.23655,0.20600000000000002,0.09310000000000002,0.12125,0.15360000000000001,0.2384,46.85695862,-0.32224706,-0.2589763,0.07290729,0.069031745,0.0038951468,-0.32573336,-0.016528925619834656,0.47595145953791945,3,3,0.5126603542614621,-7.284169144339964,112.79291623168919,1.86941,0.011388186200618489,"{""geodesic"":false,""type"":""Point"",""coordinates"":[112.79291623168919,-7.284169144339964]}"
277,0.2582,0.15645,0.0347,0.07070000000000001,0.07525000000000001,0.33075,45.17187476000004,-0.57008207,-0.37750384,0.3577586,0.24538767,0.12318533,-0.6477768,0.46753246753246747,0.7967143524982604,2,3,0.20328523107220647,-7.275006328441945,112.79884511256438,2.33625,4.164295330630625E-7,"{""geodesic"":false,""type"":""Point"",""coordinates"":[112.79884511256438,-7.275006328441945]}"
278,0.2346,0.19015,0.08940000000000001,0.1136,0.1253,0.23375,49.502506100000005,-0.34750143,-0.25201645,0.102854446,0.1046498,-0.001814882,-0.3459047,0.02020202020202011,0.8638381393788391,2,3,0.13616180039374906,-7.28578611185138,112.79992309090532,0.65848064,6.022741180664126E-8,"{""geodesic"":false,""type"":""Point"",""coordinates"":[112.79992309090532,-7.28578611185138]}"
279,0.2401,0.2192,0.0979,0.12515,0.1418,0.19765,45.70166786000004,-0.31471595,-0.27312326,-0.051697254,0.045504026,-0.09697316,-0.22459728,-1.0909090909090908,0.5086007687674636,2,3,0.49103898527077305,-7.278779252635247,112.79183825334825,3.9840462,3.6024596176343856E-4,"{""geodesic"":false,""type"":""Point"",""coordinates"":[112.79183825334825,-7.278779252635247]}"
280,0.25370000000000004,0.20335000000000003,0.0941,0.1247,0.135,0.24820000000000003,48.84282824000002,-0.3409091,-0.23975004,0.09932455,0.110163,-0.010958359,-0.331188,-0.9917355371900825,0.8104511803739711,2,3,0.17812290525387148,-7.280935209317135,112.79776713422343,2.3817587,0.011425914372157363,"{""geodesic"":false,""type"":""Point"",""coordinates"":[112.79776713422343,-7.280935209317135]}"
281,0.28425,0.2429,0.07995,0.10955000000000001,0.14450000000000002,0.2534,46.40919800000006,-0.4436262,-0.37835154,0.021156559,0.07844067,-0.057379335,-0.39633557,-0.17355371900826455,0.5890298196845696,3,3,0.390422566307678,-7.280935209317135,112.7945331992006,4.772664,0.020547614007752357,"{""geodesic"":false,""type"":""Point"",""coordinates"":[112.7945331992006,-7.280935209317135]}"
282,0.1595,0.12440000000000001,0.0441,0.0658,0.0674,0.1895,49.28033479999999,-0.41588992,-0.30809674,0.20739089,0.12363508,0.08595989,-0.484528,-0.43181818181818166,0.8564533142323186,2,3,0.143533091580445,-7.275545317612417,112.7945331992006,0.46749938,1.359418723635617E-5,"{""geodesic"":false,""type"":""Point"",""coordinates"":[112.7945331992006,-7.275545317612417]}"
283,0.22005000000000002,0.1814,0.0482,0.07980000000000001,0.12375,0.2804,50.18611010000001,-0.46773386,-0.38897398,0.21437852,0.096276,0.12059147,-0.55691284,0.06611570247933884,0.7850259055922625,2,3,0.21214335442932938,-7.277701274294304,112.79507218837108,3.3486788,0.0028307399784079736,"{""geodesic"":false,""type"":""Point"",""coordinates"":[112.79507218837108,-7.277701274294304]}"
284,0.3217,0.31095,0.1288,0.15175,0.17620000000000002,0.22345,51.99424268000001,-0.3589608,-0.34406742,-0.16373503,0.016992018,-0.18022563,-0.19109808,0.46464646464646453,0.9724174688439534,3,3,0.02758253115604666,-7.28902004687421,112.79884511256438,1.043615,0.0,"{""geodesic"":false,""type"":""Point"",""coordinates"":[112.79884511256438,-7.28902004687421]}"
285,0.25980000000000003,0.18035,0.07264999999999999,0.10315,0.12805,0.21615,50.370683180000015,-0.43160215,-0.2723104,0.09029004,0.18050665,-0.09171131,-0.35389915,-0.09090909090909083,0.8437439812112433,2,3,0.1557533349980706,-7.278240263464776,112.79938410173484,0.65847534,5.026837906861452E-4,"{""geodesic"":false,""type"":""Point"",""coordinates"":[112.79938410173484,-7.278240263464776]}"
286,0.25005,0.20645000000000002,0.05015,0.07885,0.08705000000000002,0.23585,47.91996284000004,-0.52052295,-0.44724852,0.06647072,0.09550931,-0.02922412,-0.49888784,-0.6611570247933884,0.7112103946802072,2,3,0.2887760111325564,-7.287403079362795,112.79507218837108,1.476917,1.3594187236356167E-5,"{""geodesic"":false,""type"":""Point"",""coordinates"":[112.79507218837108,-7.287403079362795]}"
287,0.167,0.1038,0.038,0.06670000000000001,0.0567,0.2757,45.161620700000014,-0.4291827,-0.21759531,0.45296443,0.23338257,0.24553874,-0.6103972,0.1900826446280992,0.42926222670112263,3,3,0.5579138516399484,-7.280935209317135,112.79291623168919,0.65847695,0.012823921658929092,"{""geodesic"":false,""type"":""Point"",""coordinates"":[112.79291623168919,-7.280935209317135]}"
288,0.28105,0.22225,0.0512,0.08505000000000001,0.12085000000000001,0.28575000000000006,47.09963804000006,-0.53537285,-0.44646925,0.125,0.116828926,0.0082921665,-0.54126215,0.6776859504132231,0.5958403769255592,3,3,0.4041460288872044,-7.287403079362795,112.79183825334825,0.9349608,1.359418723635617E-5,"{""geodesic"":false,""type"":""Point"",""coordinates"":[112.79183825334825,-7.287403079362795]}"
289,0.2935,0.26975000000000005,0.10900000000000001,0.1267,0.1458,0.19905,50.401445360000025,-0.39695382,-0.36082736,-0.15081058,0.042166002,-0.19175719,-0.22210284,-0.30578512396694224,0.7739774374136876,2,3,0.22602196031219426,-7.286325101021851,112.7983061233939,1.3167882,6.022741180664126E-7,"{""geodesic"":false,""type"":""Point"",""coordinates"":[112.7983061233939,-7.286325101021851]}"
290,0.22755000000000003,0.19085000000000002,0.07355,0.09185000000000001,0.11375,0.1734,49.29742490000001,-0.4248591,-0.35019454,-0.047906656,0.087715104,-0.13505425,-0.3074458,0.19318181818181812,0.5816532710750189,2,3,0.41830968906672017,-7.286325101021851,112.79022128583684,0.9349585,3.703985826108438E-5,"{""geodesic"":false,""type"":""Point"",""coordinates"":[112.79022128583684,-7.286325101021851]}"
291,0.19785000000000003,0.11665,0.036950000000000004,0.07255,0.060200000000000004,0.29615,48.18315038000003,-0.46338758,-0.23308668,0.43483528,0.2581876,0.19898786,-0.6064551,-1.3068181818181817,0.6583227266193107,2,3,0.34167550957791487,-7.277701274294304,112.79022128583684,2.951818,1.7638027743373517E-6,"{""geodesic"":false,""type"":""Point"",""coordinates"":[112.79022128583684,-7.277701274294304]}"
292,0.184,0.1337,0.0489,0.06770000000000001,0.06725,0.18925000000000003,47.731971740000006,-0.462058,-0.32770607,0.17200805,0.15832546,0.01406564,-0.47304922,1.0909090909090908,0.8742903296697122,3,3,0.12570727557367548,-7.275006328441945,112.79561117754155,1.0435891,2.3947566123116887E-6,"{""geodesic"":false,""type"":""Point"",""coordinates"":[112.79561117754155,-7.275006328441945]}"
293,0.20625000000000002,0.1366,0.03445,0.0698,0.0626,0.26645,47.63968520000003,-0.49429452,-0.32364342,0.32216847,0.20315006,0.1273535,-0.5848327,0.8090909090909091,0.5862493851537681,3,3,0.413742441126058,-7.287403079362795,112.79129926417777,0.92740995,8.173720173758457E-6,"{""geodesic"":false,""type"":""Point"",""coordinates"":[112.79129926417777,-7.287403079362795]}"
294,0.34205,0.32900000000000007,0.13485000000000003,0.15725,0.1837,0.23625000000000002,51.08163134000006,-0.37011817,-0.35321337,-0.16408668,0.019447135,-0.18295002,-0.20076239,0.28409090909090917,0.8725988806842779,3,3,0.12737821569140373,-7.283091165999021,112.80046208007579,0.4675069,2.2903624318468438E-5,"{""geodesic"":false,""type"":""Point"",""coordinates"":[112.80046208007579,-7.283091165999021]}"
295,0.2942,0.1945,0.07705000000000001,0.10765,0.13805,0.24870000000000003,50.36726515999999,-0.46422794,-0.28744,0.12229242,0.20401064,-0.083809175,-0.3958187,0.28181818181818175,0.8738724506098305,2,3,0.12601907551954772,-7.277162285123833,112.79938410173484,0.92740995,1.0847387062174713E-4,"{""geodesic"":false,""type"":""Point"",""coordinates"":[112.79938410173484,-7.277162285123833]}"
296,0.26070000000000004,0.17570000000000002,0.0639,0.0935,0.12245,0.23310000000000003,49.550358380000034,-0.47204968,-0.30534917,0.14041096,0.19477543,-0.055893075,-0.42743418,-0.5090909090909093,0.8319999805316327,2,3,0.16716397695333157,-7.278779252635247,112.79938410173484,1.4673668,8.360425150359047E-4,"{""geodesic"":false,""type"":""Point"",""coordinates"":[112.79938410173484,-7.278779252635247]}"
297,0.26180000000000003,0.17015000000000002,0.05975,0.09345,0.10170000000000001,0.27875,48.8701724,-0.47389162,-0.29097116,0.2419247,0.21217734,0.031356953,-0.49785063,1.2222222222222223,0.8777017330415665,3,3,0.1222856192019542,-7.27662329595336,112.79992309090532,0.0,1.2647756479394664E-5,"{""geodesic"":false,""type"":""Point"",""coordinates"":[112.79992309090532,-7.27662329595336]}"
298,0.27465,0.2525,0.1066,0.12840000000000001,0.1452,0.22010000000000002,50.49031388000003,-0.3628582,-0.3258073,-0.06855692,0.042018402,-0.11025771,-0.26312768,-0.6818181818181817,0.8688295304066321,2,3,0.13116076867810902,-7.283630155169493,112.80046208007579,0.92740995,9.700915258855434E-6,"{""geodesic"":false,""type"":""Point"",""coordinates"":[112.80046208007579,-7.283630155169493]}"
299,0.1925,0.155,0.056600000000000004,0.0727,0.06380000000000001,0.2384,49.39654747999998,-0.45173454,-0.36144048,0.21199797,0.107913665,0.106521234,-0.53262615,0.30681818181818166,0.8407725449440544,3,3,0.15921928133577193,-7.275545317612417,112.79399421003014,1.0385416,8.173720173758459E-6,"{""geodesic"":false,""type"":""Point"",""coordinates"":[112.79399421003014,-7.275545317612417]}"
300,0.32675,0.3189,0.12845,0.14965,0.16935,0.2143,51.238860260000024,-0.37174642,-0.36122078,-0.19617404,0.0121582905,-0.20783661,-0.17763428,-0.7777777777777777,0.8523380066774882,2,3,0.14749034519886278,-7.282552176828549,112.79992309090532,1.0385447,1.7164812364892762E-4,"{""geodesic"":false,""type"":""Point"",""coordinates"":[112.79992309090532,-7.282552176828549]}"
301,0.19790000000000002,0.1366,0.049550000000000004,0.07315,0.07515,0.27075,45.07617019999998,-0.4602472,-0.302503,0.32932368,0.1832586,0.1554465,-0.5745856,-1.0568181818181817,0.5014040157597918,2,3,0.49833988007737445,-7.279857230976191,112.79022128583684,0.46750343,2.5610416283378346E-4,"{""geodesic"":false,""type"":""Point"",""coordinates"":[112.79022128583684,-7.279857230976191]}"
302,0.30915000000000004,0.2455,0.08175,0.11510000000000001,0.14195000000000002,0.31955,46.05714194000001,-0.4573954,-0.36161953,0.13105035,0.11475705,0.016542071,-0.47037846,-0.8925619834710745,0.5637530928027115,2,3,0.4221039191806342,-7.280396220146662,112.79399421003014,2.6321688,0.01414298801665426,"{""geodesic"":false,""type"":""Point"",""coordinates"":[112.79399421003014,-7.280396220146662]}"
303,0.28805000000000003,0.27445,0.10865,0.1295,0.1589,0.2072,50.10407762,-0.379715,-0.35883152,-0.13962421,0.024177779,-0.16325088,-0.23076923,0.9454545454545453,0.8939856795005778,3,3,0.10601432049942223,-7.286864090192323,112.79938410173484,1.316789,0.0,"{""geodesic"":false,""type"":""Point"",""coordinates"":[112.79938410173484,-7.286864090192323]}"
304,0.20140000000000002,0.14565,0.048,0.07525000000000001,0.07485,0.24875,46.146010460000014,-0.45599133,-0.31869623,0.26140973,0.16063967,0.10518716,-0.53549385,-0.43801652892561993,0.7247210515153385,3,3,0.27317336088426536,-7.283091165999021,112.79776713422343,3.269069,0.002105587600396059,"{""geodesic"":false,""type"":""Point"",""coordinates"":[112.79776713422343,-7.283091165999021]}"
305,0.32245,0.3154,0.13185000000000002,0.14895,0.16855,0.21065,50.746665380000024,-0.3680526,-0.35845807,-0.19912556,0.011052756,-0.20971675,-0.17157954,-0.6868686868686869,0.8353263666201082,2,3,0.16458618317794863,-7.283091165999021,112.79992309090532,0.0,8.745020194324312E-5,"{""geodesic"":false,""type"":""Point"",""coordinates"":[112.79992309090532,-7.283091165999021]}"
306,0.33230000000000004,0.3258,0.11055000000000001,0.14165,0.18095,0.24430000000000002,50.45613367999999,-0.40225762,-0.39394587,-0.14295737,0.009876918,-0.1526188,-0.2659671,-0.06818181818181834,0.9061206488975573,2,3,0.09387933532859691,-7.28578611185138,112.80046208007579,0.46750978,1.5773845949358428E-8,"{""geodesic"":false,""type"":""Point"",""coordinates"":[112.80046208007579,-7.28578611185138]}"
307,0.23355,0.14295000000000002,0.043800000000000006,0.07915,0.0812,0.32435,44.89159712000003,-0.49376398,-0.287258,0.38818747,0.24063745,0.16275318,-0.60768276,0.43434343434343425,0.39309877586836206,3,3,0.6031721131501069,-7.282552176828549,112.7907602750073,0.6584782,0.0037291109815309744,"{""geodesic"":false,""type"":""Point"",""coordinates"":[112.7907602750073,-7.282552176828549]}"
308,0.2615,0.20035000000000003,0.062150000000000004,0.08785000000000001,0.08785000000000001,0.2884,49.31109698,-0.497066,-0.39035392,0.18015346,0.1324023,0.048917986,-0.53302324,0.19318181818181834,0.9207088149268109,3,3,0.07929118507318916,-7.289559036044682,112.79561117754155,2.324271,0.0,"{""geodesic"":false,""type"":""Point"",""coordinates"":[112.79561117754155,-7.289559036044682]}"
309,0.29385000000000006,0.24205000000000002,0.12025,0.15065,0.1821,0.27745,48.914606660000004,-0.32215974,-0.23274764,0.068142444,0.096659824,-0.02870646,-0.29619247,-0.3471074380165291,0.7654722254219467,2,3,0.23402269603075465,-7.277162285123833,112.79399421003014,1.0435933,5.050785472984569E-4,"{""geodesic"":false,""type"":""Point"",""coordinates"":[112.79399421003014,-7.277162285123833]}"
310,0.24760000000000001,0.21255000000000002,0.10405,0.12840000000000001,0.13115,0.22605,49.35211321999998,-0.31702128,-0.24681038,0.030779753,0.07617082,-0.04549773,-0.27549726,-0.5353535353535355,0.873676581889125,2,3,0.12632341811087505,-7.28902004687421,112.79507218837108,2.086538,0.0,"{""geodesic"":false,""type"":""Point"",""coordinates"":[112.79507218837108,-7.28902004687421]}"
311,0.29425,0.28125,0.1101,0.1358,0.1624,0.2369,50.107495640000025,-0.36844552,-0.34875914,-0.08559298,0.022589052,-0.10797326,-0.27126375,1.3492063492063493,0.8527282758427139,3,3,0.14727166392987426,-7.275006328441945,112.79992309090532,0.93493533,6.022741180664126E-8,"{""geodesic"":false,""type"":""Point"",""coordinates"":[112.79992309090532,-7.275006328441945]}"
312,0.3137,0.29695000000000005,0.1232,0.14655,0.1776,0.2168,50.16560198000002,-0.3631722,-0.33912063,-0.15600973,0.027429787,-0.18265787,-0.19333975,0.9818181818181819,0.8561843390055363,3,3,0.14381566099446366,-7.286325101021851,112.79938410173484,1.4022821,0.0,"{""geodesic"":false,""type"":""Point"",""coordinates"":[112.79938410173484,-7.286325101021851]}"
313,0.19230000000000003,0.1558,0.0495,0.07919999999999999,0.09025,0.2499,49.417055600000026,-0.4165746,-0.32595745,0.23194478,0.10485493,0.1302578,-0.5186873,0.8512396694214877,0.7599105245050679,3,3,0.2380961976776952,-7.277701274294304,112.7945331992006,1.476889,0.001993277817236627,"{""geodesic"":false,""type"":""Point"",""coordinates"":[112.7945331992006,-7.277701274294304]}"
314,0.31800000000000006,0.24505000000000002,0.10200000000000001,0.12440000000000001,0.17345,0.24275000000000002,52.072857139999996,-0.437613,-0.32656652,-0.0047150473,0.1295622,-0.13419527,-0.32234782,1.2644628099173554,0.87472445084367,3,3,0.1246708906063504,-7.277701274294304,112.79884511256438,0.9349411,6.046585499795577E-4,"{""geodesic"":false,""type"":""Point"",""coordinates"":[112.79884511256438,-7.277701274294304]}"
315,0.3062,0.20190000000000002,0.07315,0.10715000000000001,0.13240000000000002,0.29395000000000004,48.39164960000005,-0.48155317,-0.3065847,0.18564081,0.20527455,-0.020411564,-0.46571928,1.3232323232323233,0.8869762977531743,3,3,0.11288247900404097,-7.276084306782889,112.79615016671202,1.925959,1.4122324278460595E-4,"{""geodesic"":false,""type"":""Point"",""coordinates"":[112.79615016671202,-7.276084306782889]}"
316,0.30795,0.2917,0.1174,0.13855,0.17905000000000001,0.21100000000000002,51.502047800000014,-0.3793953,-0.35595584,-0.16053312,0.027099142,-0.18681954,-0.20726648,0.3333333333333335,0.995870509606682,3,3,0.00412949039331784,-7.28902004687421,112.80046208007579,1.8694309,0.0,"{""geodesic"":false,""type"":""Point"",""coordinates"":[112.80046208007579,-7.28902004687421]}"
317,0.30255,0.2695,0.07455,0.10250000000000001,0.1416,0.23975000000000002,48.159224240000015,-0.49388963,-0.44892472,-0.058419243,0.05777467,-0.11580306,-0.40102264,0.3553719008264462,0.79173644879886,3,3,0.20826313477160704,-7.287942068533266,112.79615016671202,1.4673698,4.164295330630625E-7,"{""geodesic"":false,""type"":""Point"",""coordinates"":[112.79615016671202,-7.287942068533266]}"
318,0.24715000000000004,0.2026,0.06565000000000001,0.0988,0.1097,0.2503,49.29400687999998,-0.42881918,-0.34439284,0.105321266,0.09905503,0.0063322945,-0.43397307,0.3055555555555556,0.8659342135397203,2,3,0.13406518418616153,-7.275545317612417,112.79992309090532,0.65847325,6.022741180664125E-7,"{""geodesic"":false,""type"":""Point"",""coordinates"":[112.79992309090532,-7.275545317612417]}"
319,0.25255000000000005,0.23705,0.09585,0.1118,0.12235,0.2193,48.43950188000002,-0.38630438,-0.35903683,-0.038895585,0.031658497,-0.07046731,-0.32467532,-1.1363636363636362,0.8077327485296386,2,3,0.19226664919624317,-7.275545317612417,112.79237724251871,0.92740995,6.022741180664125E-7,"{""geodesic"":false,""type"":""Point"",""coordinates"":[112.79237724251871,-7.275545317612417]}"
320,0.2394,0.2012,0.08565,0.1097,0.12605,0.222,51.01668896000001,-0.37152678,-0.29430684,0.04914934,0.086699955,-0.037711315,-0.33855894,0.5353535353535355,0.9395226681668293,3,3,0.0604773318331706,-7.28902004687421,112.79776713422343,0.46373534,0.0,"{""geodesic"":false,""type"":""Point"",""coordinates"":[112.79776713422343,-7.28902004687421]}"
321,0.25370000000000004,0.21825,0.08460000000000001,0.11015,0.1298,0.22970000000000002,50.41511744000002,-0.3945307,-0.32917175,0.02556089,0.07511389,-0.049648326,-0.35177284,0.6727272727272728,0.9051931228081685,3,3,0.09480687719183128,-7.288481057703739,112.79776713422343,1.9260085,0.0,"{""geodesic"":false,""type"":""Point"",""coordinates"":[112.79776713422343,-7.288481057703739]}"
322,0.19975,0.12755,0.0454,0.0771,0.06915,0.29575,48.11137196000004,-0.4430197,-0.24651845,0.39735413,0.22059272,0.19374369,-0.5864289,-0.016528925619834656,0.8311205433776975,2,3,0.16243249936462015,-7.278779252635247,112.79776713422343,2.7182076,0.006446957257682192,"{""geodesic"":false,""type"":""Point"",""coordinates"":[112.79776713422343,-7.278779252635247]}"
323,0.17285,0.11900000000000001,0.03145,0.059000000000000004,0.048600000000000004,0.21340000000000003,47.95072502000005,-0.49105024,-0.33707866,0.28399518,0.18451259,0.10498382,-0.5668135,0.2727272727272727,0.5728618603224042,2,3,0.4271363758748214,-7.287403079362795,112.79022128583684,0.46373534,1.7638027743373513E-6,"{""geodesic"":false,""type"":""Point"",""coordinates"":[112.79022128583684,-7.287403079362795]}"
324,0.2528,0.1995,0.04290000000000001,0.0761,0.0911,0.27480000000000004,48.69243535999999,-0.5372454,-0.44775036,0.15876028,0.11784214,0.041698255,-0.5662582,-0.49586776859504145,0.7725951913537886,2,3,0.22740344922748779,-7.287942068533266,112.79507218837108,0.6584823,1.359418723635617E-6,"{""geodesic"":false,""type"":""Point"",""coordinates"":[112.79507218837108,-7.287942068533266]}"
325,0.2043,0.12595,0.0459,0.081,0.07375000000000001,0.2906,44.65917176000005,-0.43217665,-0.21720222,0.39527068,0.23724452,0.17437866,-0.56404734,0.27272727272727293,0.74160293944713,3,3,0.25832229252307015,-7.278779252635247,112.80046208007579,0.6584757,7.476802979995895E-5,"{""geodesic"":false,""type"":""Point"",""coordinates"":[112.80046208007579,-7.278779252635247]}"
326,0.2611,0.2164,0.06390000000000001,0.09540000000000001,0.1058,0.2538,49.03423736000002,-0.46479663,-0.38806927,0.07954062,0.09361257,-0.0141775105,-0.45360824,-0.2954545454545454,0.678435034478778,2,3,0.3215649655212221,-7.289559036044682,112.79291623168919,1.043616,0.0,"{""geodesic"":false,""type"":""Point"",""coordinates"":[112.79291623168919,-7.289559036044682]}"
327,0.19185000000000002,0.13165000000000002,0.04335,0.0761,0.06845000000000001,0.3226,44.79931058,-0.4319836,-0.2673887,0.42036325,0.18608965,0.25415492,-0.6182594,-1.1322314049586777,0.45659721978892726,2,3,0.5424600276281895,-7.279318241805719,112.79183825334825,1.3167784,9.427525828833144E-4,"{""geodesic"":false,""type"":""Point"",""coordinates"":[112.79183825334825,-7.279318241805719]}"
328,0.1945,0.1144,0.0269,0.06760000000000001,0.053200000000000004,0.34440000000000004,44.033674099999985,-0.48416635,-0.25714287,0.5013078,0.2593072,0.2781592,-0.67184466,0.09090909090909083,0.4838407206267641,2,3,0.5153232368581999,-7.284169144339964,112.79022128583684,2.71823,8.360425150359045E-4,"{""geodesic"":false,""type"":""Point"",""coordinates"":[112.79022128583684,-7.284169144339964]}"
329,0.22285,0.1647,0.0741,0.09940000000000002,0.09725,0.24405000000000002,47.54056262000006,-0.38308766,-0.24725483,0.19412844,0.15004516,0.04540587,-0.42116755,0.209090909090909,0.770454496012012,3,3,0.22943703011736633,-7.283630155169493,112.79938410173484,1.4022735,1.084738706217471E-4,"{""geodesic"":false,""type"":""Point"",""coordinates"":[112.79938410173484,-7.283630155169493]}"
330,0.30165,0.2712,0.08435000000000001,0.10890000000000001,0.14175,0.23170000000000002,47.465366180000046,-0.46949214,-0.4269929,-0.078544445,0.053155277,-0.13115215,-0.3605402,-0.7107438016528924,0.6740625291675438,2,3,0.32591352326633294,-7.287403079362795,112.79399421003014,1.9122806,2.394756612311688E-5,"{""geodesic"":false,""type"":""Point"",""coordinates"":[112.79399421003014,-7.287403079362795]}"
331,0.22465000000000002,0.1361,0.03735,0.07170000000000001,0.06860000000000001,0.3144,43.86619112000005,-0.5161127,-0.30991337,0.39578247,0.24546084,0.16649662,-0.6285936,-1.1322314049586777,0.35212947770670033,2,3,0.6412951659295897,-7.280935209317135,112.79183825334825,1.4673674,0.006575356363709968,"{""geodesic"":false,""type"":""Point"",""coordinates"":[112.79183825334825,-7.280935209317135]}"
332,0.2744,0.23795,0.1062,0.13225,0.16705,0.23860000000000003,47.77640600000001,-0.3495635,-0.28552133,0.0013639702,0.07114277,-0.06978557,-0.28677362,1.1625,0.5416473904085101,3,3,0.45835260959148993,-7.288481057703739,112.79022128583684,1.3167915,0.0,"{""geodesic"":false,""type"":""Point"",""coordinates"":[112.79022128583684,-7.288481057703739]}"
333,0.24730000000000002,0.15655000000000002,0.0513,0.08595,0.09135,0.3096,44.83007276000001,-0.48417103,-0.29113403,0.3283278,0.22471215,0.111869276,-0.56541526,-0.7676767676767677,0.3859593839854396,2,3,0.6105620699947601,-7.282013187658078,112.7907602750073,1.4673678,0.003478546019800207,"{""geodesic"":false,""type"":""Point"",""coordinates"":[112.7907602750073,-7.282013187658078]}"
334,0.21865,0.14065,0.0252,0.0541,0.05965000000000001,0.3396,46.38527185999999,-0.60329974,-0.44441593,0.4142634,0.21708879,0.2166592,-0.72517145,-0.6528925619834709,0.5499657377582721,2,3,0.4428287820311378,-7.279857230976191,112.79345522085966,2.0764048,0.007205480210590169,"{""geodesic"":false,""type"":""Point"",""coordinates"":[112.79345522085966,-7.279857230976191]}"
335,0.3289,0.32205000000000006,0.1393,0.16235,0.17915,0.22145000000000004,49.813545920000024,-0.33903307,-0.32968622,-0.18509659,0.010523082,-0.1952394,-0.15398645,-0.6262626262626263,0.8214803188335993,2,3,0.17848264130813976,-7.283630155169493,112.79992309090532,0.46750748,3.703985826108438E-5,"{""geodesic"":false,""type"":""Point"",""coordinates"":[112.79992309090532,-7.283630155169493]}"
336,0.34665,0.33585,0.1383,0.16525,0.2036,0.2485,50.53474814000003,-0.3543661,-0.340451,-0.14948232,0.015824176,-0.16491641,-0.20120846,-0.125,0.950852057643469,2,3,0.04914794235653115,-7.286864090192323,112.80046208007579,1.0436109,0.0,"{""geodesic"":false,""type"":""Point"",""coordinates"":[112.80046208007579,-7.286864090192323]}"
337,0.25965000000000005,0.2151,0.08465,0.1096,0.12905,0.2214,49.82038196000002,-0.40636426,-0.32491532,0.01443299,0.09383886,-0.079513565,-0.33776435,0.5537190082644627,0.8703669601365753,2,3,0.12765900613824613,-7.277701274294304,112.79776713422343,1.4022561,0.0019740337251784095,"{""geodesic"":false,""type"":""Point"",""coordinates"":[112.79776713422343,-7.277701274294304]}"
338,0.1864,0.1277,0.024550000000000002,0.04975,0.0484,0.28715,47.27395706000004,-0.5786576,-0.43927866,0.38435578,0.18688315,0.21275473,-0.7046601,0.0,0.7236486905101881,3,3,0.2763386617333327,-7.27662329595336,112.79237724251871,1.4022527,1.2647756479394667E-5,"{""geodesic"":false,""type"":""Point"",""coordinates"":[112.79237724251871,-7.27662329595336]}"
339,0.2087,0.11985000000000001,0.0347,0.06870000000000001,0.06640000000000001,0.32235,44.01316598000005,-0.50468636,-0.27128083,0.4579376,0.27043068,0.21400999,-0.6486383,-1.0330578512396693,0.3427842704175273,2,3,0.6457898152103153,-7.282013187658078,112.79183825334825,1.0385444,0.011425914372157361,"{""geodesic"":false,""type"":""Point"",""coordinates"":[112.79183825334825,-7.282013187658078]}"
340,0.24465000000000003,0.21295000000000003,0.10555,0.13625,0.161,0.23420000000000002,49.39654747999998,-0.28458914,-0.2196449,0.047523204,0.06927448,-0.021823118,-0.26440814,0.19090909090909092,0.8683374707313886,2,3,0.1311596303800259,-7.27662329595336,112.79561117754155,1.4673661,5.028988885854546E-4,"{""geodesic"":false,""type"":""Point"",""coordinates"":[112.79561117754155,-7.27662329595336]}"
341,0.21015,0.1207,0.0391,0.07300000000000001,0.0685,0.32575,44.66258978000002,-0.48437223,-0.2462571,0.45928997,0.27036422,0.21571189,-0.6338558,-0.8636363636363638,0.3485983938815952,2,3,0.64456295558608,-7.282013187658078,112.79129926417777,1.3909631,0.006838650532324668,"{""geodesic"":false,""type"":""Point"",""coordinates"":[112.79129926417777,-7.282013187658078]}"
342,0.23165000000000002,0.18835000000000002,0.053750000000000006,0.0877,0.11695,0.23575000000000002,46.79201624000001,-0.45075935,-0.36460787,0.11176609,0.10309524,0.00877193,-0.45772144,-0.27272727272727293,0.5768607164131518,2,3,0.4231392835868481,-7.28902004687421,112.79183825334825,1.4673702,0.0,"{""geodesic"":false,""type"":""Point"",""coordinates"":[112.79183825334825,-7.28902004687421]}"
343,0.32225000000000004,0.2974,0.168,0.18910000000000002,0.21680000000000002,0.2528,51.252532340000016,-0.26038918,-0.22261049,-0.08106143,0.040103283,-0.12077211,-0.14415026,0.4876033057851239,0.8828516213583922,2,3,0.11664569198294977,-7.277162285123833,112.7983061233939,0.6584745,5.02686658658136E-4,"{""geodesic"":false,""type"":""Point"",""coordinates"":[112.7983061233939,-7.277162285123833]}"
344,0.25375000000000003,0.1721,0.05495,0.08330000000000001,0.10175000000000001,0.25785,48.44633792000002,-0.5057113,-0.3476899,0.19944179,0.19173418,0.008014074,-0.51165175,0.25,0.5826561761260156,2,3,0.4173341229587255,-7.286864090192323,112.79022128583684,0.93495965,9.700915258855432E-6,"{""geodesic"":false,""type"":""Point"",""coordinates"":[112.79022128583684,-7.286864090192323]}"
345,0.17880000000000001,0.10615,0.02785,0.05450000000000001,0.04375,0.2913,47.304719240000054,-0.5327904,-0.32150638,0.46584475,0.25495702,0.23931079,-0.6847889,-0.3374999999999999,0.726718774689161,3,3,0.273281225310839,-7.27662329595336,112.79022128583684,2.0764022,0.0,"{""geodesic"":false,""type"":""Point"",""coordinates"":[112.79022128583684,-7.27662329595336]}"
346,0.17775000000000002,0.10350000000000001,0.022400000000000003,0.056,0.038349999999999995,0.31920000000000004,43.71238022,-0.5208556,-0.29780564,0.510291,0.264,0.2846363,-0.70149255,0.024793388429752206,0.4590201281275033,3,3,0.5207922672188184,-7.281474198487606,112.79345522085966,1.0385442,0.02018760465367815,"{""geodesic"":false,""type"":""Point"",""coordinates"":[112.79345522085966,-7.281474198487606]}"
347,0.1764,0.1036,0.02415,0.05555,0.04905,0.28615,44.46092659999999,-0.52101743,-0.30191642,0.46837717,0.26,0.23727165,-0.674861,-0.950413223140496,0.37245162408881616,2,3,0.6100062689250282,-7.282552176828549,112.79237724251871,3.3016517,0.017542106986155465,"{""geodesic"":false,""type"":""Point"",""coordinates"":[112.79237724251871,-7.282552176828549]}"
348,0.31395,0.24335,0.101,0.12175,0.1634,0.24515000000000003,51.56015414000001,-0.4411292,-0.33305943,0.0036847491,0.12668222,-0.12305491,-0.33633143,0.3553719008264462,0.8805025916915016,2,3,0.1192413038588674,-7.277162285123833,112.79884511256438,0.92740995,2.561044496309825E-4,"{""geodesic"":false,""type"":""Point"",""coordinates"":[112.79884511256438,-7.277162285123833]}"
349,0.2255,0.15985,0.05445,0.0845,0.08000000000000002,0.27370000000000005,48.69585338000002,-0.45483872,-0.30836913,0.26259947,0.1703646,0.09655449,-0.5281965,0.9272727272727272,0.8187387555224985,3,3,0.18126106809722412,-7.28578611185138,112.79938410173484,1.8543341,1.7638027743373515E-7,"{""geodesic"":false,""type"":""Point"",""coordinates"":[112.79938410173484,-7.28578611185138]}"
350,0.21995,0.1579,0.0426,0.07575000000000001,0.07289999999999999,0.3266,45.98878153999999,-0.4876564,-0.35159427,0.348194,0.1642186,0.1951331,-0.62346214,-0.9090909090909092,0.49395989095455406,2,3,0.5044394580277349,-7.279318241805719,112.79237724251871,2.3640466,0.0016006510177111468,"{""geodesic"":false,""type"":""Point"",""coordinates"":[112.79237724251871,-7.279318241805719]}"
351,0.15575,0.0822,0.022699999999999998,0.0495,0.0325,0.31915000000000004,44.55663116000005,-0.5176614,-0.24829157,0.59038246,0.30909854,0.34407243,-0.7314526,0.0,0.4804573527745343,3,3,0.5190399634347796,-7.280396220146662,112.79022128583684,0.93494576,5.026837906861452E-4,"{""geodesic"":false,""type"":""Point"",""coordinates"":[112.79022128583684,-7.280396220146662]}"
352,0.22015,0.1275,0.015850000000000003,0.045450000000000004,0.04145,0.2793,45.61279934000004,-0.65775603,-0.47441456,0.37315634,0.26650366,0.11843027,-0.72009236,0.6931818181818183,0.5436921166139661,3,3,0.45630788338603384,-7.289559036044682,112.79183825334825,1.926013,0.0,"{""geodesic"":false,""type"":""Point"",""coordinates"":[112.79183825334825,-7.289559036044682]}"
353,0.3751,0.32765,0.0641,0.1074,0.20875,0.26205,50.64070676000006,-0.55481863,-0.5062637,-0.111243,0.067520455,-0.17743075,-0.4185952,0.020202020202020332,0.8586885729918694,3,3,0.14080852811954517,-7.280935209317135,112.79992309090532,2.8191984,5.028988885854547E-4,"{""geodesic"":false,""type"":""Point"",""coordinates"":[112.79992309090532,-7.280935209317135]}"
354,0.1613,0.077,0.017,0.044500000000000005,0.0258,0.3558,42.20845142000002,-0.5675413,-0.2674897,0.64417744,0.35375577,0.37613615,-0.77766675,-0.0707070707070705,0.40476328163428654,3,3,0.5940473265011604,-7.280396220146662,112.7907602750073,2.324253,0.0011893918645530844,"{""geodesic"":false,""type"":""Point"",""coordinates"":[112.7907602750073,-7.280396220146662]}"
355,0.27325,0.1816,0.0359,0.07625,0.0814,0.35650000000000004,46.340837599999986,-0.56366235,-0.4085709,0.32503253,0.20149499,0.13219531,-0.64760256,0.669421487603306,0.6644781798339818,3,3,0.3341937727540041,-7.278240263464776,112.79345522085966,2.7078915,0.0013280474120143338,"{""geodesic"":false,""type"":""Point"",""coordinates"":[112.79345522085966,-7.278240263464776]}"
356,0.2117,0.131,0.029650000000000003,0.061450000000000005,0.05965,0.30195,46.08448610000005,-0.5500641,-0.36139256,0.3948493,0.23548293,0.1757033,-0.66180515,-0.7438016528925622,0.4739405362362122,2,3,0.5221842528398991,-7.284708133510437,112.79183825334825,0.4675086,0.0038752109238887242,"{""geodesic"":false,""type"":""Point"",""coordinates"":[112.79183825334825,-7.284708133510437]}"
357,0.3046,0.24305,0.06470000000000001,0.10465,0.1476,0.27735,48.49760822000002,-0.48857665,-0.3980443,0.06591084,0.1123893,-0.046825327,-0.45209423,-1.7520661157024793,0.7261521622254155,2,3,0.2581997753407983,-7.282013187658078,112.79615016671202,3.276136,0.01564806243378625,"{""geodesic"":false,""type"":""Point"",""coordinates"":[112.79615016671202,-7.282013187658078]}"
358,0.21545,0.14379999999999998,0.0347,0.0629,0.062450000000000006,0.29735,46.320329480000055,-0.548051,-0.39138848,0.34806755,0.19944328,0.15971139,-0.6507981,-0.4049586776859506,0.5779622453544269,2,3,0.4219629866157733,-7.286864090192323,112.79183825334825,1.0436109,7.476802979995894E-5,"{""geodesic"":false,""type"":""Point"",""coordinates"":[112.79183825334825,-7.286864090192323]}"
359,0.21905000000000002,0.20275,0.0878,0.11055000000000001,0.11660000000000001,0.1879,48.583058720000054,-0.3291869,-0.29428664,-0.038013566,0.038643908,-0.07654503,-0.25917238,0.5584415584415585,0.8637104250100864,3,3,0.13628821557118986,-7.275006328441945,112.7945331992006,0.0,1.3594187236356172E-6,"{""geodesic"":false,""type"":""Point"",""coordinates"":[112.7945331992006,-7.275006328441945]}"
360,0.17945,0.12365000000000001,0.043750000000000004,0.06845000000000001,0.07214999999999999,0.21015,48.73686961999999,-0.4477612,-0.28735033,0.2591372,0.18409766,0.07879877,-0.5086145,-0.10227272727272707,0.8712839781199881,2,3,0.12869662004949414,-7.275545317612417,112.79507218837108,1.0435902,1.9401830517710864E-5,"{""geodesic"":false,""type"":""Point"",""coordinates"":[112.79507218837108,-7.275545317612417]}"
361,0.17335,0.1,0.02105,0.0482,0.033600000000000005,0.2816,48.186568400000056,-0.56488377,-0.34952766,0.475891,0.2683373,0.23793824,-0.7077016,-1.1931818181818183,0.6163033463966676,2,3,0.38368695268807357,-7.278240263464776,112.79022128583684,2.3817472,9.700915258855434E-6,"{""geodesic"":false,""type"":""Point"",""coordinates"":[112.79022128583684,-7.278240263464776]}"
362,0.26130000000000003,0.25305,0.11345,0.13045,0.14595000000000002,0.19715,52.39756904000001,-0.33401403,-0.3196871,-0.12416704,0.016039662,-0.13992801,-0.20360196,0.3015873015873014,0.9979789126234822,3,3,0.0020210873765177198,-7.290098025215153,112.79992309090532,0.658484,0.0,"{""geodesic"":false,""type"":""Point"",""coordinates"":[112.79992309090532,-7.290098025215153]}"
363,0.22405000000000003,0.15765,0.06835000000000001,0.09835,0.0943,0.28215,48.972713,-0.38988835,-0.23164062,0.28308323,0.1739586,0.11477677,-0.48304862,0.8264462809917354,0.7226259584697504,3,3,0.27339298810004053,-7.278240263464776,112.7945331992006,2.3817472,0.003981053430208919,"{""geodesic"":false,""type"":""Point"",""coordinates"":[112.7945331992006,-7.278240263464776]}"
364,0.2725,0.1977,0.0582,0.0913,0.11725000000000001,0.3235,46.13575639999999,-0.49807587,-0.3681661,0.24136607,0.15908124,0.08557047,-0.55978787,-0.5289256198347108,0.5301362152711145,2,3,0.4690277264400037,-7.28578611185138,112.79183825334825,0.46373534,8.360582888818539E-4,"{""geodesic"":false,""type"":""Point"",""coordinates"":[112.79183825334825,-7.28578611185138]}"
365,0.13705,0.09920000000000001,0.041800000000000004,0.08000000000000002,0.06925,0.13405,49.584538580000014,-0.26284266,-0.10714286,0.1494105,0.16021164,-0.011066027,-0.25251108,-0.9090909090909092,0.8364269735644031,2,3,0.16303381041769208,-7.280396220146662,112.79992309090532,1.0385436,5.392160179048593E-4,"{""geodesic"":false,""type"":""Point"",""coordinates"":[112.79992309090532,-7.280396220146662]}"
366,0.26575000000000004,0.1733,0.0733,0.10525000000000001,0.12675,0.25065000000000004,47.23635883999998,-0.43261456,-0.24430084,0.18245076,0.21056828,-0.029240899,-0.40854174,0.3737373737373737,0.792726864136559,3,3,0.20698765793147758,-7.278779252635247,112.79992309090532,1.0385431,2.854779319634796E-4,"{""geodesic"":false,""type"":""Point"",""coordinates"":[112.79992309090532,-7.278779252635247]}"
367,0.2314,0.21335,0.0907,0.1119,0.13135000000000002,0.21000000000000002,47.619177079999986,-0.34809205,-0.3119139,-0.007913074,0.040584598,-0.0484821,-0.30475304,-0.016528925619834656,0.7750170981965453,2,3,0.21359471560283605,-7.278779252635247,112.79668915588249,2.5132337,0.011388186200618487,"{""geodesic"":false,""type"":""Point"",""coordinates"":[112.79668915588249,-7.278779252635247]}"
368,0.30635,0.24025000000000002,0.12925,0.14725,0.16365000000000002,0.29055,47.38333369999998,-0.35074955,-0.24,0.09476262,0.12092938,-0.026470095,-0.3273184,-1.15702479338843,0.7121453589983524,2,3,0.26444050906490213,-7.280935209317135,112.79615016671202,1.4768972,0.02341413193674546,"{""geodesic"":false,""type"":""Point"",""coordinates"":[112.79615016671202,-7.280935209317135]}"
369,0.257,0.2389,0.1033,0.12200000000000001,0.1408,0.20405,49.734931459999984,-0.35620052,-0.32391244,-0.07867705,0.036499295,-0.11484654,-0.25164852,-0.26984126984126977,0.839688574648195,3,3,0.16031142506500787,-7.275006328441945,112.7907602750073,1.0385413,2.867971990792441E-10,"{""geodesic"":false,""type"":""Point"",""coordinates"":[112.7907602750073,-7.275006328441945]}"
370,0.24320000000000003,0.23875000000000002,0.11185,0.12865,0.13335,0.17400000000000002,49.94001265999998,-0.30805433,-0.29967338,-0.15687463,0.009233323,-0.16586769,-0.14984305,-0.09090909090909083,0.9517118984287608,2,3,0.04828810157123907,-7.287403079362795,112.79992309090532,1.0436119,0.0,"{""geodesic"":false,""type"":""Point"",""coordinates"":[112.79992309090532,-7.287403079362795]}"
371,0.27465,0.23405000000000004,0.0804,0.11000000000000001,0.1177,0.25655000000000006,48.634329019999996,-0.42805147,-0.36055806,0.04586221,0.07981128,-0.034073796,-0.39980903,0.2597402597402598,0.8264353379045146,3,3,0.17356466209548554,-7.290098025215153,112.79399421003014,1.0385484,0.0,"{""geodesic"":false,""type"":""Point"",""coordinates"":[112.79399421003014,-7.290098025215153]}"
372,0.2305,0.1384,0.0408,0.07565000000000001,0.07164999999999999,0.34030000000000005,45.93751124000005,-0.5057978,-0.29315582,0.4217673,0.24966115,0.1923616,-0.6362544,0.6818181818181817,0.45446901349723007,3,3,0.5439518538789057,-7.282552176828549,112.79022128583684,1.467368,0.0015791326238642307,"{""geodesic"":false,""type"":""Point"",""coordinates"":[112.79022128583684,-7.282552176828549]}"
373,0.365,0.25385,0.0769,0.11405000000000001,0.16160000000000002,0.29615,49.618718779999995,-0.5238493,-0.37999457,0.07690909,0.17960733,-0.10413673,-0.4439298,-0.8977272727272729,0.7980446267919391,2,3,0.20181414996527625,-7.280396220146662,112.80046208007579,1.0385436,1.41223242784606E-4,"{""geodesic"":false,""type"":""Point"",""coordinates"":[112.80046208007579,-7.280396220146662]}"
374,0.1991,0.1704,0.053200000000000004,0.07635,0.0849,0.17635,49.80670988000003,-0.44563442,-0.381155,0.017159337,0.07767253,-0.060593955,-0.39572614,-0.1212121212121211,0.8648264191708193,2,3,0.1350668707613333,-7.276084306782889,112.79507218837108,0.46749994,1.0671006784740976E-4,"{""geodesic"":false,""type"":""Point"",""coordinates"":[112.79507218837108,-7.276084306782889]}"
375,0.30215000000000003,0.2649,0.07415,0.1131,0.1699,0.25625,48.06693770000004,-0.4552679,-0.4015873,-0.016597908,0.06569085,-0.08219914,-0.38757277,1.2954545454545454,0.557470284002584,3,3,0.4425295396171384,-7.287942068533266,112.79022128583684,1.4769187,1.7638027743373513E-7,"{""geodesic"":false,""type"":""Point"",""coordinates"":[112.79022128583684,-7.287942068533266]}"
376,0.3035,0.26065,0.0632,0.1,0.15230000000000002,0.25495,46.81936040000005,-0.5043371,-0.44544572,-0.011055081,0.07595497,-0.086937055,-0.43654037,-0.39669421487603307,0.6597712462061689,2,3,0.3358515115428842,-7.278779252635247,112.79399421003014,2.0865006,0.004377242250946964,"{""geodesic"":false,""type"":""Point"",""coordinates"":[112.79399421003014,-7.278779252635247]}"
377,0.26185,0.1815,0.0748,0.1081,0.12730000000000002,0.24215,48.69585338000002,-0.4155967,-0.25345305,0.14316063,0.1812338,-0.039087303,-0.3827266,0.202020202020202,0.8635547722921857,2,3,0.13640818784955325,-7.277162285123833,112.79992309090532,0.6584745,3.703985826108438E-5,"{""geodesic"":false,""type"":""Point"",""coordinates"":[112.79992309090532,-7.277162285123833]}"
378,0.3421,0.3406,0.1942,0.21400000000000002,0.22045000000000003,0.32405,44.44383650000003,-0.23035425,-0.22827263,-0.024900323,0.0021971583,-0.027096,-0.20453489,0.09917355371900838,0.5497146629428207,3,3,0.44870578800378197,-7.28578611185138,112.79345522085966,1.476912,0.0015795490533972937,"{""geodesic"":false,""type"":""Point"",""coordinates"":[112.79345522085966,-7.28578611185138]}"
379,0.17425000000000002,0.10930000000000001,0.01855,0.051949999999999996,0.033100000000000004,0.3094,45.43506230000003,-0.54067194,-0.35565892,0.4779078,0.22906013,0.2794376,-0.71246713,0.2148760330578514,0.5719248873483761,3,3,0.42753589663371905,-7.286325101021851,112.79345522085966,1.8694193,5.392160179048593E-4,"{""geodesic"":false,""type"":""Point"",""coordinates"":[112.79345522085966,-7.286325101021851]}"
380,0.2697,0.22000000000000003,0.0514,0.08935000000000001,0.1264,0.27965000000000007,46.05030590000001,-0.50229776,-0.42233714,0.119383566,0.101490706,0.018112315,-0.51571816,-0.9917355371900825,0.4492862233038309,2,3,0.5473937320164121,-7.279857230976191,112.79237724251871,2.3640466,0.003320044679757072,"{""geodesic"":false,""type"":""Point"",""coordinates"":[112.79237724251871,-7.279857230976191]}"
381,0.2924,0.28354999999999997,0.11480000000000001,0.13415,0.15475,0.20725,50.876550140000006,-0.37099987,-0.35767296,-0.15546048,0.015365917,-0.17041929,-0.21411833,0.4624999999999999,0.9913031554614324,3,3,0.008696844538567727,-7.288481057703739,112.80046208007579,0.9349631,0.0,"{""geodesic"":false,""type"":""Point"",""coordinates"":[112.80046208007579,-7.288481057703739]}"
382,0.20425,0.17635,0.08580000000000002,0.1043,0.1086,0.19870000000000002,47.99857730000002,-0.32393453,-0.25672546,0.059592053,0.07330531,-0.013773421,-0.31155115,0.883116883116883,0.8704237717847785,3,3,0.12957428803216964,-7.275006328441945,112.79507218837108,0.46373534,1.9401830517710864E-6,"{""geodesic"":false,""type"":""Point"",""coordinates"":[112.79507218837108,-7.275006328441945]}"
383,0.24565,0.20040000000000002,0.0985,0.12655,0.13325,0.23725000000000002,49.317933020000055,-0.31998926,-0.22587551,0.084199704,0.101446025,-0.017394906,-0.30428806,-0.37190082644628086,0.8428089024251659,2,3,0.15165981207451204,-7.279318241805719,112.7983061233939,2.7078931,0.005531285500321934,"{""geodesic"":false,""type"":""Point"",""coordinates"":[112.7983061233939,-7.279318241805719]}"
384,0.26625,0.23245000000000002,0.0592,0.09285,0.1402,0.24345,48.16947830000004,-0.48287386,-0.42914233,0.0231141,0.06777622,-0.044732194,-0.44781446,-0.1983471074380163,0.6042212390605952,2,3,0.3957774015206812,-7.287942068533266,112.79183825334825,1.4673698,1.3594187236356172E-6,"{""geodesic"":false,""type"":""Point"",""coordinates"":[112.79183825334825,-7.287942068533266]}"
385,0.2144,0.1845,0.1003,0.1177,0.1315,0.193,49.929758600000014,-0.29117736,-0.22104566,0.022516556,0.07495613,-0.05252823,-0.24235597,0.03896103896103886,0.9530883697105451,3,3,0.04691163028945477,-7.290098025215153,112.79615016671202,1.3909631,0.0,"{""geodesic"":false,""type"":""Point"",""coordinates"":[112.79615016671202,-7.290098025215153]}"
386,0.28085000000000004,0.19845000000000002,0.06484999999999999,0.099,0.12265000000000001,0.29075,45.031735939999976,-0.47874162,-0.3343419,0.18867539,0.17191738,0.017319804,-0.49198204,-0.9669421487603307,0.3821462622173754,2,3,0.6081543712286444,-7.280935209317135,112.79237724251871,0.65847695,0.009699366553980406,"{""geodesic"":false,""type"":""Point"",""coordinates"":[112.79237724251871,-7.280935209317135]}"
387,0.26565000000000005,0.225,0.10375000000000001,0.1312,0.17520000000000002,0.24820000000000003,47.615759060000016,-0.338793,-0.2633352,0.049027894,0.08284928,-0.033959325,-0.30838165,-0.8429752066115701,0.4562819813418112,2,3,0.5345089032363144,-7.284169144339964,112.79237724251871,0.93495387,0.009209115421874345,"{""geodesic"":false,""type"":""Point"",""coordinates"":[112.79237724251871,-7.284169144339964]}"
388,0.22555000000000003,0.14445000000000002,0.06,0.09720000000000001,0.09645000000000001,0.271,48.21391256000004,-0.39767623,-0.19553073,0.30460945,0.21918918,0.09153157,-0.47202608,0.07070707070707072,0.8376578903831399,2,3,0.1622546594149169,-7.277701274294304,112.79992309090532,1.9259658,8.745020194324313E-5,"{""geodesic"":false,""type"":""Point"",""coordinates"":[112.79992309090532,-7.277701274294304]}"
389,0.28185,0.27075000000000005,0.16920000000000002,0.19055,0.21685000000000001,0.24635,48.52837040000003,-0.19326842,-0.1738565,-0.04718623,0.020086862,-0.06720939,-0.12771802,-0.1322314049586777,0.7080287137317613,2,3,0.2824893406708802,-7.278779252635247,112.79507218837108,1.9259703,0.00948194559735843,"{""geodesic"":false,""type"":""Point"",""coordinates"":[112.79507218837108,-7.278779252635247]}"
390,0.19430000000000003,0.12425,0.031700000000000006,0.056350000000000004,0.05575000000000001,0.30195000000000005,46.34425562000001,-0.550369,-0.375969,0.4169404,0.21990268,0.21692695,-0.68545914,-0.09090909090909083,0.44832603832679596,3,3,0.5353649593202938,-7.283630155169493,112.79291623168919,1.9747417,0.01630900235291032,"{""geodesic"":false,""type"":""Point"",""coordinates"":[112.79291623168919,-7.283630155169493]}"
391,0.24285,0.19530000000000003,0.05385000000000001,0.08185,0.09190000000000001,0.24805,48.730033580000054,-0.4958423,-0.40934512,0.11898049,0.10852448,0.010592788,-0.503789,0.7272727272727271,0.6875529686150288,3,3,0.3124470313849712,-7.28902004687421,112.79291623168919,2.513282,0.0,"{""geodesic"":false,""type"":""Point"",""coordinates"":[112.79291623168919,-7.28902004687421]}"
392,0.18610000000000002,0.12385000000000002,0.031150000000000004,0.0625,0.0562,0.25645,47.21585072000005,-0.49718422,-0.32921922,0.3486721,0.20083885,0.1589651,-0.608089,1.4857142857142858,0.8173801512760209,3,3,0.18261967234370163,-7.275006328441945,112.79938410173484,0.65847284,1.7638027743373515E-7,"{""geodesic"":false,""type"":""Point"",""coordinates"":[112.79938410173484,-7.275006328441945]}"
393,0.29935,0.27625,0.1232,0.1453,0.16615000000000002,0.24010000000000004,51.81992366000003,-0.34645227,-0.31063932,-0.070010655,0.040132035,-0.10983409,-0.2459782,0.25,0.9981208164897948,3,3,0.001879183510205224,-7.289559036044682,112.80046208007579,1.3167932,0.0,"{""geodesic"":false,""type"":""Point"",""coordinates"":[112.80046208007579,-7.289559036044682]}"
394,0.29155,0.2813,0.12175,0.13785000000000003,0.15339999999999998,0.20815,49.69049719999998,-0.3579413,-0.34224024,-0.14945346,0.01789299,-0.16690014,-0.2031792,0.7438016528925622,0.8955033561092842,3,3,0.10449664102274385,-7.287403079362795,112.79884511256438,0.6584819,2.8679719907924406E-9,"{""geodesic"":false,""type"":""Point"",""coordinates"":[112.79884511256438,-7.287403079362795]}"
395,0.25795,0.17520000000000002,0.046950000000000006,0.0748,0.09635,0.28090000000000004,49.67340710000002,-0.55041325,-0.4016,0.23174742,0.19104236,0.042590704,-0.57942086,-0.5123966942148761,0.8425672677546203,2,3,0.15060351160496085,-7.279857230976191,112.7983061233939,2.7078931,0.006829220640418945,"{""geodesic"":false,""type"":""Point"",""coordinates"":[112.7983061233939,-7.279857230976191]}"
396,0.17475000000000002,0.123,0.044300000000000006,0.0695,0.0722,0.22360000000000002,47.239776860000006,-0.43091094,-0.27792206,0.29024813,0.17380352,0.12263085,-0.5257591,1.0101010101010102,0.5778165981662596,3,3,0.42217923753840947,-7.287403079362795,112.7907602750073,1.4673697,4.164295330630624E-6,"{""geodesic"":false,""type"":""Point"",""coordinates"":[112.7907602750073,-7.287403079362795]}"
397,0.30205000000000004,0.2641,0.09445,0.12875,0.1648,0.29855000000000004,46.419452060000026,-0.40227485,-0.34453353,0.061228115,0.067031704,-0.0058275056,-0.3973789,0.28099173553719003,0.49967298888635825,3,3,0.49537704919599357,-7.279857230976191,112.79291623168919,0.46373534,0.00494996191764826,"{""geodesic"":false,""type"":""Point"",""coordinates"":[112.79291623168919,-7.279857230976191]}"
398,0.25065000000000004,0.2038,0.07015,0.09645000000000001,0.1041,0.2482,49.30767896000003,-0.44425237,-0.3575354,0.098230086,0.10309165,-0.004911296,-0.44030175,-0.20661157024793386,0.7943561162200461,2,3,0.2048059010818662,-7.277162285123833,112.7945331992006,1.0435933,8.379826980876757E-4,"{""geodesic"":false,""type"":""Point"",""coordinates"":[112.7945331992006,-7.277162285123833]}"
399,0.18485000000000001,0.12195,0.032850000000000004,0.06440000000000001,0.06125,0.29035,47.29446518000003,-0.48324975,-0.3088275,0.40844047,0.20501956,0.22201179,-0.6369274,-0.06818181818181834,0.5724455526064516,3,3,0.4275174075352874,-7.278779252635247,112.79022128583684,2.8028414,3.7039858261084376E-5,"{""geodesic"":false,""type"":""Point"",""coordinates"":[112.79022128583684,-7.278779252635247]}"
400,0.18875,0.12255,0.05095,0.08215,0.08065,0.2641,46.20753481999998,-0.39350313,-0.19736199,0.36609337,0.2126566,0.16639064,-0.52548736,-0.5090909090909093,0.5039249932175545,2,3,0.49488815393349594,-7.285247122680908,112.79129926417777,0.6584802,0.001186852848949636,"{""geodesic"":false,""type"":""Point"",""coordinates"":[112.79129926417777,-7.285247122680908]}"
401,0.26065000000000005,0.19165000000000001,0.063,0.0946,0.10745000000000002,0.26170000000000004,48.90777062000001,-0.4674173,-0.3390393,0.15451638,0.15255362,0.0020101464,-0.4689868,0.24691358024691357,0.877021963846683,2,3,0.12297472364566772,-7.276084306782889,112.79992309090532,1.925959,3.3125076493652696E-6,"{""geodesic"":false,""type"":""Point"",""coordinates"":[112.79992309090532,-7.276084306782889]}"
402,0.2298,0.16040000000000001,0.0695,0.0989,0.1056,0.2818,46.029797780000024,-0.39823547,-0.23717701,0.2745364,0.1778575,0.10164191,-0.48043078,-0.5206611570247932,0.7120766088341808,2,3,0.2879110531503149,-7.285247122680908,112.7983061233939,1.0436077,1.2338015504389083E-5,"{""geodesic"":false,""type"":""Point"",""coordinates"":[112.7983061233939,-7.285247122680908]}"
403,0.2635,0.16335,0.049550000000000004,0.07835,0.1052,0.2813,47.520054500000015,-0.5416118,-0.35167563,0.2652648,0.23462574,0.03267254,-0.5642986,0.39669421487603307,0.7407571474047098,3,3,0.2389905307196537,-7.279857230976191,112.79668915588249,2.381753,0.02025232187563638,"{""geodesic"":false,""type"":""Point"",""coordinates"":[112.79668915588249,-7.279857230976191]}"
404,0.2504,0.2149,0.05865,0.09345,0.1351,0.2106,48.480518120000056,-0.45644903,-0.3938706,-0.010105758,0.07629486,-0.08633406,-0.38529846,-0.18000000000000016,0.5694089821096957,2,3,0.4305910178903043,-7.288481057703739,112.79129926417777,2.086536,0.0,"{""geodesic"":false,""type"":""Point"",""coordinates"":[112.79129926417777,-7.288481057703739]}"
405,0.20550000000000002,0.15825,0.06495000000000001,0.08625,0.09925,0.19575,49.66998908000005,-0.40874037,-0.29447854,0.105932206,0.12989691,-0.024299065,-0.3882979,0.06818181818181812,0.567236394888013,2,3,0.43265513124136523,-7.28578611185138,112.79022128583684,1.4673691,1.0847387062174712E-4,"{""geodesic"":false,""type"":""Point"",""coordinates"":[112.79022128583684,-7.28578611185138]}"
406,0.27754999999999996,0.22060000000000002,0.0999,0.13455,0.1491,0.22820000000000001,50.76717350000001,-0.34700316,-0.24229199,0.016934047,0.114323,-0.097577855,-0.2581668,-0.33884297520661155,0.8515874051169934,2,3,0.14643865866887595,-7.278779252635247,112.79884511256438,1.4768922,0.001973936214130723,"{""geodesic"":false,""type"":""Point"",""coordinates"":[112.79884511256438,-7.278779252635247]}"
407,0.22105000000000002,0.18030000000000002,0.0825,0.1026,0.12385000000000002,0.1784,47.18508854000004,-0.36598176,-0.27465534,-0.0052969055,0.101532325,-0.10677181,-0.2697509,-0.290909090909091,0.5591667149332014,2,3,0.44066163694314986,-7.286325101021851,112.79129926417777,0.46751037,1.716481236489276E-4,"{""geodesic"":false,""type"":""Point"",""coordinates"":[112.79129926417777,-7.286325101021851]}"
408,0.23685,0.16645000000000001,0.0302,0.06465,0.07515,0.2905,46.159682540000006,-0.5711443,-0.44050196,0.2714739,0.17455988,0.10173509,-0.63592845,2.652892561983471,0.6079325806298973,5,4,0.3920480175395851,-7.287403079362795,112.79237724251871,2.7079058,1.9401830517710864E-5,"{""geodesic"":false,""type"":""Point"",""coordinates"":[112.79237724251871,-7.287403079362795]}"
409,0.23420000000000002,0.1855,0.0767,0.09535,0.1194,0.23365000000000002,47.605504999999994,-0.42133212,-0.32098985,0.11487535,0.11603526,-0.0011755904,-0.42036474,0.43801652892561993,0.6813671715172963,4,4,0.2969027783028676,-7.281474198487606,112.79561117754155,3.629203,0.021730050179836164,"{""geodesic"":false,""type"":""Point"",""coordinates"":[112.79561117754155,-7.281474198487606]}"
410,0.18865,0.14015,0.0406,0.06935000000000001,0.06785,0.2508,47.51663647999999,-0.4624031,-0.3379475,0.2830285,0.14750609,0.14142679,-0.5667656,1.7181818181818183,0.68114102627054,4,4,0.31885897372946004,-7.288481057703739,112.79291623168919,2.3295488,0.0,"{""geodesic"":false,""type"":""Point"",""coordinates"":[112.79291623168919,-7.288481057703739]}"
411,0.28725,0.22155000000000002,0.04855,0.08325,0.11130000000000001,0.31385,46.07081402000006,-0.55060726,-0.45374015,0.17239447,0.12912735,0.044252206,-0.5807102,1.9669421487603307,0.5880284671205858,5,4,0.4107769608838513,-7.28578611185138,112.7945331992006,0.65848064,0.0011945719955628537,"{""geodesic"":false,""type"":""Point"",""coordinates"":[112.7945331992006,-7.28578611185138]}"
412,0.24595,0.198,0.05885,0.08725000000000001,0.09455,0.22690000000000002,49.762275620000025,-0.47629052,-0.38825592,0.068016,0.10800766,-0.040287618,-0.44453287,2.4444444444444446,0.9089946178894817,5,4,0.0910053821105184,-7.28902004687421,112.79668915588249,3.276137,0.0,"{""geodesic"":false,""type"":""Point"",""coordinates"":[112.79668915588249,-7.28902004687421]}"
413,0.26725,0.2685,0.10615,0.12485,0.15815,0.1729,52.677846680000016,-0.36317265,-0.36519638,-0.2165836,-0.0023331777,-0.21435875,-0.161377,1.1948051948051948,0.9920027186999282,4,4,0.007997281300071985,-7.290098025215153,112.79884511256438,0.9349666,0.0,"{""geodesic"":false,""type"":""Point"",""coordinates"":[112.79884511256438,-7.290098025215153]}"
414,0.25734999999999997,0.21185,0.0557,0.07965,0.09395,0.25545000000000007,49.69391522000001,-0.5272997,-0.4535163,0.093301944,0.096973576,-0.0037051481,-0.5246195,2.0,0.8208828859060276,4,4,0.17792254209840952,-7.277162285123833,112.79507218837108,0.4675011,0.0011945719955628541,"{""geodesic"":false,""type"":""Point"",""coordinates"":[112.79507218837108,-7.277162285123833]}"
415,0.30405000000000004,0.2875,0.10885,0.12985000000000002,0.15625,0.216,51.21151610000004,-0.40147498,-0.3777405,-0.14200597,0.027977347,-0.16931064,-0.24909642,1.6272727272727274,0.9540722214702831,4,4,0.045927778529717,-7.288481057703739,112.79884511256438,1.043614,0.0,"{""geodesic"":false,""type"":""Point"",""coordinates"":[112.79884511256438,-7.288481057703739]}"
416,0.17315000000000003,0.10095000000000001,0.024900000000000002,0.05985,0.04195,0.31995,43.77732260000005,-0.4862661,-0.25559703,0.5203136,0.26340753,0.29770836,-0.6848341,1.1074380165289255,0.40658514972804594,4,4,0.5760211092128262,-7.281474198487606,112.79291623168919,1.9747368,0.01739374105912779,"{""geodesic"":false,""type"":""Point"",""coordinates"":[112.79291623168919,-7.281474198487606]}"
417,0.35485,0.35650000000000004,0.15745,0.1786,0.20265,0.23075,51.04745114000002,-0.33039647,-0.3324612,-0.21413368,-0.0023195334,-0.2119194,-0.12739709,2.1527777777777777,0.897072020115562,4,4,0.10292711232291071,-7.276084306782889,112.80046208007579,1.3167734,8.675615272147131E-7,"{""geodesic"":false,""type"":""Point"",""coordinates"":[112.80046208007579,-7.276084306782889]}"
418,0.1632,0.08495,0.010750000000000001,0.040150000000000005,0.0213,0.34535000000000005,43.86277310000003,-0.60511434,-0.3581135,0.60515916,0.31533346,0.35817522,-0.7916991,0.8727272727272726,0.4013929752793454,4,4,0.5973962529853017,-7.279857230976191,112.79129926417777,3.8203065,0.001210771735352845,"{""geodesic"":false,""type"":""Point"",""coordinates"":[112.79129926417777,-7.279857230976191]}"
419,0.22210000000000002,0.15965000000000001,0.0386,0.07455,0.07955000000000001,0.29175,45.636725479999996,-0.4973875,-0.36336464,0.2926451,0.16358873,0.13554539,-0.5929566,1.322314049586777,0.6322398609927704,5,4,0.36090905581632493,-7.284169144339964,112.79507218837108,0.0,0.006851083190904754,"{""geodesic"":false,""type"":""Point"",""coordinates"":[112.79507218837108,-7.284169144339964]}"
420,0.26455,0.22700000000000004,0.08480000000000001,0.11005000000000001,0.13040000000000002,0.24780000000000002,48.98638507999999,-0.41243994,-0.34698117,0.04380792,0.07639101,-0.032692496,-0.38493782,1.3896103896103895,0.7495094234561406,4,4,0.25049057654385926,-7.290098025215153,112.79345522085966,1.0385484,0.0,"{""geodesic"":false,""type"":""Point"",""coordinates"":[112.79345522085966,-7.290098025215153]}"
421,0.24805,0.2092,0.06625,0.094,0.11065,0.2409,47.868692539999984,-0.45037276,-0.37994722,0.070428796,0.08496446,-0.014623172,-0.4386384,2.6545454545454548,0.7290332533776583,5,4,0.2709667466223416,-7.288481057703739,112.79345522085966,0.65848273,0.0,"{""geodesic"":false,""type"":""Point"",""coordinates"":[112.79345522085966,-7.288481057703739]}"
422,0.25980000000000003,0.15275,0.039099999999999996,0.07695,0.07289999999999999,0.33805,45.59570924000002,-0.5429844,-0.32999563,0.37754688,0.2594837,0.13088568,-0.62915665,1.272727272727273,0.3617033215871611,4,4,0.630970573021099,-7.282552176828549,112.79129926417777,0.46373534,0.007326105391739705,"{""geodesic"":false,""type"":""Point"",""coordinates"":[112.79129926417777,-7.282552176828549]}"
423,0.3086,0.302,0.12060000000000001,0.13835000000000003,0.1673,0.20415,52.14463555999998,-0.3809151,-0.3716362,-0.19332214,0.010809041,-0.2037055,-0.19211678,1.4777777777777779,0.984009492013183,4,4,0.01599050798681716,-7.28902004687421,112.79938410173484,0.9349643,0.0,"{""geodesic"":false,""type"":""Point"",""coordinates"":[112.79938410173484,-7.28902004687421]}"
424,0.17200000000000001,0.09440000000000001,0.021650000000000003,0.05185000000000001,0.03025,0.33345,44.01316598000005,-0.53674334,-0.29094017,0.55872387,0.2912913,0.31941834,-0.73085904,1.8099173553719008,0.4459985993266464,5,4,0.5305872687366081,-7.282013187658078,112.79345522085966,2.364047,0.023414131936745464,"{""geodesic"":false,""type"":""Point"",""coordinates"":[112.79345522085966,-7.282013187658078]}"
425,0.31074999999999997,0.29645,0.14445000000000002,0.16685,0.1885,0.21635,49.99811900000003,-0.30129817,-0.27973235,-0.15620124,0.023550725,-0.17909315,-0.12917536,1.669421487603306,0.8971102432452922,4,4,0.10288975388673594,-7.287942068533266,112.7983061233939,1.6757821,2.8679719907924406E-9,"{""geodesic"":false,""type"":""Point"",""coordinates"":[112.7983061233939,-7.287942068533266]}"
426,0.32610000000000006,0.31475000000000003,0.15150000000000002,0.17925000000000002,0.2174,0.2354,51.778907419999996,-0.29059067,-0.2742915,-0.14423339,0.017710853,-0.16153161,-0.1354154,2.4691358024691357,0.9915589860197382,5,4,0.008441013980261865,-7.28902004687421,112.79992309090532,0.46751326,0.0,"{""geodesic"":false,""type"":""Point"",""coordinates"":[112.79992309090532,-7.28902004687421]}"
427,0.35575,0.29405000000000003,0.16795,0.19745000000000001,0.2235,0.37885,45.53076686000003,-0.2861533,-0.1965412,0.1260217,0.09495229,0.031445686,-0.31476662,1.56198347107438,0.5835344945378514,5,4,0.4136347654837406,-7.285247122680908,112.7945331992006,1.0436077,0.002830739978407973,"{""geodesic"":false,""type"":""Point"",""coordinates"":[112.7945331992006,-7.285247122680908]}"
428,0.2373,0.1937,0.062450000000000006,0.09055,0.124,0.20645000000000002,48.43608386000005,-0.44761324,-0.3628848,0.031863052,0.101160094,-0.06952113,-0.3902357,2.070707070707071,0.5679559100811069,4,4,0.43204367348935985,-7.287942068533266,112.7907602750073,0.46373534,4.164295330630625E-7,"{""geodesic"":false,""type"":""Point"",""coordinates"":[112.7907602750073,-7.287942068533266]}"
429,0.30355,0.27780000000000005,0.10695,0.13275,0.1809,0.24825000000000003,48.68559932000005,-0.39147377,-0.35330653,-0.05617337,0.044293456,-0.10021747,-0.3031496,2.4454545454545453,0.767923079100353,5,4,0.23198947069770373,-7.27662329595336,112.79345522085966,1.0435922,8.74502019432431E-5,"{""geodesic"":false,""type"":""Point"",""coordinates"":[112.79345522085966,-7.27662329595336]}"
430,0.19790000000000002,0.12815,0.0362,0.06280000000000001,0.05890000000000001,0.2512,48.09769988000005,-0.5182202,-0.3422362,0.32437062,0.21392424,0.11868181,-0.6,1.6444444444444444,0.7484801698311258,5,4,0.25151967243041473,-7.276084306782889,112.79129926417777,1.0385418,1.5773845949358423E-7,"{""geodesic"":false,""type"":""Point"",""coordinates"":[112.79129926417777,-7.276084306782889]}"
431,0.23155,0.16365000000000002,0.04585,0.07475,0.08525,0.29725,48.039593540000055,-0.5119164,-0.3729027,0.28986764,0.17181174,0.12424357,-0.5981183,0.3223140495867769,0.7141630786766847,4,4,0.2842362703056042,-7.283630155169493,112.79722814505297,2.0764084,0.0016006510177111466,"{""geodesic"":false,""type"":""Point"",""coordinates"":[112.79722814505297,-7.283630155169493]}"
432,0.27649999999999997,0.2378,0.09784999999999999,0.11730000000000002,0.14140000000000003,0.25395,50.91414836000001,-0.40426612,-0.33934104,0.03284189,0.075247906,-0.042511076,-0.3680808,1.6222222222222222,0.983958618509949,4,4,0.016041381490051007,-7.288481057703739,112.79992309090532,1.3909631,0.0,"{""geodesic"":false,""type"":""Point"",""coordinates"":[112.79992309090532,-7.288481057703739]}"
433,0.3244,0.29985,0.11075000000000002,0.13485000000000003,0.1553,0.23310000000000003,51.21835213999998,-0.41273817,-0.37957212,-0.12524627,0.039327193,-0.16376682,-0.26702,1.1414141414141414,0.865843396948104,4,4,0.13387112511993254,-7.282013187658078,112.79992309090532,3.9447956,2.854779319634796E-4,"{""geodesic"":false,""type"":""Point"",""coordinates"":[112.79992309090532,-7.282013187658078]}"
434,0.25065000000000004,0.187,0.0449,0.07495,0.07375000000000001,0.2571,49.48199798000002,-0.53961915,-0.4277534,0.15784733,0.14543585,0.012703102,-0.548562,1.477272727272727,0.82160397422433,4,4,0.17839602577566996,-7.289559036044682,112.79399421003014,0.92740995,0.0,"{""geodesic"":false,""type"":""Point"",""coordinates"":[112.79399421003014,-7.289559036044682]}"
435,0.26080000000000003,0.20700000000000002,0.057,0.0927,0.11345,0.2921,46.453632260000006,-0.47553042,-0.3813814,0.17050691,0.11500641,0.0566106,-0.5181913,1.4793388429752068,0.5851763794643637,4,4,0.413484679132015,-7.278779252635247,112.79291623168919,3.1280239,0.0013389414036213592,"{""geodesic"":false,""type"":""Point"",""coordinates"":[112.79291623168919,-7.278779252635247]}"
436,0.18660000000000002,0.12890000000000001,0.028450000000000003,0.059050000000000005,0.0638,0.25815,46.48097642000005,-0.51923466,-0.3716414,0.33393618,0.1828843,0.1608769,-0.6276797,2.0991735537190084,0.5886181694117312,5,4,0.41087893169968326,-7.286325101021851,112.79399421003014,1.9122803,5.028988885854546E-4,"{""geodesic"":false,""type"":""Point"",""coordinates"":[112.79399421003014,-7.286325101021851]}"
437,0.26115,0.23395,0.09640000000000001,0.1192,0.13890000000000002,0.2126,47.64310322000006,-0.37320888,-0.32493275,-0.047810994,0.054938395,-0.10248021,-0.2814949,1.6942148760330578,0.6864102896105622,4,4,0.30673862719853323,-7.278779252635247,112.7945331992006,0.92740995,0.006851083190904753,"{""geodesic"":false,""type"":""Point"",""coordinates"":[112.7945331992006,-7.278779252635247]}"
438,0.1874,0.11270000000000001,0.0199,0.04630000000000001,0.03745,0.3461,44.08836242000001,-0.6037655,-0.41761005,0.5087184,0.24891703,0.29746953,-0.76401633,0.9090909090909092,0.44431015237296867,4,4,0.5551677620058276,-7.279318241805719,112.79129926417777,3.8203065,5.220856212038561E-4,"{""geodesic"":false,""type"":""Point"",""coordinates"":[112.79129926417777,-7.279318241805719]}"
439,0.14579999999999999,0.13940000000000002,0.0708,0.07705000000000001,0.08000000000000002,0.11965,46.552754840000034,-0.30850348,-0.2880573,-0.07624011,0.022440393,-0.098511964,-0.21657346,1.3719008264462809,0.7078377797153624,4,4,0.2920513516574035,-7.277162285123833,112.79291623168919,0.0,1.108686272340588E-4,"{""geodesic"":false,""type"":""Point"",""coordinates"":[112.79291623168919,-7.277162285123833]}"
440,0.23905,0.18925000000000003,0.06420000000000001,0.09075,0.09230000000000001,0.21305000000000002,49.21881044000003,-0.44966647,-0.35178572,0.05915983,0.11627364,-0.0575094,-0.40256748,0.9870129870129869,0.9399719129905991,4,4,0.06002808700940095,-7.290098025215153,112.79561117754155,0.46373534,0.0,"{""geodesic"":false,""type"":""Point"",""coordinates"":[112.79561117754155,-7.290098025215153]}"
441,0.1869,0.1279,0.054150000000000004,0.08610000000000001,0.08055000000000001,0.25845,43.95164162000003,-0.36923078,-0.1953271,0.33790603,0.18742059,0.16066015,-0.5002177,0.9393939393939394,0.46888723770277063,4,4,0.5308547179513438,-7.279318241805719,112.7907602750073,1.0435973,2.580443458855545E-4,"{""geodesic"":false,""type"":""Point"",""coordinates"":[112.7907602750073,-7.279318241805719]}"
442,0.2641,0.2523,0.1111,0.1305,0.14400000000000002,0.2015,51.06795926000001,-0.3385707,-0.3181818,-0.11194359,0.022850504,-0.13445017,-0.21385542,1.220779220779221,0.9716538441094456,4,4,0.028346155890554583,-7.290098025215153,112.79722814505297,1.0436171,0.0,"{""geodesic"":false,""type"":""Point"",""coordinates"":[112.79722814505297,-7.290098025215153]}"
443,0.31390000000000007,0.20850000000000002,0.042800000000000005,0.07540000000000001,0.1111,0.35860000000000003,46.95949922,-0.61263806,-0.46882704,0.26467994,0.2017611,0.0664684,-0.65253454,1.0082644628099175,0.6907868511483569,5,4,0.29891090590547814,-7.283091165999021,112.79561117754155,1.9747405,0.010302242946164886,"{""geodesic"":false,""type"":""Point"",""coordinates"":[112.79561117754155,-7.283091165999021]}"
444,0.24165,0.199,0.09525,0.11805,0.1437,0.26085,46.41261602000003,-0.34361967,-0.25532252,0.13450038,0.09678883,0.038208954,-0.37688044,0.5867768595041323,0.6118791974600212,4,4,0.3861275247227424,-7.285247122680908,112.79507218837108,0.6584802,0.001993277817236627,"{""geodesic"":false,""type"":""Point"",""coordinates"":[112.79507218837108,-7.285247122680908]}"
445,0.17770000000000002,0.12095,0.04415,0.069,0.0678,0.22050000000000003,46.04005184000005,-0.44061613,-0.27349302,0.29155073,0.19002177,0.10748368,-0.5233161,1.2975206611570247,0.5033671005000002,5,4,0.4728631333004521,-7.282552176828549,112.79399421003014,1.6757756,0.023769766199547706,"{""geodesic"":false,""type"":""Point"",""coordinates"":[112.79399421003014,-7.282552176828549]}"
446,0.2669,0.1905,0.061700000000000005,0.0945,0.11320000000000001,0.29755,46.51173860000006,-0.47703376,-0.33684212,0.21934228,0.16703105,0.054300647,-0.51791865,0.14876033057851235,0.5734400178073986,4,4,0.4083855777235938,-7.283091165999021,112.7945331992006,1.4022717,0.01817440446900749,"{""geodesic"":false,""type"":""Point"",""coordinates"":[112.7945331992006,-7.283091165999021]}"
447,0.2366,0.19290000000000002,0.04995,0.08035,0.11195000000000001,0.23415000000000002,46.55959088000003,-0.49297997,-0.41189387,0.0965929,0.10174622,-0.005204461,-0.4890302,1.7768595041322315,0.6285709155465503,4,4,0.37142714427039786,-7.287942068533266,112.79237724251871,2.632192,1.9401830517710864E-6,"{""geodesic"":false,""type"":""Point"",""coordinates"":[112.79237724251871,-7.287942068533266]}"
448,0.25255,0.2351,0.09960000000000001,0.11680000000000001,0.13185000000000002,0.18175000000000002,52.26426626,-0.36753756,-0.33617505,-0.12798369,0.03578386,-0.16302095,-0.2175515,1.2597402597402598,0.9866220718600004,4,4,0.013377928139999728,-7.290098025215153,112.7983061233939,1.0436171,0.0,"{""geodesic"":false,""type"":""Point"",""coordinates"":[112.7983061233939,-7.290098025215153]}"
449,0.2717,0.24855000000000002,0.13885,0.15575,0.15835,0.26565000000000005,48.043011560000025,-0.27125978,-0.22953252,0.033255544,0.044497836,-0.011258956,-0.26079735,0.6000000000000001,0.7954285804363388,4,4,0.20457139088394125,-7.275545317612417,112.79129926417777,1.0435902,2.8679719907924415E-8,"{""geodesic"":false,""type"":""Point"",""coordinates"":[112.79129926417777,-7.275545317612417]}"
450,0.26235,0.18945,0.0541,0.0905,0.10314999999999999,0.34255,46.405779980000034,-0.48703414,-0.35345596,0.28778195,0.16135459,0.1325839,-0.5820344,0.3884297520661155,0.6224672260715439,4,4,0.3735517204982471,-7.284708133510437,112.79507218837108,0.46373534,0.003981053430208919,"{""geodesic"":false,""type"":""Point"",""coordinates"":[112.79507218837108,-7.284708133510437]}"
451,0.2477,0.16155000000000003,0.0401,0.0684,0.07225000000000001,0.33640000000000003,47.027859620000015,-0.5672256,-0.40508807,0.35113966,0.21050702,0.15185755,-0.6620553,1.5206611570247932,0.632810322131529,5,4,0.34486787185784473,-7.281474198487606,112.79507218837108,5.179137,0.02232180601062635,"{""geodesic"":false,""type"":""Point"",""coordinates"":[112.79507218837108,-7.281474198487606]}"
452,0.31085,0.2973,0.1301,0.15025,0.1769,0.23085,50.49031388000003,-0.34829754,-0.32856664,-0.12581652,0.022280687,-0.14768322,-0.21149305,1.677685950413223,0.9284722765828389,4,4,0.07152772313036397,-7.287942068533266,112.79884511256438,1.9260062,2.867971990792441E-10,"{""geodesic"":false,""type"":""Point"",""coordinates"":[112.79884511256438,-7.287942068533266]}"
453,0.1642,0.10665000000000001,0.029000000000000005,0.05575,0.05195,0.22560000000000002,47.18850656000001,-0.4930666,-0.31342363,0.35801354,0.21247923,0.15751667,-0.60369647,1.15702479338843,0.6065532279235408,4,4,0.3930393336355872,-7.286325101021851,112.7945331992006,2.3242648,4.0743844087192814E-4,"{""geodesic"":false,""type"":""Point"",""coordinates"":[112.7945331992006,-7.286325101021851]}"
454,0.3227,0.27470000000000006,0.07275000000000001,0.11095000000000001,0.1738,0.2665,47.57132480000001,-0.48829702,-0.4246078,-0.015151516,0.08034818,-0.09538357,-0.41210756,1.7454545454545456,0.6574517366825285,5,4,0.3425456821426797,-7.277162285123833,112.79129926417777,5.0314374,2.581174791713197E-6,"{""geodesic"":false,""type"":""Point"",""coordinates"":[112.79129926417777,-7.277162285123833]}"
455,0.26295,0.2197,0.06415000000000001,0.09495,0.1281,0.24520000000000003,47.615759060000016,-0.46940488,-0.39647228,0.054850504,0.089609444,-0.03493063,-0.44171688,1.512396694214876,0.7270674323770727,4,4,0.2729301728663149,-7.287942068533266,112.79399421003014,1.4673698,2.3947566123116883E-6,"{""geodesic"":false,""type"":""Point"",""coordinates"":[112.79399421003014,-7.287942068533266]}"
456,0.30235,0.26385000000000003,0.0832,0.1187,0.13965,0.27445,48.094281860000024,-0.43617147,-0.37942752,0.019691622,0.06799717,-0.04837032,-0.39615923,2.6,0.7732868540822923,5,4,0.22671314591770772,-7.288481057703739,112.79399421003014,1.4769202,0.0,"{""geodesic"":false,""type"":""Point"",""coordinates"":[112.79399421003014,-7.288481057703739]}"
457,0.27535,0.257,0.1036,0.12165000000000001,0.1462,0.20415,51.34140086000002,-0.38715366,-0.35745412,-0.11460479,0.034469802,-0.14848801,-0.25322282,1.3863636363636362,0.9640731675396756,4,4,0.03592683246032452,-7.289559036044682,112.79776713422343,1.4673704,0.0,"{""geodesic"":false,""type"":""Point"",""coordinates"":[112.79776713422343,-7.289559036044682]}"
458,0.2149,0.1874,0.09585,0.11560000000000001,0.1326,0.20045000000000002,49.55377640000006,-0.30045387,-0.23696369,0.033647027,0.068356946,-0.034789935,-0.26847017,0.657142857142857,0.8441950362899711,4,4,0.15580496084205692,-7.275006328441945,112.79129926417777,0.65847284,2.8679719907924406E-9,"{""geodesic"":false,""type"":""Point"",""coordinates"":[112.79129926417777,-7.275006328441945]}"
459,0.15695,0.15785,0.0614,0.07505,0.08585000000000001,0.1679,47.605504999999994,-0.35301724,-0.3555174,0.03085188,-0.002858958,0.033707865,-0.3821774,1.272727272727273,0.7437221141365317,4,4,0.25624084600520736,-7.27662329595336,112.79291623168919,1.0435922,3.7039858261084376E-5,"{""geodesic"":false,""type"":""Point"",""coordinates"":[112.79291623168919,-7.27662329595336]}"
460,0.2723,0.23515,0.062200000000000005,0.0961,0.11825,0.25170000000000003,49.68707918000001,-0.47828448,-0.41977358,0.033994045,0.07320918,-0.039312977,-0.44738355,1.5909090909090908,0.7551644409444517,4,4,0.24483555905554827,-7.289559036044682,112.79345522085966,1.043616,0.0,"{""geodesic"":false,""type"":""Point"",""coordinates"":[112.79345522085966,-7.289559036044682]}"
461,0.27565,0.21040000000000003,0.051500000000000004,0.09330000000000001,0.1189,0.3219,45.28808744000003,-0.4942404,-0.3855779,0.20946835,0.13424546,0.07739938,-0.55057806,1.396694214876033,0.5392218810433985,5,4,0.449255324490595,-7.284169144339964,112.79399421003014,1.0385455,0.011522794466006328,"{""geodesic"":false,""type"":""Point"",""coordinates"":[112.79399421003014,-7.284169144339964]}"
462,0.28045000000000003,0.2461,0.08625000000000001,0.112,0.134,0.23445,50.353593079999996,-0.42922667,-0.3744764,-0.024243055,0.06523597,-0.08933774,-0.35344204,1.3636363636363638,0.9526122198858604,4,4,0.04738778011413961,-7.289559036044682,112.79722814505297,1.6810197,0.0,"{""geodesic"":false,""type"":""Point"",""coordinates"":[112.79722814505297,-7.289559036044682]}"
463,0.2431,0.1821,0.06725,0.09305,0.09925,0.24430000000000002,47.97465116000001,-0.4463781,-0.32364166,0.14587241,0.1434619,0.0024620434,-0.44834742,1.1322314049586777,0.7224873473041559,5,4,0.2748466648024333,-7.283630155169493,112.79668915588249,2.7182276,0.002665987893410907,"{""geodesic"":false,""type"":""Point"",""coordinates"":[112.79668915588249,-7.283630155169493]}"
464,0.2262,0.17485,0.06895000000000001,0.09675,0.11130000000000001,0.22715000000000002,47.79007808000006,-0.40083605,-0.28755522,0.1300995,0.1280389,0.0020955112,-0.4025934,1.8099173553719008,0.7958505823314309,5,4,0.20025112674008433,-7.282013187658078,112.7983061233939,3.634494,0.003898290928484626,"{""geodesic"":false,""type"":""Point"",""coordinates"":[112.7983061233939,-7.282013187658078]}"
465,0.3687,0.2992,0.06709999999999999,0.10825000000000001,0.18830000000000002,0.29200000000000004,50.11774969999999,-0.54607403,-0.46864647,-0.012178619,0.10405749,-0.116088994,-0.45908806,1.272727272727273,0.8437963124867152,4,4,0.14887758212154512,-7.280396220146662,112.7983061233939,2.707894,0.007326105391739705,"{""geodesic"":false,""type"":""Point"",""coordinates"":[112.7983061233939,-7.280396220146662]}"
466,0.19985000000000003,0.1222,0.0239,0.055400000000000005,0.06175,0.2703,46.34767364000004,-0.56591576,-0.37612614,0.37732485,0.24111162,0.1498458,-0.65980965,1.231404958677686,0.7312646211416843,4,4,0.26873121456298504,-7.287403079362795,112.79615016671202,2.0865319,4.1642953306306235E-6,"{""geodesic"":false,""type"":""Point"",""coordinates"":[112.79615016671202,-7.287403079362795]}"
467,0.25930000000000003,0.1497,0.042100000000000005,0.08420000000000001,0.07490000000000001,0.3649,44.51219690000005,-0.5097526,-0.2800342,0.41818887,0.26797065,0.16917655,-0.62502784,2.165289256198347,0.7180303710223579,5,4,0.28188081935697523,-7.284169144339964,112.79884511256438,2.0764089,8.880962066687874E-5,"{""geodesic"":false,""type"":""Point"",""coordinates"":[112.79884511256438,-7.284169144339964]}"
468,0.17925000000000002,0.10740000000000001,0.033850000000000005,0.0665,0.048850000000000005,0.3137,45.14794862000002,-0.4587996,-0.23519264,0.48990738,0.2506541,0.27274573,-0.6501841,1.7613636363636362,0.767914450268874,4,4,0.23204059427017032,-7.278240263464776,112.80046208007579,1.0385429,4.495546095567152E-5,"{""geodesic"":false,""type"":""Point"",""coordinates"":[112.80046208007579,-7.278240263464776]}"
469,0.26615,0.21860000000000002,0.06785000000000001,0.09720000000000001,0.10880000000000001,0.24795,49.09576172000004,-0.46497867,-0.3844205,0.06290858,0.0980918,-0.035401672,-0.43676662,1.5656565656565657,0.8469710529967178,4,4,0.15302894700328218,-7.28902004687421,112.7945331992006,1.6810182,0.0,"{""geodesic"":false,""type"":""Point"",""coordinates"":[112.7945331992006,-7.28902004687421]}"
470,0.21550000000000002,0.1633,0.056400000000000006,0.07935,0.07565,0.2439,47.81742224000004,-0.46176022,-0.34597155,0.19793713,0.13780358,0.061819766,-0.5090487,0.6388888888888888,0.758357575139043,4,4,0.24164242486095716,-7.276084306782889,112.79022128583684,1.3167734,0.0,"{""geodesic"":false,""type"":""Point"",""coordinates"":[112.79022128583684,-7.276084306782889]}"
471,0.264,0.17135,0.03265,0.06634999999999999,0.08435000000000001,0.2774,47.94730700000002,-0.5983048,-0.44173327,0.23632312,0.21281727,0.024750646,-0.61396366,2.125,0.8810266851081968,4,4,0.11894936732567997,-7.275545317612417,112.79561117754155,0.46373534,2.394756612311688E-5,"{""geodesic"":false,""type"":""Point"",""coordinates"":[112.79561117754155,-7.275545317612417]}"
472,0.15489999999999998,0.09325,0.02525,0.04855,0.03995,0.25015,45.59570924000002,-0.52273285,-0.31523272,0.45690158,0.24843845,0.23515615,-0.6749247,1.5702479338842976,0.46002384461740053,5,4,0.5179312437505652,-7.283091165999021,112.79345522085966,2.632177,0.022044911632034113,"{""geodesic"":false,""type"":""Point"",""coordinates"":[112.79345522085966,-7.283091165999021]}"
473,0.21485,0.13195,0.02855,0.058750000000000004,0.0533,0.3341,47.752479859999994,-0.57054096,-0.38384897,0.43375173,0.23904267,0.2172329,-0.70090365,0.8989898989898988,0.7647488860862035,4,4,0.23524780140614723,-7.276084306782889,112.79237724251871,0.6584737,3.31250764936527E-6,"{""geodesic"":false,""type"":""Point"",""coordinates"":[112.79237724251871,-7.276084306782889]}"
474,0.27180000000000004,0.2283,0.07265,0.09915,0.12935000000000002,0.23455,48.272018900000035,-0.4654266,-0.39441136,0.013503294,0.0869826,-0.073565714,-0.40575367,1.4318181818181817,0.8707943969461391,4,4,0.12920560305386083,-7.289559036044682,112.7945331992006,0.65848356,0.0,"{""geodesic"":false,""type"":""Point"",""coordinates"":[112.7945331992006,-7.289559036044682]}"
475,0.33065,0.3107,0.11655000000000001,0.13735,0.1608,0.21175,48.54204248000002,-0.4130342,-0.3868988,-0.18939611,0.03110626,-0.21921091,-0.21311945,1.6280991735537191,0.6880323949229461,5,4,0.3113332096726907,-7.284708133510437,112.79668915588249,3.9840896,6.343954043632879E-4,"{""geodesic"":false,""type"":""Point"",""coordinates"":[112.79668915588249,-7.284708133510437]}"
476,0.1605,0.10555,0.035750000000000004,0.06945,0.0605,0.2806,44.44725452,-0.39595565,-0.20628572,0.45332125,0.20654012,0.27227387,-0.60319954,1.487603305785124,0.5049709472989007,5,4,0.4711584916259352,-7.282013187658078,112.79399421003014,1.8694007,0.023870561075164106,"{""geodesic"":false,""type"":""Point"",""coordinates"":[112.79399421003014,-7.282013187658078]}"
477,0.20825000000000002,0.16775,0.08145,0.1054,0.11880000000000002,0.20415,48.98980310000002,-0.32791328,-0.22826286,0.097875774,0.10771277,-0.009941804,-0.31901148,1.4793388429752068,0.814240917773912,4,4,0.17438503225941213,-7.279857230976191,112.79776713422343,1.0435973,0.011374049966675874,"{""geodesic"":false,""type"":""Point"",""coordinates"":[112.79776713422343,-7.279857230976191]}"
478,0.31635,0.2743,0.056,0.0933,0.164,0.24910000000000002,46.993679420000035,-0.5444892,-0.49238303,-0.048146732,0.07119276,-0.11893182,-0.45502338,2.1983471074380163,0.5921373293564876,5,4,0.40758431245201615,-7.278240263464776,112.79237724251871,2.3640463,2.783581914963374E-4,"{""geodesic"":false,""type"":""Point"",""coordinates"":[112.79237724251871,-7.278240263464776]}"
479,0.19090000000000001,0.12835000000000002,0.03370000000000001,0.064,0.0673,0.23305,48.84966428000001,-0.49784228,-0.3345464,0.2897067,0.19592796,0.099422105,-0.5690961,2.1515151515151514,0.8804714980354187,4,4,0.11939679035090418,-7.276084306782889,112.79561117754155,1.0385418,1.317116136771428E-4,"{""geodesic"":false,""type"":""Point"",""coordinates"":[112.79561117754155,-7.276084306782889]}"
480,0.23870000000000002,0.20185000000000003,0.0738,0.0993,0.1092,0.23470000000000002,48.21733058000001,-0.41242602,-0.34052798,0.07524911,0.08364544,-0.008449514,-0.40538922,2.6859504132231407,0.7319768773968424,5,4,0.26681235086780464,-7.277701274294304,112.79399421003014,1.0435942,0.0012107717353528448,"{""geodesic"":false,""type"":""Point"",""coordinates"":[112.79399421003014,-7.277701274294304]}"
481,0.2411,0.20195000000000002,0.09140000000000001,0.11705000000000002,0.123,0.2227,46.27931324000002,-0.34636325,-0.2661442,0.04886377,0.08836474,-0.039672274,-0.31096396,2.239669421487603,0.4614586309203808,5,4,0.5301371801106666,-7.280396220146662,112.79291623168919,1.402263,0.008404188968952543,"{""geodesic"":false,""type"":""Point"",""coordinates"":[112.79291623168919,-7.280396220146662]}"
482,0.26275000000000004,0.21565,0.09255000000000001,0.10845,0.12440000000000001,0.26985000000000003,49.60846472000003,-0.4156789,-0.33076212,0.11163749,0.09845318,0.01333083,-0.42664552,2.414141414141414,0.8198790064077723,5,4,0.1800760381312719,-7.276084306782889,112.79399421003014,1.3909631,4.495546095567152E-5,"{""geodesic"":false,""type"":""Point"",""coordinates"":[112.79399421003014,-7.276084306782889]}"
483,0.29425,0.2713,0.11320000000000001,0.13140000000000002,0.16094999999999998,0.1992,50.897058259999994,-0.38259134,-0.34740502,-0.15324123,0.040579967,-0.19262336,-0.20508167,2.6545454545454548,0.9309445192378559,5,4,0.0690554807621442,-7.288481057703739,112.7983061233939,1.0385475,0.0,"{""geodesic"":false,""type"":""Point"",""coordinates"":[112.7983061233939,-7.288481057703739]}"
484,0.21155000000000002,0.14195000000000002,0.0279,0.05745,0.062150000000000004,0.26165000000000005,46.85354060000003,-0.57286245,-0.42377132,0.29658076,0.19688825,0.105874896,-0.63992476,1.4297520661157024,0.7494312093832269,4,4,0.2505670268139989,-7.287403079362795,112.79668915588249,2.3363137,1.7638027743373508E-6,"{""geodesic"":false,""type"":""Point"",""coordinates"":[112.79668915588249,-7.287403079362795]}"
485,0.1583,0.10115,0.02855,0.057300000000000004,0.05025,0.2494,46.48439444000002,-0.4684601,-0.27674344,0.42290685,0.22027366,0.22344862,-0.626345,1.4132231404958677,0.6485332248680094,4,4,0.3514410981787572,-7.287403079362795,112.79345522085966,1.9260039,2.5676953233564724E-5,"{""geodesic"":false,""type"":""Point"",""coordinates"":[112.79345522085966,-7.287403079362795]}"
486,0.201,0.1902,0.0684,0.08940000000000001,0.08410000000000001,0.32170000000000004,48.08402780000006,-0.38429752,-0.36051503,0.25688612,0.027607363,0.2309164,-0.5650693,1.65625,0.7946084800813584,5,4,0.2053915199186415,-7.275545317612417,112.79022128583684,1.4768823,0.0,"{""geodesic"":false,""type"":""Point"",""coordinates"":[112.79022128583684,-7.275545317612417]}"
487,0.2883,0.21085,0.07100000000000001,0.0963,0.1233,0.31475,46.91848298000002,-0.49921995,-0.3729448,0.19767885,0.15516378,0.043860376,-0.53144383,1.1735537190082646,0.6371766944818336,5,4,0.3486550133846374,-7.283091165999021,112.79507218837108,1.9122795,0.01416829213352902,"{""geodesic"":false,""type"":""Point"",""coordinates"":[112.79507218837108,-7.283091165999021]}"
488,0.38445,0.32080000000000003,0.0663,0.10815,0.20015,0.2686,49.68707918000001,-0.56090134,-0.49574542,-0.08856464,0.090251684,-0.17739837,-0.42587924,2.0681818181818183,0.834388507837081,5,4,0.16547978054924192,-7.280935209317135,112.80046208007579,1.3909631,1.317116136771429E-4,"{""geodesic"":false,""type"":""Point"",""coordinates"":[112.80046208007579,-7.280935209317135]}"
489,0.18480000000000002,0.1003,0.028200000000000003,0.05995,0.044550000000000006,0.3406,45.19921892000002,-0.51011235,-0.25179407,0.54502153,0.29638723,0.29653597,-0.7006616,1.8409090909090908,0.4561890328790651,4,4,0.5423381918043633,-7.283091165999021,112.79022128583684,1.0436037,0.0014727753165716885,"{""geodesic"":false,""type"":""Point"",""coordinates"":[112.79022128583684,-7.283091165999021]}"
490,0.27665,0.2142,0.0363,0.0779,0.11150000000000002,0.32110000000000005,45.585455180000054,-0.56056976,-0.466621,0.1997011,0.12722827,0.07436219,-0.60952383,1.9586776859504131,0.537712056834454,5,4,0.44411174047810026,-7.280935209317135,112.79399421003014,1.3909631,0.01817620268744571,"{""geodesic"":false,""type"":""Point"",""coordinates"":[112.79399421003014,-7.280935209317135]}"
491,0.1895,0.096,0.0223,0.0692,0.0396,0.33230000000000004,44.56346719999999,-0.4650174,-0.1622276,0.5517161,0.32749563,0.27366808,-0.65529263,2.0113636363636367,0.4651811653553397,4,4,0.533625622067821,-7.283630155169493,112.79022128583684,2.5132551,0.0011932125768392182,"{""geodesic"":false,""type"":""Point"",""coordinates"":[112.79022128583684,-7.283630155169493]}"
492,0.3382,0.34985,0.1494,0.16755,0.19640000000000002,0.21695,52.24034012000004,-0.33741966,-0.3523386,-0.23447424,-0.016931908,-0.21840943,-0.12847854,1.3611111111111112,0.9957592593061507,4,4,0.004240740693849398,-7.289559036044682,112.79992309090532,0.92740995,0.0,"{""geodesic"":false,""type"":""Point"",""coordinates"":[112.79992309090532,-7.289559036044682]}"
493,0.23425,0.17170000000000002,0.044700000000000004,0.07650000000000001,0.0726,0.34630000000000005,46.89113882000004,-0.5076428,-0.38356164,0.33706564,0.15408301,0.19300663,-0.6381268,2.603305785123967,0.7016106084157051,5,4,0.2977590589490537,-7.277701274294304,112.79345522085966,0.6584749,6.303326352411318E-4,"{""geodesic"":false,""type"":""Point"",""coordinates"":[112.79345522085966,-7.277701274294304]}"
494,0.18535000000000001,0.10995,0.016550000000000002,0.04535,0.03165,0.33765,44.327623819999985,-0.6068487,-0.4159691,0.5087131,0.25533357,0.2912046,-0.7631854,1.7438016528925622,0.5171135186858374,5,4,0.46115643113432647,-7.281474198487606,112.79399421003014,2.8028553,0.02173005017983616,"{""geodesic"":false,""type"":""Point"",""coordinates"":[112.79399421003014,-7.281474198487606]}"
495,0.2549,0.22855000000000003,0.14255,0.15940000000000001,0.17595,0.21875,49.36236728000006,-0.2305093,-0.17824462,-0.021909233,0.054504085,-0.076322176,-0.1569483,1.75,0.8369222953964628,5,4,0.16307770460353735,-7.275006328441945,112.79022128583684,1.0435891,0.0,"{""geodesic"":false,""type"":""Point"",""coordinates"":[112.79022128583684,-7.275006328441945]}"
496,0.29745,0.2703,0.11850000000000001,0.1417,0.15265,0.25645,47.4004238,-0.35466242,-0.31213593,-0.026293308,0.047820345,-0.07402058,-0.28820795,3.0227272727272725,0.8094919830547905,5,4,0.190485113320891,-7.277701274294304,112.80046208007579,0.6584749,2.2903624318468438E-5,"{""geodesic"":false,""type"":""Point"",""coordinates"":[112.80046208007579,-7.277701274294304]}"
497,0.18925000000000003,0.14550000000000002,0.054200000000000005,0.07685,0.0828,0.21845,46.82619643999999,-0.42239758,-0.30874747,0.20043962,0.13069455,0.07162129,-0.47951236,1.9090909090909092,0.5631391727107822,5,4,0.43674110379846226,-7.278240263464776,112.79183825334825,1.925968,1.1972349075563049E-4,"{""geodesic"":false,""type"":""Point"",""coordinates"":[112.79183825334825,-7.278240263464776]}"
498,0.2675,0.21975,0.1031,0.13535000000000003,0.16765000000000002,0.28785,46.22120690000003,-0.32803774,-0.23767953,0.13416076,0.09799898,0.036643557,-0.3603497,1.4132231404958677,0.6697829436572612,4,4,0.32993700461378195,-7.277701274294304,112.79291623168919,2.0864966,2.8005172895690034E-4,"{""geodesic"":false,""type"":""Point"",""coordinates"":[112.79291623168919,-7.277701274294304]}"
499,0.18325000000000002,0.13245,0.043000000000000003,0.06715,0.07245,0.2545,43.20309524000004,-0.46365815,-0.3271543,0.31541544,0.16091226,0.16276413,-0.5824654,0.8888888888888888,0.4308464726860237,4,4,0.5685464768753564,-7.279857230976191,112.7907602750073,1.0435973,6.070504386198784E-4,"{""geodesic"":false,""type"":""Point"",""coordinates"":[112.7907602750073,-7.279857230976191]}"
500,0.20690000000000003,0.1534,0.04665,0.07575000000000001,0.08935,0.22715000000000002,47.99515928000005,-0.46400142,-0.33886102,0.19379845,0.14848737,0.04665361,-0.49983492,1.9555555555555557,0.5500371666150049,4,4,0.4499628333849949,-7.288481057703739,112.7907602750073,1.46737,0.0,"{""geodesic"":false,""type"":""Point"",""coordinates"":[112.7907602750073,-7.288481057703739]}"
501,0.35675,0.26880000000000004,0.05650000000000001,0.097,0.17435,0.31395,48.06010165999999,-0.5724518,-0.46965554,0.07747748,0.14059627,-0.063813925,-0.5279231,0.00826446280991755,0.6907506742628678,4,4,0.2951063377204779,-7.282552176828549,112.79561117754155,0.6584782,0.014142988016654257,"{""geodesic"":false,""type"":""Point"",""coordinates"":[112.79561117754155,-7.282552176828549]}"
502,0.22990000000000002,0.19675,0.0849,0.1165,0.13675,0.24320000000000003,47.85160244000002,-0.32736722,-0.25618514,0.10558018,0.07769835,0.02811245,-0.35223797,1.6859504132231407,0.7853498721385382,4,4,0.20148774965796915,-7.279318241805719,112.79722814505297,1.0385433,0.013162378203492486,"{""geodesic"":false,""type"":""Point"",""coordinates"":[112.79722814505297,-7.279318241805719]}"
503,0.22825,0.15925,0.03055,0.06755,0.055150000000000005,0.27880000000000005,49.454653819999976,-0.5432725,-0.40432099,0.27291405,0.17806451,0.09969431,-0.6099321,2.5757575757575757,0.8052409960380714,5,4,0.19475900396192863,-7.28902004687421,112.79399421003014,0.65848315,0.0,"{""geodesic"":false,""type"":""Point"",""coordinates"":[112.79399421003014,-7.28902004687421]}"
504,0.19295,0.1386,0.044,0.0714,0.0742,0.2494,44.13621469999998,-0.45980707,-0.32,0.28556702,0.163927,0.12761389,-0.55486286,0.8016528925619837,0.5349187486226799,4,4,0.46134879347247604,-7.285247122680908,112.79345522085966,2.718235,0.003732457904844228,"{""geodesic"":false,""type"":""Point"",""coordinates"":[112.79345522085966,-7.285247122680908]}"
505,0.23510000000000003,0.20215,0.0796,0.1076,0.13025,0.22055000000000002,48.05326562000005,-0.37204552,-0.30524617,0.04352969,0.07535735,-0.031932402,-0.34420234,1.43801652892562,0.7776400286528643,4,4,0.20607199266290394,-7.279857230976191,112.79722814505297,1.0385433,0.016287978684231815,"{""geodesic"":false,""type"":""Point"",""coordinates"":[112.79722814505297,-7.279857230976191]}"
506,0.22955000000000003,0.17920000000000003,0.1274,0.15425,0.1655,0.26545,48.418993760000035,-0.19619593,-0.07482381,0.19397278,0.12318043,0.072525255,-0.26495117,1.7024793388429753,0.8186090602365292,4,4,0.1721847711828168,-7.279318241805719,112.79776713422343,1.0435973,0.009206168580653807,"{""geodesic"":false,""type"":""Point"",""coordinates"":[112.79776713422343,-7.279318241805719]}"
507,0.21175,0.1542,0.0398,0.0681,0.07114999999999999,0.24535,47.18167052000001,-0.51331073,-0.38731444,0.22813165,0.15726192,0.07350689,-0.56548095,1.5867768595041323,0.6929796902898615,4,4,0.30701774201481524,-7.287942068533266,112.79345522085966,1.043613,2.567695323356472E-6,"{""geodesic"":false,""type"":""Point"",""coordinates"":[112.79345522085966,-7.287942068533266]}"
508,0.2084,0.1421,0.04295,0.067,0.0749,0.2436,47.82425827999998,-0.513435,-0.3591583,0.2631579,0.18915835,0.077876106,-0.56857693,0.6868686868686869,0.7541290471303219,4,4,0.24587008530815094,-7.276084306782889,112.79183825334825,2.8191977,8.675615272147133E-7,"{""geodesic"":false,""type"":""Point"",""coordinates"":[112.79183825334825,-7.276084306782889]}"
509,0.28175,0.21985000000000002,0.06565,0.10385,0.1385,0.30400000000000005,45.917003120000004,-0.46135893,-0.3583565,0.16063759,0.12340511,0.03798549,-0.49074414,1.2892561983471076,0.5146863412275544,4,4,0.4742674334913661,-7.280396220146662,112.79345522085966,1.4768956,0.011046225281079545,"{""geodesic"":false,""type"":""Point"",""coordinates"":[112.79345522085966,-7.280396220146662]}"
510,0.24670000000000003,0.17520000000000002,0.0965,0.12275,0.13465,0.3157,47.567906780000044,-0.33549872,-0.17603625,0.28620902,0.16947144,0.12268848,-0.44007298,2.041322314049587,0.8036663302716202,4,4,0.1871245543065053,-7.278779252635247,112.79722814505297,1.3909631,0.009209115421874345,"{""geodesic"":false,""type"":""Point"",""coordinates"":[112.79722814505297,-7.278779252635247]}"
511,0.23205000000000003,0.16555,0.045700000000000005,0.08245,0.0781,0.29015,45.53076686000003,-0.47567567,-0.33508065,0.2734255,0.16725352,0.11126006,-0.55743426,0.2148760330578514,0.6370588139498792,4,4,0.35255150580788663,-7.283630155169493,112.79507218837108,0.46750748,0.010389680242234169,"{""geodesic"":false,""type"":""Point"",""coordinates"":[112.79507218837108,-7.283630155169493]}"
512,0.20900000000000002,0.10915,0.02655,0.059550000000000006,0.04005,0.3932,45.07617019999998,-0.5565072,-0.29401305,0.56544244,0.31384566,0.30587846,-0.7369409,2.0082644628099175,0.7284663829219076,5,4,0.2712755727322069,-7.283630155169493,112.79884511256438,1.4673684,2.5804434588555454E-4,"{""geodesic"":false,""type"":""Point"",""coordinates"":[112.79884511256438,-7.283630155169493]}"
513,0.2763,0.25425000000000003,0.0902,0.116,0.13130000000000003,0.23010000000000003,48.98638507999999,-0.40861586,-0.37339637,-0.049860638,0.041560646,-0.091232225,-0.3296735,1.5324675324675323,0.6599229938239483,4,4,0.34007700617605163,-7.290098025215153,112.79291623168919,0.658484,0.0,"{""geodesic"":false,""type"":""Point"",""coordinates"":[112.79291623168919,-7.290098025215153]}"
514,0.26345,0.2258,0.07300000000000001,0.0991,0.1222,0.22510000000000002,49.440981739999984,-0.45331678,-0.38996613,-0.0015524507,0.07695452,-0.078497596,-0.388649,2.6464646464646466,0.7499639845006723,5,4,0.2500360154993277,-7.28902004687421,112.79345522085966,1.043615,0.0,"{""geodesic"":false,""type"":""Point"",""coordinates"":[112.79345522085966,-7.28902004687421]}"
515,0.30160000000000003,0.20070000000000002,0.05625,0.08760000000000001,0.09770000000000001,0.30090000000000006,50.16560198000002,-0.5498458,-0.39229968,0.19976076,0.20087597,-0.0011618257,-0.5490348,2.090909090909091,0.860805533427646,5,4,0.13908775650450667,-7.281474198487606,112.80046208007579,2.632172,1.0671006784740978E-4,"{""geodesic"":false,""type"":""Point"",""coordinates"":[112.80046208007579,-7.281474198487606]}"
516,0.2825,0.22870000000000001,0.040150000000000005,0.0789,0.12075000000000001,0.2833,45.44531635999999,-0.5633647,-0.48699608,0.10664062,0.105242565,0.0014139272,-0.5643291,0.2892561983471076,0.5253485952485766,4,4,0.45794819247844853,-7.283630155169493,112.79399421003014,1.6757768,0.016703212272974718,"{""geodesic"":false,""type"":""Point"",""coordinates"":[112.79399421003014,-7.283630155169493]}"
517,0.29090000000000005,0.24230000000000002,0.11895,0.1468,0.17554999999999998,0.35350000000000004,47.79691412,-0.32922092,-0.24543819,0.18663982,0.09114779,0.09714463,-0.4131521,1.553719008264463,0.7361011489236038,4,4,0.26364017921823896,-7.277162285123833,112.79345522085966,0.93494,2.5867185815713994E-4,"{""geodesic"":false,""type"":""Point"",""coordinates"":[112.79345522085966,-7.277162285123833]}"
518,0.1658,0.10805000000000001,0.02415,0.0532,0.0509,0.26215,45.715339940000035,-0.51415527,-0.34015504,0.4162615,0.21088187,0.22514312,-0.6625971,0.6198347107438016,0.4809611275417656,4,4,0.5014123094328939,-7.283630155169493,112.79345522085966,0.65847903,0.017626563025340318,"{""geodesic"":false,""type"":""Point"",""coordinates"":[112.79345522085966,-7.283630155169493]}"
519,0.26280000000000003,0.25960000000000005,0.091,0.1109,0.1353,0.21295000000000003,49.62213680000002,-0.40647578,-0.4013495,-0.09871971,0.0061255745,-0.104781926,-0.31511503,1.7000000000000002,0.8226692285024364,4,4,0.1770452935656001,-7.27662329595336,112.7945331992006,1.9259613,2.8547793196347955E-4,"{""geodesic"":false,""type"":""Point"",""coordinates"":[112.7945331992006,-7.27662329595336]}"
520,0.3336,0.2154,0.060700000000000004,0.09665,0.11560000000000001,0.3541,45.72217598000003,-0.5507263,-0.380548,0.24354698,0.21530055,0.02980951,-0.5711592,0.834710743801653,0.3760438375897162,4,4,0.6199405958051376,-7.280396220146662,112.79183825334825,2.3362763,0.0040155666051461154,"{""geodesic"":false,""type"":""Point"",""coordinates"":[112.79183825334825,-7.280396220146662]}"
521,0.26990000000000003,0.2393,0.15435,0.17215000000000003,0.19465000000000002,0.23610000000000003,50.49031388000003,-0.22112884,-0.1632033,-0.006731174,0.060094267,-0.06679842,-0.15664421,1.1948051948051948,0.9629061236657172,4,4,0.03709387633428271,-7.290098025215153,112.79668915588249,2.3640487,0.0,"{""geodesic"":false,""type"":""Point"",""coordinates"":[112.79668915588249,-7.290098025215153]}"
522,0.3018,0.28025,0.1184,0.13530000000000003,0.14950000000000002,0.20440000000000003,50.37751922000001,-0.3809197,-0.34881482,-0.15650469,0.03702431,-0.19241406,-0.20341478,1.768595041322314,0.8151686895409509,4,4,0.18483125023163713,-7.286325101021851,112.79884511256438,0.65848106,6.022741180664126E-8,"{""geodesic"":false,""type"":""Point"",""coordinates"":[112.79884511256438,-7.286325101021851]}"
523,0.2756,0.20245000000000002,0.03105,0.07365,0.0943,0.39705,45.26757931999998,-0.5782391,-0.46649766,0.32460383,0.15301746,0.18055452,-0.68706185,0.950413223140496,0.5673310993024602,4,4,0.43119530800895073,-7.28578611185138,112.79399421003014,1.0436088,0.0014735926885890644,"{""geodesic"":false,""type"":""Point"",""coordinates"":[112.79399421003014,-7.28578611185138]}"
524,0.18465,0.13190000000000002,0.04815,0.07335,0.0713,0.24435,46.16310056000003,-0.43139535,-0.28526187,0.29887044,0.16664034,0.13916084,-0.53824365,1.0826446280991737,0.68271732070451,4,4,0.317243699254177,-7.277162285123833,112.79237724251871,1.6809878,3.898004131285547E-5,"{""geodesic"":false,""type"":""Point"",""coordinates"":[112.79237724251871,-7.277162285123833]}"
525,0.37150000000000005,0.3216,0.0663,0.10875000000000001,0.18425000000000002,0.30810000000000004,50.87313212000004,-0.54711086,-0.49459743,-0.021438781,0.071995385,-0.09329017,-0.47822958,1.1322314049586777,0.8604575132719828,4,4,0.13581337574648625,-7.280396220146662,112.79884511256438,2.3640468,0.0037291109815309736,"{""geodesic"":false,""type"":""Point"",""coordinates"":[112.79884511256438,-7.280396220146662]}"
526,0.16655,0.1131,0.0427,0.06705,0.0691,0.2079,46.798852280000006,-0.4259418,-0.25562033,0.2953271,0.19113177,0.11042863,-0.512275,3.7107438016528924,0.6585519371545308,6,5,0.34144566808885696,-7.287942068533266,112.79291623168919,0.92740995,2.3947566123116887E-6,"{""geodesic"":false,""type"":""Point"",""coordinates"":[112.79291623168919,-7.287942068533266]}"
527,0.1477,0.0984,0.021400000000000002,0.05055,0.0388,0.2514,45.85889678000001,-0.49003783,-0.32124874,0.4373928,0.20032507,0.25983462,-0.66517633,2.7024793388429753,0.5028478755374585,6,5,0.48489379842788843,-7.284169144339964,112.79345522085966,1.316785,0.012258326034652921,"{""geodesic"":false,""type"":""Point"",""coordinates"":[112.79345522085966,-7.284169144339964]}"
528,0.3045,0.23920000000000002,0.057,0.09185,0.12915000000000001,0.26680000000000004,48.38139554000003,-0.5365208,-0.44509894,0.054545455,0.120103,-0.065989845,-0.4878015,3.049586776859504,0.7278946835003922,7,5,0.2610590912185282,-7.282552176828549,112.79615016671202,3.6292067,0.011046225281079545,"{""geodesic"":false,""type"":""Point"",""coordinates"":[112.79615016671202,-7.282552176828549]}"
529,0.1648,0.1157,0.035500000000000004,0.060250000000000005,0.0626,0.19635000000000002,44.97362959999998,-0.46456343,-0.31514636,0.25845218,0.17504457,0.08735982,-0.53039753,2.677685950413223,0.5208787186495161,6,5,0.4717804460545996,-7.284708133510437,112.79345522085966,1.6810067,0.007340835295884414,"{""geodesic"":false,""type"":""Point"",""coordinates"":[112.79345522085966,-7.284708133510437]}"
530,0.34065,0.29895,0.0696,0.10500000000000001,0.17980000000000002,0.2703,48.077191760000005,-0.5287782,-0.48013368,-0.05032938,0.065197,-0.11514854,-0.44044763,2.7,0.7034649397655716,6,5,0.29653445796031025,-7.27662329595336,112.79129926417777,2.8028276,6.022741180664125E-7,"{""geodesic"":false,""type"":""Point"",""coordinates"":[112.79129926417777,-7.27662329595336]}"
531,0.40090000000000003,0.35705000000000003,0.06255000000000001,0.11365,0.2289,0.27675,51.42343334000003,-0.5582548,-0.5171022,-0.12669612,0.05785342,-0.18320668,-0.41777664,2.890909090909091,0.8673196849746948,6,5,0.1312075397087335,-7.280935209317135,112.79938410173484,3.9599106,0.0014727753165716885,"{""geodesic"":false,""type"":""Point"",""coordinates"":[112.79938410173484,-7.280935209317135]}"
532,0.26980000000000004,0.2064,0.0324,0.06870000000000001,0.0968,0.30025,46.58009900000002,-0.5940916,-0.50054526,0.18523635,0.13313733,0.053416368,-0.6275918,3.1818181818181817,0.6735127180007137,7,5,0.32211003974833946,-7.284169144339964,112.79561117754155,2.3817756,0.004377242250946964,"{""geodesic"":false,""type"":""Point"",""coordinates"":[112.79561117754155,-7.284169144339964]}"
533,0.28685000000000005,0.276,0.10855000000000001,0.12780000000000002,0.14600000000000002,0.19115000000000001,51.92930030000002,-0.3835765,-0.36701337,-0.18163331,0.019276895,-0.2002092,-0.19862047,3.25974025974026,0.9796976666797357,6,5,0.020302333320264272,-7.290098025215153,112.79776713422343,0.46373534,0.0,"{""geodesic"":false,""type"":""Point"",""coordinates"":[112.79776713422343,-7.290098025215153]}"
534,0.24920000000000003,0.18280000000000002,0.037250000000000005,0.06945000000000001,0.0864,0.30755,45.29150546000005,-0.56409854,-0.4493558,0.25441012,0.1537037,0.10480467,-0.631565,2.2148760330578514,0.5798867266987064,6,5,0.40615189244102623,-7.283630155169493,112.7945331992006,1.3909631,0.013961380860267304,"{""geodesic"":false,""type"":""Point"",""coordinates"":[112.7945331992006,-7.283630155169493]}"
535,0.2419,0.17555,0.0821,0.10800000000000001,0.1253,0.2968,46.08790412000002,-0.38268077,-0.23822959,0.25669524,0.1589412,0.10191201,-0.46640316,3.5950413223140494,0.6253075027738144,6,5,0.37466854966006247,-7.287403079362795,112.79291623168919,2.3640482,2.394756612311688E-5,"{""geodesic"":false,""type"":""Point"",""coordinates"":[112.79291623168919,-7.287403079362795]}"
536,0.28895000000000004,0.24220000000000003,0.0907,0.12160000000000001,0.14100000000000001,0.29465,44.95653950000002,-0.40762392,-0.33150083,0.097699545,0.08801657,0.009766963,-0.41573572,2.3801652892561984,0.5493837521042644,6,5,0.4437462360896916,-7.284708133510437,112.79399421003014,0.46373534,0.006870011806043982,"{""geodesic"":false,""type"":""Point"",""coordinates"":[112.79399421003014,-7.284708133510437]}"
537,0.2635,0.21550000000000002,0.0456,0.08075000000000002,0.1116,0.272,46.69631168000001,-0.5308642,-0.4548523,0.11589744,0.10020877,0.015873017,-0.5421687,3.512396694214876,0.6286020863152302,6,5,0.3707635182804066,-7.278240263464776,112.79291623168919,0.93494225,6.34395404363288E-4,"{""geodesic"":false,""type"":""Point"",""coordinates"":[112.79291623168919,-7.278240263464776]}"
538,0.42650000000000005,0.3453,0.07010000000000001,0.1179,0.2104,0.30670000000000003,50.43904358000003,-0.5668626,-0.49093264,-0.059202455,0.105208606,-0.16339335,-0.44465378,4.049586776859504,0.8390931223510427,7,5,0.15406822711663268,-7.280935209317135,112.7983061233939,2.6321704,0.006838650532324669,"{""geodesic"":false,""type"":""Point"",""coordinates"":[112.7983061233939,-7.280935209317135]}"
539,0.33435000000000004,0.30445,0.1424,0.17955000000000002,0.20665,0.32420000000000004,44.74120424,-0.30122593,-0.25805786,0.031416528,0.04680651,-0.015412649,-0.2871464,2.5702479338842976,0.5567887136764784,6,5,0.4397259260022713,-7.285247122680908,112.79399421003014,1.038546,0.0034853603212503296,"{""geodesic"":false,""type"":""Point"",""coordinates"":[112.79399421003014,-7.285247122680908]}"
540,0.34605,0.31479999999999997,0.12815000000000001,0.16210000000000002,0.1966,0.32785000000000003,45.46240646000001,-0.36199942,-0.3201929,0.020306543,0.047287583,-0.027006974,-0.33829984,2.347107438016529,0.584681384491487,6,5,0.40971432578116546,-7.284708133510437,112.7945331992006,1.3167858,0.005604289727347554,"{""geodesic"":false,""type"":""Point"",""coordinates"":[112.7945331992006,-7.284708133510437]}"
541,0.47245000000000004,0.42505000000000004,0.07575000000000001,0.12825,0.2784,0.3164,51.566990180000005,-0.57299817,-0.53641784,-0.14653718,0.05281337,-0.1978196,-0.4231418,2.950413223140496,0.8597385920650159,6,5,0.13678286191518385,-7.280935209317135,112.79884511256438,3.7340095,0.0034785460198002074,"{""geodesic"":false,""type"":""Point"",""coordinates"":[112.79884511256438,-7.280935209317135]}"
542,0.2654,0.21435,0.07490000000000001,0.11005000000000001,0.1457,0.26680000000000004,46.82277842000002,-0.41377014,-0.32151663,0.10900966,0.10640959,0.00263059,-0.415948,2.206611570247934,0.5689883826573882,6,5,0.4097668151177437,-7.282552176828549,112.7945331992006,2.7078977,0.02124480222486804,"{""geodesic"":false,""type"":""Point"",""coordinates"":[112.7945331992006,-7.282552176828549]}"
543,0.23399999999999999,0.15400000000000003,0.0371,0.07195000000000001,0.0618,0.3592,45.15136663999999,-0.5296617,-0.36313343,0.3998441,0.20618556,0.21105866,-0.66624147,3.322314049586777,0.5843102075412777,7,5,0.4062078468613638,-7.284169144339964,112.7945331992006,0.0,0.009481945597358429,"{""geodesic"":false,""type"":""Point"",""coordinates"":[112.7945331992006,-7.284169144339964]}"
544,0.14775,0.09240000000000001,0.0257,0.056650000000000006,0.03515,0.31445,43.85593706000003,-0.4456947,-0.2398524,0.5457785,0.23048095,0.36066636,-0.6946915,2.9917355371900825,0.3971686263718604,6,5,0.5819991134003011,-7.282013187658078,112.79291623168919,2.9328132,0.020832260227838503,"{""geodesic"":false,""type"":""Point"",""coordinates"":[112.79291623168919,-7.282013187658078]}"
545,0.24575000000000002,0.18080000000000002,0.08280000000000001,0.10915,0.12045,0.26005,49.57086650000002,-0.38489714,-0.24711157,0.17976636,0.1522682,0.028272044,-0.40872157,3.215909090909091,0.9322499206769854,6,5,0.0677500793230146,-7.289559036044682,112.79615016671202,1.8694332,0.0,"{""geodesic"":false,""type"":""Point"",""coordinates"":[112.79615016671202,-7.289559036044682]}"
546,0.2264,0.13535000000000003,0.037000000000000005,0.06720000000000001,0.0663,0.32395,43.54489724000001,-0.54223436,-0.33646014,0.41062486,0.25169316,0.17725085,-0.6563978,2.909090909090909,0.37027946684335306,6,5,0.6273653459538922,-7.280396220146662,112.79129926417777,1.4673672,0.0023551872027547257,"{""geodesic"":false,""type"":""Point"",""coordinates"":[112.79129926417777,-7.280396220146662]}"
547,0.2447,0.1874,0.0709,0.0964,0.1274,0.2182,49.05132746000004,-0.43476987,-0.32064834,0.07593688,0.13260819,-0.057247784,-0.3871583,2.8264462809917354,0.8199127102051642,6,5,0.17811101905150462,-7.282013187658078,112.79884511256438,6.07787,0.0019762707433312278,"{""geodesic"":false,""type"":""Point"",""coordinates"":[112.79884511256438,-7.282013187658078]}"
548,0.31420000000000003,0.2937,0.13015000000000002,0.14875,0.1634,0.21525,48.730033580000054,-0.357382,-0.32760763,-0.15414087,0.03372265,-0.18689206,-0.1826923,2.2892561983471076,0.7062711961180419,6,5,0.2923898624783368,-7.284169144339964,112.79668915588249,3.269077,0.0013389414036213592,"{""geodesic"":false,""type"":""Point"",""coordinates"":[112.79668915588249,-7.284169144339964]}"
549,0.24730000000000002,0.19360000000000002,0.05185,0.08265,0.08955,0.25615,47.57474281999998,-0.499015,-0.40162897,0.13907726,0.121796325,0.017578706,-0.51210153,2.3140495867768593,0.7491304368434336,6,5,0.244800825441114,-7.282552176828549,112.79722814505297,3.9447982,0.006068737715452455,"{""geodesic"":false,""type"":""Point"",""coordinates"":[112.79722814505297,-7.282552176828549]}"
550,0.1553,0.0868,0.011300000000000001,0.0342,0.0245,0.3418,45.506840720000014,-0.6390501,-0.43471074,0.59496033,0.28294092,0.375176,-0.81808513,2.8595041322314048,0.42170960809285785,6,5,0.5580380700315057,-7.283091165999021,112.79291623168919,3.531773,0.02025232187563638,"{""geodesic"":false,""type"":""Point"",""coordinates"":[112.79291623168919,-7.283091165999021]}"
551,0.2903,0.2464,0.08560000000000001,0.10880000000000001,0.17445,0.24930000000000002,49.50934214000006,-0.45477325,-0.3873874,0.0058503128,0.08179616,-0.075982206,-0.3923485,3.5454545454545454,0.7949056288668418,6,5,0.2049227230095091,-7.27662329595336,112.79399421003014,1.4673661,1.716481236489276E-4,"{""geodesic"":false,""type"":""Point"",""coordinates"":[112.79399421003014,-7.27662329595336]}"
552,0.32975,0.30365000000000003,0.1675,0.20065,0.25070000000000003,0.28370000000000006,47.44144004000003,-0.2434012,-0.20424351,-0.03396612,0.04120619,-0.075067244,-0.17146692,2.553719008264463,0.6377230322477859,6,5,0.3610661960168612,-7.285247122680908,112.79561117754155,1.9747454,0.0012107717353528448,"{""geodesic"":false,""type"":""Point"",""coordinates"":[112.79561117754155,-7.285247122680908]}"
553,0.25405,0.19375,0.0811,0.10255,0.10475000000000001,0.25985,49.93659464000001,-0.42484576,-0.30779615,0.1457231,0.13465834,0.011286243,-0.43405077,4.352272727272727,0.9420434948768145,7,5,0.05795650512318556,-7.289559036044682,112.79668915588249,1.043616,0.0,"{""geodesic"":false,""type"":""Point"",""coordinates"":[112.79668915588249,-7.289559036044682]}"
554,0.34005,0.29305000000000003,0.0889,0.12575,0.19655,0.27405,46.36818176000003,-0.4600687,-0.39947468,-0.03350379,0.074237876,-0.10747435,-0.37093547,3.1818181818181817,0.5426594844686528,6,5,0.4566475991585119,-7.278779252635247,112.79237724251871,1.6757717,6.929163728354077E-4,"{""geodesic"":false,""type"":""Point"",""coordinates"":[112.79237724251871,-7.278779252635247]}"
555,0.21730000000000002,0.1746,0.0684,0.08950000000000001,0.10400000000000001,0.22340000000000002,47.35940756000002,-0.41655803,-0.32222643,0.122613065,0.10895637,0.013841616,-0.42793223,3.28099173553719,0.731197463275562,7,5,0.26548249204468094,-7.283091165999021,112.79722814505297,2.9518476,0.0033200446797570725,"{""geodesic"":false,""type"":""Point"",""coordinates"":[112.79722814505297,-7.283091165999021]}"
556,0.23665000000000003,0.1786,0.06695000000000001,0.09245,0.0991,0.22345,50.08698751999998,-0.43816468,-0.31783804,0.11155329,0.1397953,-0.028689416,-0.4146882,3.9272727272727272,0.8457456735866016,7,5,0.15341828389836257,-7.282013187658078,112.79938410173484,4.7200723,8.360425150359045E-4,"{""geodesic"":false,""type"":""Point"",""coordinates"":[112.79938410173484,-7.282013187658078]}"
557,0.239,0.17700000000000002,0.04395,0.07645,0.0877,0.25630000000000003,46.22120690000003,-0.5152956,-0.39672518,0.18301408,0.14903846,0.034928326,-0.5404959,3.0578512396694215,0.6854629171549972,7,5,0.30753478583088334,-7.283630155169493,112.79561117754155,2.5132551,0.007002297014119284,"{""geodesic"":false,""type"":""Point"",""coordinates"":[112.79561117754155,-7.283630155169493]}"
558,0.2864,0.22245,0.11055000000000001,0.13835,0.15485000000000002,0.30755,47.605504999999994,-0.34855798,-0.23309313,0.16056603,0.12567554,0.03560906,-0.37945727,2.3388429752066116,0.655890428827234,6,5,0.3416483493095677,-7.284708133510437,112.79561117754155,2.3817785,0.002461221863198303,"{""geodesic"":false,""type"":""Point"",""coordinates"":[112.79561117754155,-7.284708133510437]}"
559,0.35665,0.3113,0.066,0.1087,0.2068,0.32085,47.41751390000002,-0.53282475,-0.48238096,0.0151071735,0.0678943,-0.052841328,-0.49388894,3.7545454545454544,0.7093750211987943,7,5,0.2906216662935564,-7.27662329595336,112.79183825334825,1.9747269,3.3125076493652696E-6,"{""geodesic"":false,""type"":""Point"",""coordinates"":[112.79183825334825,-7.27662329595336]}"
560,0.2548,0.22100000000000003,0.07415000000000001,0.10285,0.1477,0.21415,46.98684337999998,-0.4248567,-0.3648294,-0.015741698,0.07103825,-0.08668301,-0.3511041,3.652892561983471,0.6578735958960142,7,5,0.34149607146874467,-7.285247122680908,112.79615016671202,3.9599156,6.303326352411316E-4,"{""geodesic"":false,""type"":""Point"",""coordinates"":[112.79615016671202,-7.285247122680908]}"
561,0.3447,0.2893,0.06845000000000001,0.1126,0.19,0.33525000000000005,46.67238554000005,-0.5075443,-0.43966162,0.07357297,0.087381706,-0.013898081,-0.49715307,3.809917355371901,0.6642590331827631,7,5,0.3357299064832544,-7.277162285123833,112.79183825334825,1.912278,1.1060333982491051E-5,"{""geodesic"":false,""type"":""Point"",""coordinates"":[112.79183825334825,-7.277162285123833]}"
562,0.36475,0.26160000000000005,0.08625000000000001,0.1213,0.18175000000000002,0.3206,48.38481356,-0.5008744,-0.36641422,0.10133974,0.16468428,-0.06441964,-0.451007,2.190082644628099,0.687052611659312,6,5,0.2947711856532423,-7.282013187658078,112.79561117754155,3.73483,0.018176202687445717,"{""geodesic"":false,""type"":""Point"",""coordinates"":[112.79561117754155,-7.282013187658078]}"
563,0.36,0.3235,0.07064999999999999,0.11425000000000002,0.21005000000000001,0.28455,48.21733058000001,-0.5181866,-0.47801256,-0.06405723,0.053401608,-0.11705841,-0.4270311,3.355371900826446,0.7503180964529043,7,5,0.23685798188816667,-7.282013187658078,112.79668915588249,3.276136,0.01282392165892909,"{""geodesic"":false,""type"":""Point"",""coordinates"":[112.79668915588249,-7.282013187658078]}"
564,0.29510000000000003,0.2263,0.0396,0.07250000000000001,0.1158,0.3397,47.73538976000003,-0.6055495,-0.51472557,0.20035335,0.13195243,0.07025835,-0.648229,4.181818181818182,0.6350484576462346,8,6,0.34725114482350816,-7.282552176828549,112.79507218837108,2.4985716,0.017700397530257275,"{""geodesic"":false,""type"":""Point"",""coordinates"":[112.79507218837108,-7.282552176828549]}"
565,0.3244,0.2313,0.06485,0.0978,0.14195000000000002,0.29275,49.27691678000002,-0.53671247,-0.40565178,0.1172598,0.16753644,-0.051284127,-0.49916783,4.87603305785124,0.8231785206383341,8,6,0.1712725558336006,-7.281474198487606,112.7983061233939,4.7553196,0.0055489235280653075,"{""geodesic"":false,""type"":""Point"",""coordinates"":[112.7983061233939,-7.281474198487606]}"
566,0.41085000000000005,0.34455,0.09505000000000001,0.14,0.2154,0.32785,51.02352500000001,-0.49169466,-0.42214426,-0.024836406,0.08776807,-0.11235955,-0.40151757,5.020202020202021,0.8691951285239503,8,6,0.13039743303517778,-7.281474198487606,112.79992309090532,2.8408384,4.0743844087192825E-4,"{""geodesic"":false,""type"":""Point"",""coordinates"":[112.79992309090532,-7.281474198487606]}"
567,0.29095000000000004,0.23545,0.05675,0.09440000000000001,0.1328,0.29765,47.29446518000003,-0.5100558,-0.42761862,0.11667605,0.10543313,0.011382943,-0.51842874,5.12396694214876,0.7355798231357293,9,6,0.25947021494662237,-7.283091165999021,112.79668915588249,1.9122795,0.00494996191764826,"{""geodesic"":false,""type"":""Point"",""coordinates"":[112.79668915588249,-7.283091165999021]}"
568,0.32325000000000004,0.24935000000000002,0.2403,0.26990000000000003,0.2884,0.39180000000000004,45.26757931999998,-0.08994352,0.03957631,0.22217889,0.12906043,0.095867425,-0.18422246,4.652892561983471,0.44670681202809476,8,6,0.5291177875726649,-7.282552176828549,112.79345522085966,2.3362877,0.024175400399240224,"{""geodesic"":false,""type"":""Point"",""coordinates"":[112.79345522085966,-7.282552176828549]}"
569,0.25655,0.19740000000000002,0.03685000000000001,0.06860000000000001,0.08715,0.27235,48.01908542000001,-0.5780409,-0.48421052,0.15955295,0.1303007,0.029873323,-0.597595,5.421487603305785,0.6785615836532476,9,6,0.3201103689347382,-7.284708133510437,112.79615016671202,1.4673687,0.001328047412014334,"{""geodesic"":false,""type"":""Point"",""coordinates"":[112.79615016671202,-7.284708133510437]}"
570,0.33240000000000003,0.29575,0.10500000000000001,0.13219999999999998,0.16660000000000003,0.28565,45.71192192000001,-0.43090832,-0.38217083,-0.017371861,0.058345936,-0.07564113,-0.36723706,5.586776859504132,0.5766138552826456,9,6,0.4010643387067281,-7.281474198487606,112.7945331992006,2.7802885,0.02232180601062635,"{""geodesic"":false,""type"":""Point"",""coordinates"":[112.7945331992006,-7.281474198487606]}"
571,0.31980000000000003,0.2594,0.04395,0.0887,0.1523,0.27815,47.32864538000001,-0.56572825,-0.49037632,0.034880478,0.10428177,-0.06965465,-0.5164236,4.024793388429752,0.7244097682883949,8,6,0.26838475150101493,-7.283091165999021,112.79615016671202,2.0865152,0.0072054802105901705,"{""geodesic"":false,""type"":""Point"",""coordinates"":[112.79615016671202,-7.283091165999021]}"
572,0.29869999999999997,0.21910000000000002,0.0514,0.08985,0.1101,0.33065,47.33548142000001,-0.5375113,-0.41835248,0.20291041,0.15372731,0.050766665,-0.5726516,5.041322314049587,0.7150133186568652,9,6,0.2805904029280989,-7.283630155169493,112.79615016671202,1.3167841,0.004396278415035848,"{""geodesic"":false,""type"":""Point"",""coordinates"":[112.79615016671202,-7.283630155169493]}"
573,0.2063,0.13945000000000002,0.0308,0.05890000000000001,0.04675,0.3098,45.47949656000003,-0.55580693,-0.40610033,0.37918752,0.1933478,0.20054252,-0.6804991,5.3884297520661155,0.5697135711718472,9,6,0.40764225559583145,-7.282013187658078,112.7945331992006,2.7182202,0.022644173232321395,"{""geodesic"":false,""type"":""Point"",""coordinates"":[112.7945331992006,-7.282013187658078]}"
574,0.30590000000000006,0.26405,0.07675000000000001,0.1121,0.16570000000000001,0.25085,47.98490522000003,-0.46363637,-0.40396118,-0.025636045,0.07342749,-0.098877415,-0.38228408,5.1735537190082646,0.745159587657568,9,6,0.24643622337347956,-7.282552176828549,112.79668915588249,1.0385447,0.008404188968952543,"{""geodesic"":false,""type"":""Point"",""coordinates"":[112.79668915588249,-7.282552176828549]}"
575,0.38115000000000004,0.3378,0.0663,0.10550000000000001,0.19095,0.29215,51.20126204000002,-0.56642354,-0.52402437,-0.07246607,0.060296264,-0.13218476,-0.4693826,7.845454545454546,0.8633871236092523,11,7,0.13541966381390844,-7.281474198487606,112.79938410173484,1.9259793,0.0011932125768392185,"{""geodesic"":false,""type"":""Point"",""coordinates"":[112.79938410173484,-7.281474198487606]}"
576,0.3121,0.25995,0.07980000000000001,0.11165,0.13375,0.3224,47.67044738000004,-0.47303835,-0.39908504,0.10723791,0.09116336,0.016233254,-0.48554313,6.1735537190082646,0.6992846031147538,10,7,0.29820230488062227,-7.284169144339964,112.79615016671202,0.46750805,0.002513092004623775,"{""geodesic"":false,""type"":""Point"",""coordinates"":[112.79615016671202,-7.284169144339964]}"
577,0.40355,0.29315,0.10365,0.14845000000000003,0.2132,0.39125,47.321809340000016,-0.46213767,-0.3276721,0.14333723,0.15846132,-0.015475592,-0.44987956,6.330578512396694,0.6330936313030728,10,7,0.34635875468917476,-7.282013187658078,112.79507218837108,1.974738,0.020547614007752353,"{""geodesic"":false,""type"":""Point"",""coordinates"":[112.79507218837108,-7.282013187658078]}"
578,0.34015,0.26585000000000003,0.05575,0.09265000000000001,0.14705000000000001,0.27875,50.54158418000003,-0.5718577,-0.48312414,0.02368711,0.12260726,-0.09920827,-0.501077,8.834710743801653,0.8462769517750289,12,7,0.15090396225074773,-7.281474198487606,112.79884511256438,1.4022665,0.0028190859742233893,"{""geodesic"":false,""type"":""Point"",""coordinates"":[112.79884511256438,-7.281474198487606]}"
579,0.25575000000000003,0.21385,0.1469,0.16544999999999999,0.189,0.28890000000000005,44.55663116000005,-0.21438746,-0.12760349,0.14927897,0.089224875,0.060864776,-0.27170682,6.925619834710744,0.4028385797519231,10,7,0.5752184805073641,-7.282552176828549,112.79291623168919,2.8028622,0.021942939740712694,"{""geodesic"":false,""type"":""Point"",""coordinates"":[112.79291623168919,-7.282552176828549]}"
