Latitude (decimal degrees): -7.281
Longitude (decimal degrees): 112.796
Elevation (m): 4.0
Irradiance Time Offset (h): 0.5
month,year
1,2023
2,2023
3,2016
4,2018
5,2014
6,2006
7,2010
8,2009
9,2011
10,2008
11,2016
12,2020
time(UTC),T2m,RH,G(h),Gb(n),Gd(h),IR(h),WS10m,WD10m,SP
20230101:0000,26.12,86.28,303.45,345.52,168.45,423.81,3.63,278.0,100970.0
20230101:0100,26.29,85.07,467.35,364.8,249.1,424.46,4.02,276.0,100980.0
20230101:0200,26.47,83.87,622.05,403.87,311.7,425.1,4.4,282.0,101000.0
20230101:0300,26.65,82.67,572.6,283.32,320.55,425.75,4.78,288.0,100960.0
20230101:0400,26.83,81.46,464.75,172.46,300.3,426.4,5.16,295.0,100850.0
20230101:0500,27.01,80.26,418.75,177.64,248.95,427.04,5.55,292.0,100780.0
20230101:0600,27.19,79.06,518.5,258.14,287.1,427.69,5.93,298.0,100720.0
20230101:0700,27.37,77.85,349.5,139.56,240.75,428.34,6.31,301.0,100680.0
20230101:0800,26.65,81.85,159.45,21.56,146.25,422.3,5.38,297.0,100630.0
20230101:0900,26.34,81.85,101.8,0.25,101.7,425.0,4.34,291.0,100650.0
20230101:1000,26.15,84.5,13.7,0.0,13.7,424.0,3.93,283.0,100700.0
20230101:1100,25.7,87.3,0.0,-0.0,0.0,423.05,4.21,280.0,100760.0
20230101:1200,25.52,87.3,0.0,-0.0,0.0,423.05,3.59,282.0,100840.0
20230101:1300,25.4,87.3,0.0,-0.0,0.0,428.65,3.72,286.0,100910.0
20230101:1400,25.18,90.15,0.0,-0.0,0.0,420.75,3.79,286.0,100940.0
20230101:1500,25.04,90.15,0.0,-0.0,0.0,421.1,3.59,280.0,100900.0
20230101:1600,24.96,90.15,0.0,-0.0,0.0,425.75,3.93,283.0,100850.0
20230101:1700,24.66,93.1,0.0,-0.0,0.0,422.65,4.62,287.0,100800.0
20230101:1800,24.76,90.15,0.0,-0.0,0.0,419.95,5.03,287.0,100760.0
20230101:1900,24.85,90.15,0.0,-0.0,0.0,425.0,4.34,276.0,100700.0
20230101:2000,24.75,90.15,0.0,-0.0,0.0,422.65,4.28,278.0,100660.0
20230101:2100,24.48,93.1,0.0,-0.0,0.0,413.4,4.34,282.0,100710.0
20230101:2200,24.54,93.1,0.0,-0.0,0.0,421.3,4.14,282.0,100780.0
20230101:2300,24.69,93.1,119.8,176.98,91.5,423.85,4.55,280.0,100850.0
20230102:0000,25.29,87.3,290.6,326.9,163.4,428.65,4.21,283.0,100920.0
20230102:0100,26.03,84.5,519.75,514.3,212.7,426.05,5.59,286.0,100960.0
20230102:0200,26.85,79.3,645.1,594.17,189.0,427.5,6.14,290.0,100940.0
20230102:0300,27.45,76.8,843.85,716.14,207.0,429.05,6.34,291.0,100910.0
20230102:0400,28.35,74.5,791.35,595.37,223.55,429.45,6.28,288.0,100800.0
20230102:0500,29.28,72.25,817.0,622.02,222.05,424.8,5.93,289.0,100740.0
20230102:0600,30.06,70.0,658.3,507.16,203.15,426.55,6.07,297.0,100630.0
20230102:0700,28.24,74.4,375.7,237.31,190.45,428.85,6.83,288.0,100600.0
20230102:0800,27.87,74.4,260.8,162.8,160.85,426.15,6.0,284.0,100500.0
20230102:0900,27.85,74.4,95.7,23.12,86.25,425.95,4.97,281.0,100620.0
20230102:1000,26.82,79.3,14.55,0.0,14.55,423.25,4.55,280.0,100640.0
20230102:1100,26.39,81.85,0.0,-0.0,0.0,422.65,3.66,288.0,100700.0
20230102:1200,26.05,84.5,0.0,-0.0,0.0,418.6,3.79,290.0,100780.0
20230102:1300,25.78,84.5,0.0,-0.0,0.0,417.85,3.86,289.0,100850.0
20230102:1400,25.63,87.3,0.0,-0.0,0.0,420.35,3.93,286.0,100890.0
20230102:1500,25.44,87.3,0.0,-0.0,0.0,417.65,4.28,284.0,100860.0
20230102:1600,25.2,90.15,0.0,-0.0,0.0,409.5,4.41,282.0,100850.0
20230102:1700,24.94,90.15,0.0,-0.0,0.0,409.5,4.62,281.0,100780.0
20230102:1800,24.71,93.1,0.0,-0.0,0.0,407.2,4.55,278.0,100720.0
20230102:1900,24.8,87.25,0.0,-0.0,0.0,413.4,4.14,280.0,100690.0
20230102:2000,24.56,90.1,0.0,-0.0,0.0,409.7,3.79,281.0,100690.0
20230102:2100,24.37,90.1,0.0,-0.0,0.0,409.3,3.72,282.0,100720.0
20230102:2200,24.21,93.1,0.0,-0.0,0.0,404.65,3.52,279.0,100770.0
20230102:2300,24.32,93.1,200.7,837.49,68.35,401.4,3.59,279.0,100830.0
20230103:0000,25.47,87.3,432.95,848.23,104.25,402.35,4.07,280.0,100870.0
20230103:0100,26.81,79.3,668.25,935.04,111.15,403.6,4.48,283.0,100880.0
20230103:0200,28.08,74.4,756.9,689.38,228.25,409.5,5.03,284.0,100870.0
20230103:0300,28.94,69.85,820.55,644.34,247.75,419.4,5.45,286.0,100800.0
20230103:0400,29.72,67.7,843.55,593.58,277.35,427.5,5.79,286.0,100720.0
20230103:0500,30.16,65.6,773.05,588.01,210.25,428.85,5.93,288.0,100620.0
20230103:0600,30.04,65.6,733.2,580.47,211.65,428.1,6.07,294.0,100590.0
20230103:0700,28.52,72.1,481.65,361.13,199.25,425.55,6.41,294.0,100560.0
20230103:0800,28.04,74.4,338.75,331.83,134.5,425.95,5.79,285.0,100480.0
20230103:0900,28.1,74.4,178.2,206.71,93.35,422.1,4.76,286.0,100460.0
20230103:1000,27.64,76.8,31.0,52.82,21.45,422.3,4.48,287.0,100510.0
20230103:1100,26.98,79.3,0.0,-0.0,0.0,421.9,4.07,284.0,100600.0
20230103:1200,26.58,81.85,0.0,-0.0,0.0,420.35,4.0,289.0,100690.0
20230103:1300,26.33,81.85,0.0,-0.0,0.0,422.45,4.28,289.0,100790.0
20230103:1400,26.08,84.5,0.0,-0.0,0.0,422.85,4.34,286.0,100800.0
20230103:1500,25.77,84.5,0.0,-0.0,0.0,416.1,4.55,285.0,100810.0
20230103:1600,25.49,87.3,0.0,-0.0,0.0,415.1,4.62,283.0,100760.0
20230103:1700,25.2,90.15,0.0,-0.0,0.0,411.05,4.62,283.0,100710.0
20230103:1800,24.91,90.15,0.0,-0.0,0.0,404.85,4.55,283.0,100660.0
20230103:1900,25.1,87.25,0.0,-0.0,0.0,410.45,4.69,278.0,100660.0
20230103:2000,24.88,87.25,0.0,-0.0,0.0,410.1,4.14,274.0,100610.0
20230103:2100,24.68,90.1,0.0,-0.0,0.0,407.2,3.72,279.0,100670.0
20230103:2200,24.5,90.1,0.0,-0.0,0.0,405.85,3.86,283.0,100700.0
20230103:2300,24.57,90.1,176.0,533.09,92.75,407.55,3.79,279.0,100740.0
20230104:0000,25.51,87.3,405.9,696.87,136.95,402.9,4.14,283.0,100810.0
20230104:0100,26.77,79.3,604.2,733.17,168.25,406.15,5.1,287.0,100840.0
20230104:0200,27.91,74.4,814.05,867.65,149.35,410.3,5.59,284.0,100830.0
20230104:0300,28.98,69.85,842.7,784.18,145.8,413.0,5.72,282.0,100780.0
20230104:0400,29.6,65.5,804.95,643.39,191.1,422.45,5.86,282.0,100700.0
20230104:0500,29.97,65.6,823.55,685.85,166.65,428.1,5.59,285.0,100630.0
20230104:0600,30.29,63.6,759.0,653.43,171.2,430.2,5.31,293.0,100560.0
20230104:0700,30.44,63.6,576.95,536.66,156.55,435.25,4.83,303.0,100460.0
20230104:0800,29.11,67.6,341.7,353.18,123.75,432.15,6.34,295.0,100460.0
20230104:0900,27.7,76.8,146.25,162.93,79.1,425.55,4.76,280.0,100490.0
20230104:1000,27.36,76.8,32.1,84.69,16.65,420.9,3.79,288.0,100510.0
20230104:1100,26.88,79.3,0.0,-0.0,0.0,417.65,3.79,278.0,100630.0
20230104:1200,26.51,81.85,0.0,-0.0,0.0,424.2,3.72,277.0,100710.0
20230104:1300,26.06,84.5,0.0,-0.0,0.0,416.45,3.38,275.0,100780.0
20230104:1400,25.75,84.5,0.0,-0.0,0.0,416.65,3.45,276.0,100830.0
20230104:1500,25.47,84.45,0.0,-0.0,0.0,414.35,3.66,280.0,100850.0
20230104:1600,25.22,87.25,0.0,-0.0,0.0,415.5,3.38,273.0,100770.0
20230104:1700,24.94,87.25,0.0,-0.0,0.0,411.45,3.31,276.0,100710.0
20230104:1800,24.75,87.25,0.0,-0.0,0.0,408.55,3.38,278.0,100670.0
20230104:1900,24.92,87.25,0.0,-0.0,0.0,410.3,3.59,277.0,100660.0
20230104:2000,24.77,87.25,0.0,-0.0,0.0,411.85,3.17,279.0,100630.0
20230104:2100,24.68,90.1,0.0,-0.0,0.0,410.45,3.38,283.0,100700.0
20230104:2200,24.62,90.1,0.0,-0.0,0.0,412.4,3.31,275.0,100750.0
20230104:2300,24.72,90.1,161.0,411.19,97.55,412.0,3.03,274.0,100800.0
20230105:0000,25.72,87.3,399.1,702.04,129.25,411.85,3.1,281.0,100890.0
20230105:0100,27.2,79.3,625.65,821.41,138.2,413.7,3.52,282.0,100900.0
20230105:0200,28.66,72.1,758.7,795.63,149.75,416.85,3.45,273.0,100880.0
20230105:0300,29.77,67.7,908.1,888.96,118.3,424.2,3.45,276.0,100840.0
20230105:0400,30.72,63.6,915.9,785.26,166.5,425.4,3.45,281.0,100780.0
20230105:0500,31.41,61.75,865.45,722.44,173.0,428.85,3.79,291.0,100680.0
20230105:0600,31.63,61.75,615.4,403.77,251.75,433.3,4.07,284.0,100580.0
20230105:0700,30.46,63.6,571.3,512.65,169.0,430.0,4.07,273.0,100580.0
20230105:0800,30.5,63.6,358.1,385.49,119.6,425.95,4.14,276.0,100540.0
20230105:0900,30.05,65.6,147.05,167.96,77.55,432.75,3.86,287.0,100540.0
20230105:1000,29.12,69.85,17.5,31.79,11.65,429.85,3.31,296.0,100600.0
20230105:1100,28.27,72.1,0.0,-0.0,0.0,431.35,3.24,288.0,100700.0
20230105:1200,27.74,76.8,0.0,-0.0,0.0,432.75,3.24,281.0,100800.0
20230105:1300,27.25,79.3,0.0,-0.0,0.0,429.85,3.24,272.0,100860.0
20230105:1400,26.88,79.3,0.0,-0.0,0.0,430.2,3.1,267.0,100920.0
20230105:1500,26.51,81.85,0.0,-0.0,0.0,430.4,2.83,265.0,100900.0
20230105:1600,26.17,84.5,0.0,-0.0,0.0,427.3,2.83,265.0,100850.0
20230105:1700,25.89,81.8,0.0,-0.0,0.0,425.75,2.83,273.0,100770.0
20230105:1800,25.51,84.45,0.0,-0.0,0.0,414.35,2.9,277.0,100710.0
20230105:1900,25.45,84.45,0.0,-0.0,0.0,415.1,3.17,280.0,100740.0
20230105:2000,25.31,84.45,0.0,-0.0,0.0,417.85,3.24,274.0,100710.0
20230105:2100,25.15,87.25,0.0,-0.0,0.0,417.85,3.03,276.0,100710.0
20230105:2200,25.04,87.25,0.0,-0.0,0.0,414.55,3.03,276.0,100800.0
20230105:2300,25.02,87.25,134.65,210.22,102.6,410.3,2.9,276.0,100870.0
20230106:0000,25.87,84.5,246.7,177.88,178.6,411.25,2.69,265.0,100930.0
20230106:0100,26.91,79.3,465.3,308.63,282.5,417.95,2.41,262.0,100940.0
20230106:0200,28.25,74.4,670.0,622.95,193.65,422.45,2.34,267.0,100950.0
20230106:0300,28.86,72.15,812.75,611.09,269.95,428.65,2.62,272.0,100900.0
20230106:0400,29.85,67.8,498.95,261.26,249.55,424.8,3.24,276.0,100820.0
20230106:0500,29.62,69.95,594.7,323.18,284.7,432.55,3.38,286.0,100760.0
20230106:0600,30.23,67.8,510.6,232.33,301.1,434.3,3.52,281.0,100650.0
20230106:0700,29.53,69.95,232.6,48.08,194.8,435.25,2.83,282.0,100670.0
20230106:0800,27.56,79.35,235.95,150.42,142.65,435.45,1.86,268.0,100600.0
20230106:0900,27.45,79.35,104.6,47.3,84.95,427.7,1.31,270.0,100600.0
20230106:1000,27.29,79.35,21.4,29.1,16.0,425.75,1.24,263.0,100650.0
20230106:1100,26.88,84.6,0.0,-0.0,0.0,421.1,1.17,298.0,100700.0
20230106:1200,26.43,87.35,0.0,-0.0,0.0,417.85,1.86,302.0,100770.0
20230106:1300,26.24,90.2,0.0,-0.0,0.0,423.85,1.86,294.0,100830.0
20230106:1400,25.81,90.2,0.0,-0.0,0.0,414.15,1.52,276.0,100900.0
20230106:1500,25.36,90.2,0.0,-0.0,0.0,409.9,1.52,259.0,100920.0
20230106:1600,25.01,93.15,0.0,-0.0,0.0,410.65,1.45,258.0,100880.0
20230106:1700,24.72,96.2,0.0,-0.0,0.0,406.2,1.72,269.0,100850.0
20230106:1800,24.62,93.1,0.0,-0.0,0.0,410.85,2.07,275.0,100800.0
20230106:1900,24.74,90.15,0.0,-0.0,0.0,406.6,2.0,274.0,100750.0
20230106:2000,24.57,93.1,0.0,-0.0,0.0,406.8,2.07,272.0,100730.0
20230106:2100,24.49,93.1,0.0,-0.0,0.0,414.55,2.0,275.0,100710.0
20230106:2200,24.21,96.2,0.0,-0.0,0.0,405.05,1.93,266.0,100740.0
20230106:2300,24.2,96.2,183.75,587.58,95.25,402.55,1.72,260.0,100780.0
20230107:0000,25.58,87.3,405.15,687.33,143.05,401.75,1.59,255.0,100820.0
20230107:0100,26.99,79.3,615.0,728.47,184.35,405.35,1.52,259.0,100850.0
20230107:0200,28.39,72.1,811.9,856.73,157.35,410.3,1.31,260.0,100800.0
20230107:0300,29.6,67.7,872.15,807.2,155.3,414.9,1.31,273.0,100740.0
20230107:0400,30.4,63.6,803.7,546.23,282.1,424.4,1.66,293.0,100670.0
20230107:0500,30.78,63.6,816.8,651.6,191.3,423.85,2.07,298.0,100610.0
20230107:0600,31.0,61.65,796.55,729.9,137.55,430.0,2.28,300.0,100510.0
20230107:0700,31.21,59.65,576.7,566.07,130.9,428.85,1.79,324.0,100470.0
20230107:0800,30.82,61.65,399.1,498.77,88.95,426.75,2.0,329.0,100390.0
20230107:0900,30.07,65.6,163.55,247.82,60.2,426.15,1.72,2.0,100410.0
20230107:1000,29.19,69.85,36.15,120.25,13.65,427.3,1.03,18.0,100470.0
20230107:1100,28.27,74.5,0.0,-0.0,0.0,425.35,0.9,26.0,100560.0
20230107:1200,27.37,87.45,0.0,-0.0,0.0,423.65,0.28,12.0,100690.0
20230107:1300,26.65,90.25,0.0,-0.0,0.0,424.0,0.62,171.0,100780.0
20230107:1400,26.17,90.2,0.0,-0.0,0.0,423.45,1.17,140.0,100850.0
20230107:1500,25.68,93.15,0.0,-0.0,0.0,417.85,0.9,140.0,100850.0
20230107:1600,25.31,93.15,0.0,-0.0,0.0,411.05,0.83,154.0,100860.0
20230107:1700,24.83,93.15,0.0,-0.0,0.0,411.05,0.83,189.0,100800.0
20230107:1800,25.01,90.15,0.0,-0.0,0.0,411.05,0.76,231.0,100740.0
20230107:1900,24.69,93.1,0.0,-0.0,0.0,418.0,1.03,241.0,100730.0
20230107:2000,25.05,90.15,0.0,-0.0,0.0,413.2,0.41,254.0,100700.0
20230107:2100,24.85,90.15,0.0,-0.0,0.0,412.0,0.55,278.0,100740.0
20230107:2200,24.38,93.1,0.0,-0.0,0.0,411.25,0.76,273.0,100810.0
20230107:2300,24.59,93.1,152.2,434.5,87.55,412.2,1.24,262.0,100870.0
20230108:0000,25.77,87.3,358.25,502.06,167.55,412.6,1.1,270.0,100950.0
20230108:0100,26.67,84.55,523.25,559.17,193.3,416.8,0.69,284.0,100950.0
20230108:0200,27.61,79.35,701.35,617.91,229.65,418.6,0.0,234.0,100950.0
20230108:0300,28.48,74.5,815.05,710.25,184.4,427.3,0.28,82.0,100890.0
20230108:0400,29.23,72.15,799.15,566.93,257.6,425.0,0.14,17.0,100850.0
20230108:0500,29.87,67.8,808.75,556.31,274.3,431.75,0.69,341.0,100760.0
20230108:0600,30.53,67.85,639.25,521.57,167.75,444.9,1.52,337.0,100670.0
20230108:0700,29.75,69.95,493.9,446.87,141.35,434.65,2.55,320.0,100620.0
20230108:0800,28.58,74.5,345.75,408.41,91.15,432.15,1.1,256.0,100590.0
20230108:0900,27.98,74.4,165.65,258.7,57.35,428.45,1.45,211.0,100610.0
20230108:1000,26.93,79.3,29.55,57.53,18.7,428.3,0.83,316.0,100670.0
20230108:1100,26.51,81.85,0.0,-0.0,0.0,416.65,1.1,22.0,100750.0
20230108:1200,26.21,84.5,0.0,-0.0,0.0,417.45,0.69,349.0,100860.0
20230108:1300,25.83,87.3,0.0,-0.0,0.0,422.45,0.9,286.0,100990.0
20230108:1400,25.48,93.15,0.0,-0.0,0.0,427.3,0.48,232.0,101070.0
20230108:1500,25.55,90.2,0.0,-0.0,0.0,428.45,0.28,161.0,101080.0
20230108:1600,25.32,87.3,0.0,-0.0,0.0,418.0,0.21,261.0,101050.0
20230108:1700,24.78,90.15,0.0,-0.0,0.0,407.4,0.48,273.0,100990.0
20230108:1800,24.43,93.1,0.0,-0.0,0.0,409.9,0.69,248.0,100930.0
20230108:1900,24.39,93.1,0.0,-0.0,0.0,417.85,0.76,314.0,100890.0
20230108:2000,24.52,93.1,0.0,-0.0,0.0,405.65,0.69,297.0,100870.0
20230108:2100,24.43,93.1,0.0,-0.0,0.0,411.25,0.97,267.0,100910.0
20230108:2200,24.11,96.2,0.0,-0.0,0.0,410.1,1.24,249.0,100960.0
20230108:2300,24.57,93.1,161.65,496.0,88.75,407.2,1.1,234.0,101010.0
20230109:0000,25.64,87.3,359.85,535.07,157.4,405.25,0.76,234.0,101070.0
20230109:0100,26.67,81.85,607.9,733.26,176.0,410.2,0.48,264.0,101110.0
20230109:0200,27.88,74.4,772.95,783.39,175.4,415.3,0.48,294.0,101120.0
20230109:0300,28.84,69.85,930.75,879.3,150.1,418.6,0.76,323.0,101070.0
20230109:0400,29.41,67.7,820.95,671.63,179.15,418.4,1.1,341.0,101010.0
20230109:0500,29.65,67.7,738.6,568.85,191.65,422.3,1.38,357.0,100940.0
20230109:0600,29.67,69.95,687.15,575.82,165.95,438.55,1.1,26.0,100840.0
20230109:0700,30.14,65.6,505.8,462.39,140.35,434.3,1.59,359.0,100780.0
20230109:0800,28.17,74.4,335.0,392.36,89.8,437.55,0.14,297.0,100720.0
20230109:0900,27.78,74.4,147.2,193.96,65.7,434.65,0.69,259.0,100740.0
20230109:1000,27.44,76.8,21.4,14.99,18.55,427.1,0.9,275.0,100820.0
20230109:1100,26.44,81.85,0.0,-0.0,0.0,420.35,1.59,268.0,100920.0
20230109:1200,25.63,87.3,0.0,-0.0,0.0,423.65,1.79,276.0,101020.0
20230109:1300,25.15,90.15,0.0,-0.0,0.0,423.25,2.0,281.0,101110.0
20230109:1400,24.74,90.15,0.0,-0.0,0.0,417.65,1.38,290.0,101170.0
20230109:1500,25.08,90.15,0.0,-0.0,0.0,418.6,1.1,299.0,101150.0
20230109:1600,24.9,90.15,0.0,-0.0,0.0,422.45,0.48,284.0,101090.0
20230109:1700,24.94,90.15,0.0,-0.0,0.0,413.55,0.34,133.0,101020.0
20230109:1800,24.43,93.1,0.0,-0.0,0.0,415.7,0.69,182.0,100950.0
20230109:1900,24.48,93.1,0.0,-0.0,0.0,407.55,1.03,243.0,100890.0
20230109:2000,24.39,93.1,0.0,-0.0,0.0,410.65,1.17,239.0,100870.0
20230109:2100,24.17,96.2,0.0,-0.0,0.0,406.4,1.24,228.0,100900.0
20230109:2200,23.93,96.2,0.0,-0.0,0.0,407.75,1.03,207.0,100960.0
20230109:2300,24.49,93.1,185.15,699.85,83.55,407.4,0.76,194.0,101030.0
20230110:0000,26.26,84.55,414.65,789.98,116.9,405.85,0.28,151.0,101070.0
20230110:0100,27.25,79.3,569.85,761.25,122.25,405.75,0.21,351.0,101100.0
20230110:0200,27.97,74.4,791.95,825.82,162.5,416.45,0.62,358.0,101100.0
20230110:0300,28.72,74.5,748.7,608.8,208.25,425.55,1.1,6.0,101050.0
20230110:0400,29.03,72.15,703.35,574.54,154.1,438.35,1.45,356.0,100970.0
20230110:0500,29.1,74.55,746.45,529.25,237.15,436.2,1.66,332.0,100910.0
20230110:0600,29.04,74.55,688.55,614.37,131.75,420.55,2.28,298.0,100820.0
20230110:0700,30.21,65.6,588.75,579.04,130.3,433.1,1.72,339.0,100710.0
20230110:0800,29.24,72.15,350.55,352.05,130.0,427.5,1.79,306.0,100670.0
20230110:0900,28.09,74.4,204.35,329.59,65.35,428.3,1.31,325.0,100710.0
20230110:1000,28.09,74.4,33.65,93.48,15.75,424.0,1.93,304.0,100740.0
20230110:1100,26.77,79.3,0.0,-0.0,0.0,421.5,2.55,299.0,100830.0
20230110:1200,26.24,84.5,0.0,-0.0,0.0,414.15,2.0,288.0,100900.0
20230110:1300,25.9,84.5,0.0,-0.0,0.0,413.2,1.24,282.0,100970.0
20230110:1400,25.46,87.3,0.0,-0.0,0.0,406.6,0.76,277.0,101030.0
20230110:1500,25.07,90.15,0.0,-0.0,0.0,405.85,0.83,268.0,101050.0
20230110:1600,24.63,93.1,0.0,-0.0,0.0,403.5,0.97,259.0,101030.0
20230110:1700,24.27,93.1,0.0,-0.0,0.0,402.35,1.17,245.0,100960.0
20230110:1800,24.14,96.2,0.0,-0.0,0.0,401.55,1.38,229.0,100920.0
20230110:1900,25.39,87.3,0.0,-0.0,0.0,411.25,0.97,215.0,100850.0
20230110:2000,24.96,90.15,0.0,-0.0,0.0,408.9,1.03,217.0,100850.0
20230110:2100,24.96,90.15,0.0,-0.0,0.0,410.1,0.97,198.0,100870.0
20230110:2200,24.52,93.1,0.0,-0.0,0.0,406.2,1.03,172.0,100910.0
20230110:2300,24.34,93.1,165.55,552.01,86.4,404.1,1.03,162.0,100970.0
20230111:0000,26.46,81.85,386.9,673.53,134.0,404.85,0.9,158.0,101010.0
20230111:0100,27.37,76.8,630.65,795.86,163.5,408.45,0.76,148.0,101020.0
20230111:0200,28.44,72.1,753.9,807.37,138.95,407.75,0.69,179.0,101000.0
20230111:0300,29.26,69.85,852.85,740.36,195.65,413.95,0.48,175.0,100930.0
20230111:0400,29.98,65.6,890.65,715.56,206.3,417.05,0.21,120.0,100840.0
20230111:0500,30.42,63.6,830.45,628.1,225.5,428.3,0.62,12.0,100770.0
20230111:0600,30.65,63.6,744.65,674.79,132.3,421.1,1.03,354.0,100690.0
20230111:0700,30.55,63.6,675.25,697.97,121.65,427.1,1.66,337.0,100680.0
20230111:0800,30.5,63.6,449.3,549.76,104.05,420.75,1.79,350.0,100630.0
20230111:0900,29.65,67.7,176.0,223.86,81.25,424.4,1.66,28.0,100590.0
20230111:1000,29.08,69.85,32.75,47.18,23.65,422.3,0.69,358.0,100630.0
20230111:1100,28.46,79.5,0.0,-0.0,0.0,418.8,0.48,355.0,100660.0
20230111:1200,27.34,84.65,0.0,-0.0,0.0,409.9,0.83,14.0,100740.0
20230111:1300,27.39,79.35,0.0,-0.0,0.0,408.55,0.83,19.0,100800.0
20230111:1400,27.91,74.4,0.0,-0.0,0.0,402.95,0.48,337.0,100860.0
20230111:1500,27.57,76.8,0.0,-0.0,0.0,406.2,0.55,294.0,100900.0
20230111:1600,25.72,87.3,0.0,-0.0,0.0,403.5,0.9,292.0,100910.0
20230111:1700,24.78,90.15,0.0,-0.0,0.0,403.7,1.31,285.0,100860.0
20230111:1800,24.42,93.1,0.0,-0.0,0.0,403.3,1.17,282.0,100830.0
20230111:1900,24.28,93.1,0.0,-0.0,0.0,399.85,1.1,241.0,100800.0
20230111:2000,24.07,96.2,0.0,-0.0,0.0,398.45,1.1,239.0,100800.0
20230111:2100,24.85,90.15,0.0,-0.0,0.0,395.55,0.83,227.0,100840.0
20230111:2200,25.25,87.3,0.0,-0.0,0.0,395.95,0.55,245.0,100890.0
20230111:2300,25.24,87.3,171.55,585.74,88.6,397.9,0.48,271.0,100940.0
20230112:0000,26.46,84.55,411.1,727.78,138.85,400.6,0.34,319.0,100990.0
20230112:0100,27.6,79.35,610.65,786.95,149.5,401.5,0.76,15.0,101010.0
20230112:0200,28.46,72.1,744.95,770.66,158.35,404.45,0.83,5.0,101000.0
20230112:0300,29.17,69.85,781.3,662.65,193.1,412.6,0.76,354.0,100950.0
20230112:0400,29.65,67.7,852.3,726.31,157.35,423.85,0.62,11.0,100870.0
20230112:0500,29.93,65.6,785.3,653.64,155.2,422.1,0.97,32.0,100790.0
20230112:0600,30.24,65.6,837.7,789.53,120.3,421.5,1.52,22.0,100720.0
20230112:0700,30.59,63.6,573.35,546.03,139.5,429.25,1.59,6.0,100640.0
20230112:0800,29.61,67.7,387.3,419.77,123.05,430.0,1.24,358.0,100590.0
20230112:0900,29.16,69.85,149.45,198.0,65.35,434.3,1.31,22.0,100590.0
20230112:1000,28.63,72.1,31.0,72.33,16.95,430.2,1.24,6.0,100630.0
20230112:1100,28.07,74.4,0.0,-0.0,0.0,427.5,1.17,9.0,100690.0
20230112:1200,27.47,79.35,0.0,-0.0,0.0,421.1,1.1,6.0,100780.0
20230112:1300,27.27,79.35,0.0,-0.0,0.0,419.2,0.62,63.0,100850.0
20230112:1400,27.05,79.3,0.0,-0.0,0.0,419.2,0.69,138.0,100920.0
20230112:1500,26.07,84.5,0.0,-0.0,0.0,418.0,0.83,168.0,100950.0
20230112:1600,25.22,90.15,0.0,-0.0,0.0,418.2,0.9,202.0,100920.0
20230112:1700,25.09,90.15,0.0,-0.0,0.0,421.7,0.76,206.0,100870.0
20230112:1800,25.09,90.15,0.0,-0.0,0.0,420.9,0.97,188.0,100800.0
20230112:1900,25.05,90.15,0.0,-0.0,0.0,404.3,1.31,153.0,100750.0
20230112:2000,24.69,93.1,0.0,-0.0,0.0,398.85,1.17,164.0,100740.0
20230112:2100,24.73,93.1,0.0,-0.0,0.0,396.75,0.97,181.0,100770.0
20230112:2200,24.25,90.1,0.0,-0.0,0.0,400.2,0.97,202.0,100840.0
20230112:2300,23.99,96.2,180.7,797.92,69.1,396.55,1.03,214.0,100890.0
20230113:0000,26.35,81.85,389.25,766.14,103.7,395.95,0.69,212.0,100950.0
20230113:0100,27.38,79.35,598.4,840.77,106.5,401.85,0.07,284.0,101000.0
20230113:0200,28.22,76.85,752.25,780.47,158.55,409.3,0.55,354.0,100990.0
20230113:0300,28.78,72.15,762.6,691.32,148.95,419.0,0.97,3.0,100940.0
20230113:0400,29.14,74.55,885.25,782.0,136.65,427.5,1.45,358.0,100870.0
20230113:0500,29.68,72.25,872.45,762.87,136.4,418.4,1.93,344.0,100780.0
20230113:0600,30.08,72.35,718.0,627.76,146.85,423.85,2.07,339.0,100710.0
20230113:0700,30.19,65.6,627.65,605.0,146.1,426.35,1.86,318.0,100620.0
20230113:0800,30.26,65.6,446.9,570.76,86.75,423.05,1.59,306.0,100570.0
20230113:0900,30.12,65.6,215.3,341.26,69.85,422.3,1.38,308.0,100580.0
20230113:1000,28.87,67.6,35.1,101.76,15.2,424.4,1.1,310.0,100610.0
20230113:1100,28.27,69.75,0.0,-0.0,0.0,424.6,0.69,331.0,100670.0
20230113:1200,27.76,76.8,0.0,-0.0,0.0,421.9,0.34,60.0,100740.0
20230113:1300,26.92,81.9,0.0,-0.0,0.0,430.0,0.76,100.0,100810.0
20230113:1400,26.38,81.85,0.0,-0.0,0.0,425.4,1.03,120.0,100890.0
20230113:1500,26.38,81.85,0.0,-0.0,0.0,421.1,0.28,100.0,100890.0
20230113:1600,25.6,87.3,0.0,-0.0,0.0,415.5,1.38,299.0,100850.0
20230113:1700,25.69,87.3,0.0,-0.0,0.0,420.55,1.79,285.0,100760.0
20230113:1800,25.54,87.3,0.0,-0.0,0.0,415.7,1.86,274.0,100710.0
20230113:1900,25.75,84.5,0.0,-0.0,0.0,416.45,2.07,268.0,100650.0
20230113:2000,25.63,87.3,0.0,-0.0,0.0,416.1,2.07,270.0,100660.0
20230113:2100,25.5,87.3,0.0,-0.0,0.0,417.45,1.86,268.0,100690.0
20230113:2200,25.2,90.15,0.0,-0.0,0.0,409.1,1.79,260.0,100740.0
20230113:2300,25.15,90.15,142.45,595.09,60.25,410.45,1.72,255.0,100830.0
20230114:0000,26.15,84.5,339.1,604.53,114.6,407.0,1.72,257.0,100860.0
20230114:0100,27.09,79.3,538.0,661.83,151.4,413.1,1.72,268.0,100860.0
20230114:0200,28.34,69.75,815.15,901.81,129.55,415.7,1.93,281.0,100860.0
20230114:0300,29.5,65.5,895.5,852.44,138.8,414.35,2.34,296.0,100790.0
20230114:0400,30.41,59.55,944.75,828.22,151.5,418.8,2.9,304.0,100720.0
20230114:0500,30.99,57.75,913.05,780.97,158.85,420.9,3.38,307.0,100610.0
20230114:0600,31.29,57.75,773.1,688.96,145.45,418.0,3.59,309.0,100520.0
20230114:0700,31.02,57.75,605.75,582.94,140.95,424.6,4.07,312.0,100470.0
20230114:0800,30.64,61.55,417.6,521.28,87.9,425.55,3.86,308.0,100420.0
20230114:0900,30.27,63.5,219.65,358.12,66.5,419.0,4.0,308.0,100390.0
20230114:1000,29.6,67.7,36.75,113.55,14.4,419.4,3.45,314.0,100420.0
20230114:1100,28.51,72.1,0.0,-0.0,0.0,420.35,2.97,324.0,100470.0
20230114:1200,27.77,76.85,0.0,-0.0,0.0,412.4,2.76,326.0,100520.0
20230114:1300,27.36,81.95,0.0,-0.0,0.0,413.4,2.62,324.0,100610.0
20230114:1400,27.05,84.6,0.0,-0.0,0.0,411.05,2.48,317.0,100680.0
20230114:1500,26.88,81.9,0.0,-0.0,0.0,414.55,2.69,299.0,100680.0
20230114:1600,26.65,84.55,0.0,-0.0,0.0,413.4,2.76,287.0,100640.0
20230114:1700,26.31,84.55,0.0,-0.0,0.0,414.75,2.55,279.0,100580.0
20230114:1800,25.98,84.5,0.0,-0.0,0.0,411.25,2.48,278.0,100530.0
20230114:1900,26.12,87.3,0.0,-0.0,0.0,415.3,2.28,291.0,100520.0
20230114:2000,25.95,87.3,0.0,-0.0,0.0,414.9,2.55,285.0,100500.0
20230114:2100,25.69,90.2,0.0,-0.0,0.0,411.45,2.34,282.0,100540.0
20230114:2200,25.46,87.3,0.0,-0.0,0.0,407.95,2.34,282.0,100620.0
20230114:2300,25.46,87.3,157.4,515.34,87.1,413.0,2.28,280.0,100680.0
20230115:0000,26.54,81.85,287.2,350.63,157.45,409.5,2.28,285.0,100740.0
20230115:0100,27.53,76.8,515.8,539.98,200.85,416.6,2.55,289.0,100770.0
20230115:0200,28.62,72.1,663.4,596.44,210.2,422.3,2.76,288.0,100750.0
20230115:0300,29.44,67.7,814.9,698.73,194.6,424.6,2.83,292.0,100720.0
20230115:0400,30.12,65.6,879.25,696.61,211.7,429.85,3.1,302.0,100630.0
20230115:0500,30.46,63.6,672.05,500.66,188.1,430.4,3.79,310.0,100550.0
20230115:0600,29.87,65.6,701.45,562.82,188.05,434.3,3.86,309.0,100480.0
20230115:0700,29.8,65.6,451.05,356.26,166.5,433.9,4.0,314.0,100380.0
20230115:0800,29.38,67.7,293.05,274.71,118.9,435.65,3.1,319.0,100360.0
20230115:0900,26.77,79.3,148.2,157.79,80.5,433.1,3.17,301.0,100390.0
20230115:1000,26.75,81.85,25.8,56.3,14.65,421.9,2.41,303.0,100460.0
20230115:1100,26.71,84.55,0.0,-0.0,0.0,429.85,2.48,298.0,100520.0
20230115:1200,26.07,84.5,0.0,-0.0,0.0,432.35,2.9,282.0,100660.0
20230115:1300,25.42,87.3,0.0,-0.0,0.0,431.95,2.41,273.0,100710.0
20230115:1400,25.13,90.15,0.0,-0.0,0.0,420.55,2.55,266.0,100750.0
20230115:1500,25.06,90.15,0.0,-0.0,0.0,419.55,2.48,278.0,100740.0
20230115:1600,25.01,90.15,0.0,-0.0,0.0,419.75,2.41,271.0,100710.0
20230115:1700,24.97,90.15,0.0,-0.0,0.0,423.65,2.41,256.0,100620.0
20230115:1800,24.88,90.15,0.0,-0.0,0.0,419.0,2.34,262.0,100560.0
20230115:1900,25.09,90.15,0.0,-0.0,0.0,416.85,2.83,286.0,100560.0
20230115:2000,24.95,90.15,0.0,-0.0,0.0,418.4,2.69,279.0,100520.0
20230115:2100,24.9,90.15,0.0,-0.0,0.0,416.85,2.41,286.0,100580.0
20230115:2200,24.9,90.15,0.0,-0.0,0.0,415.7,2.14,282.0,100690.0
20230115:2300,25.02,93.15,99.95,76.08,89.7,420.15,2.07,280.0,100750.0
20230116:0000,25.72,90.2,245.95,211.12,168.1,419.35,2.21,284.0,100800.0
20230116:0100,26.68,87.35,462.55,382.81,239.6,417.15,2.55,281.0,100800.0
20230116:0200,28.11,76.85,621.75,432.87,293.0,424.8,3.38,297.0,100810.0
20230116:0300,28.98,74.55,556.2,268.07,318.2,427.1,4.0,308.0,100790.0
20230116:0400,28.35,76.95,690.7,334.74,369.75,438.55,4.07,302.0,100740.0
20230116:0500,29.03,77.0,644.1,244.95,407.1,429.05,3.31,296.0,100660.0
20230116:0600,29.67,74.65,530.5,272.34,281.75,431.2,3.93,310.0,100560.0
20230116:0700,28.99,72.15,280.75,49.31,241.3,432.75,4.14,311.0,100500.0
20230116:0800,27.24,81.9,141.4,10.86,134.5,432.15,3.45,290.0,100510.0
20230116:0900,26.96,81.9,70.2,1.97,69.35,435.85,2.69,261.0,100540.0
20230116:1000,26.95,81.9,22.7,8.03,21.1,426.55,1.59,264.0,100560.0
20230116:1100,26.73,84.55,0.0,-0.0,0.0,423.85,1.72,270.0,100630.0
20230116:1200,25.9,90.2,0.0,-0.0,0.0,419.4,1.79,289.0,100730.0
20230116:1300,25.78,90.2,0.0,-0.0,0.0,424.8,1.24,292.0,100780.0
20230116:1400,25.8,90.2,0.0,-0.0,0.0,420.55,0.83,287.0,100830.0
20230116:1500,25.59,90.2,0.0,-0.0,0.0,421.9,1.38,271.0,100850.0
20230116:1600,25.48,90.2,0.0,-0.0,0.0,419.75,1.52,278.0,100840.0
20230116:1700,25.34,90.2,0.0,-0.0,0.0,420.35,1.66,278.0,100770.0
20230116:1800,25.32,90.2,0.0,-0.0,0.0,414.35,1.66,254.0,100700.0
20230116:1900,25.35,90.2,0.0,-0.0,0.0,419.2,1.72,242.0,100700.0
20230116:2000,25.2,93.15,0.0,-0.0,0.0,419.4,2.14,259.0,100670.0
20230116:2100,25.17,93.15,0.0,-0.0,0.0,414.35,2.0,252.0,100710.0
20230116:2200,25.2,90.15,0.0,-0.0,0.0,413.95,1.72,252.0,100770.0
20230116:2300,25.06,90.15,126.15,376.54,76.05,409.3,1.86,274.0,100840.0
20230117:0000,26.09,87.3,280.2,361.51,147.35,415.5,2.41,274.0,100880.0
20230117:0100,26.97,81.9,482.05,451.52,219.45,416.2,2.62,278.0,100890.0
20230117:0200,28.12,76.85,553.55,310.96,317.5,420.55,2.28,288.0,100910.0
20230117:0300,28.81,72.15,646.0,383.35,305.6,428.85,2.0,312.0,100900.0
20230117:0400,29.41,72.25,561.85,246.05,325.8,434.3,2.41,330.0,100820.0
20230117:0500,28.68,76.95,628.3,301.98,335.85,439.7,2.48,320.0,100760.0
20230117:0600,28.75,76.95,493.85,169.04,339.25,435.05,2.62,309.0,100690.0
20230117:0700,28.15,76.85,370.75,168.13,236.0,436.4,2.69,294.0,100600.0
20230117:0800,27.51,79.35,223.85,73.89,176.8,431.75,3.24,285.0,100590.0
20230117:0900,27.27,79.35,83.55,14.24,77.4,437.95,2.62,275.0,100650.0
20230117:1000,26.58,81.85,18.9,2.5,18.4,427.7,2.48,272.0,100740.0
20230117:1100,25.75,84.5,0.0,-0.0,0.0,427.5,2.34,286.0,100810.0
20230117:1200,25.52,87.3,0.0,-0.0,0.0,425.95,2.21,292.0,100890.0
20230117:1300,25.5,87.3,0.0,-0.0,0.0,427.7,1.79,280.0,100930.0
20230117:1400,25.33,87.3,0.0,-0.0,0.0,419.95,1.72,273.0,100950.0
20230117:1500,25.17,90.15,0.0,-0.0,0.0,419.55,1.93,280.0,100960.0
20230117:1600,25.0,93.15,0.0,-0.0,0.0,419.2,2.0,275.0,100890.0
20230117:1700,24.9,93.15,0.0,-0.0,0.0,417.65,2.0,283.0,100850.0
20230117:1800,24.86,90.15,0.0,-0.0,0.0,422.45,2.07,276.0,100770.0
20230117:1900,25.1,93.15,0.0,-0.0,0.0,419.95,2.41,268.0,100710.0
20230117:2000,24.97,90.15,0.0,-0.0,0.0,417.85,2.55,265.0,100690.0
20230117:2100,24.87,90.15,0.0,-0.0,0.0,415.3,2.41,273.0,100720.0
20230117:2200,24.77,90.15,0.0,-0.0,0.0,413.95,2.41,275.0,100790.0
20230117:2300,24.8,90.15,80.95,78.76,70.6,418.0,2.0,268.0,100860.0
20230118:0000,25.58,90.2,186.1,61.43,163.6,419.0,1.79,261.0,100950.0
20230118:0100,26.37,84.55,269.2,85.92,219.3,422.2,1.52,277.0,101010.0
20230118:0200,27.06,81.9,358.8,69.91,305.75,425.55,1.31,278.0,101020.0
20230118:0300,27.64,79.35,317.9,38.96,283.3,430.0,1.45,305.0,100990.0
20230118:0400,27.1,81.9,357.2,50.26,308.95,433.5,1.72,305.0,100990.0
20230118:0500,26.6,81.85,293.8,28.47,266.2,428.1,1.31,297.0,100900.0
20230118:0600,26.6,84.55,568.45,346.04,251.55,427.5,1.24,249.0,100850.0
20230118:0700,28.63,72.1,457.2,258.97,249.3,433.9,2.14,290.0,100690.0
20230118:0800,28.78,72.15,242.35,108.59,173.05,434.1,2.07,302.0,100560.0
20230118:0900,27.42,76.8,101.95,37.29,85.8,433.3,2.41,318.0,100630.0
20230118:1000,26.05,84.5,17.0,0.25,16.95,425.4,2.48,302.0,100690.0
20230118:1100,25.56,87.3,0.0,-0.0,0.0,429.85,2.34,272.0,100750.0
20230118:1200,25.13,90.15,0.0,-0.0,0.0,429.45,2.28,279.0,100770.0
20230118:1300,25.17,90.15,0.0,-0.0,0.0,427.3,2.0,278.0,100850.0
20230118:1400,25.13,90.15,0.0,-0.0,0.0,424.4,2.07,292.0,100890.0
20230118:1500,24.99,90.15,0.0,-0.0,0.0,420.55,2.21,294.0,100930.0
20230118:1600,24.67,93.1,0.0,-0.0,0.0,417.25,2.62,286.0,100890.0
20230118:1700,24.6,93.1,0.0,-0.0,0.0,421.3,2.97,285.0,100820.0
20230118:1800,24.46,93.1,0.0,-0.0,0.0,420.9,3.24,282.0,100750.0
20230118:1900,24.92,90.15,0.0,-0.0,0.0,416.65,2.69,266.0,100750.0
20230118:2000,24.57,93.1,0.0,-0.0,0.0,419.0,2.69,259.0,100720.0
20230118:2100,24.45,93.1,0.0,-0.0,0.0,420.15,2.48,259.0,100770.0
20230118:2200,24.32,93.1,0.0,-0.0,0.0,420.35,2.48,262.0,100780.0
20230118:2300,24.44,93.1,48.35,50.85,41.75,415.1,2.48,267.0,100850.0
20230119:0000,24.79,90.15,135.8,42.46,120.3,420.75,2.28,260.0,100890.0
20230119:0100,25.54,87.3,233.9,74.65,190.6,419.5,2.28,269.0,100940.0
20230119:0200,26.41,81.85,269.65,35.33,242.85,418.8,2.34,298.0,100970.0
20230119:0300,27.01,81.9,366.25,45.48,325.85,422.45,2.83,312.0,100940.0
20230119:0400,27.31,79.35,243.85,1.15,242.75,426.35,3.17,319.0,100900.0
20230119:0500,27.28,76.8,316.2,42.0,275.45,431.2,3.17,327.0,100840.0
20230119:0600,27.58,76.8,546.8,257.86,310.35,433.1,2.76,324.0,100790.0
20230119:0700,29.03,72.15,467.5,336.69,196.75,433.7,3.66,312.0,100610.0
20230119:0800,28.71,72.1,199.1,77.56,149.5,436.4,3.38,316.0,100600.0
20230119:0900,27.82,74.4,94.05,18.42,86.05,435.45,2.34,306.0,100590.0
20230119:1000,27.39,79.35,26.85,20.49,22.7,431.0,1.59,276.0,100620.0
20230119:1100,26.98,81.9,0.0,-0.0,0.0,429.85,0.9,251.0,100640.0
20230119:1200,26.29,87.35,0.0,-0.0,0.0,428.3,1.03,251.0,100720.0
20230119:1300,25.86,90.2,0.0,-0.0,0.0,418.4,0.69,299.0,100800.0
20230119:1400,25.57,93.15,0.0,-0.0,0.0,422.85,0.83,313.0,100850.0
20230119:1500,25.67,90.2,0.0,-0.0,0.0,422.1,0.55,298.0,100890.0
20230119:1600,25.14,93.15,0.0,-0.0,0.0,423.65,0.76,292.0,100860.0
20230119:1700,24.77,93.15,0.0,-0.0,0.0,419.4,1.1,287.0,100800.0
20230119:1800,25.07,90.15,0.0,-0.0,0.0,425.4,2.0,272.0,100730.0
20230119:1900,24.8,93.15,0.0,-0.0,0.0,418.0,1.52,264.0,100710.0
20230119:2000,24.67,93.1,0.0,-0.0,0.0,415.1,1.72,269.0,100640.0
20230119:2100,24.56,93.1,0.0,-0.0,0.0,417.25,1.52,261.0,100650.0
20230119:2200,24.74,90.15,0.0,-0.0,0.0,412.2,1.52,241.0,100700.0
20230119:2300,24.56,93.1,122.1,383.41,72.95,411.45,1.66,244.0,100790.0
20230120:0000,25.71,90.2,250.2,279.49,148.5,413.55,1.31,249.0,100860.0
20230120:0100,26.59,84.55,470.15,424.47,224.25,419.1,0.9,240.0,100890.0
20230120:0200,27.81,76.85,647.65,523.32,250.85,419.2,0.83,274.0,100890.0
20230120:0300,28.83,69.85,727.1,475.99,304.2,423.45,1.66,299.0,100870.0
20230120:0400,29.4,67.7,751.05,429.66,338.1,430.0,2.07,303.0,100800.0
20230120:0500,29.6,67.7,741.4,414.16,339.15,429.65,1.79,304.0,100700.0
20230120:0600,29.88,65.6,567.1,291.56,299.4,431.4,0.97,307.0,100620.0
20230120:0700,29.65,67.7,512.05,381.52,204.75,444.55,1.45,304.0,100570.0
20230120:0800,28.43,72.1,277.75,225.87,133.0,432.55,1.93,328.0,100500.0
20230120:0900,27.72,79.35,97.45,60.61,71.05,429.25,1.17,316.0,100520.0
20230120:1000,27.04,81.9,32.65,68.05,18.8,428.1,0.55,162.0,100610.0
20230120:1100,26.34,84.55,0.0,-0.0,0.0,425.4,0.83,193.0,100680.0
20230120:1200,25.69,90.2,0.0,-0.0,0.0,425.35,1.66,257.0,100820.0
20230120:1300,25.04,93.15,0.0,-0.0,0.0,425.55,1.66,273.0,100860.0
20230120:1400,24.93,93.15,0.0,-0.0,0.0,424.0,1.24,259.0,100920.0
20230120:1500,24.69,96.2,0.0,-0.0,0.0,418.8,0.76,232.0,100880.0
20230120:1600,24.6,96.2,0.0,-0.0,0.0,417.25,0.62,224.0,100850.0
20230120:1700,24.62,96.2,0.0,-0.0,0.0,416.85,0.97,212.0,100780.0
20230120:1800,24.57,96.2,0.0,-0.0,0.0,416.1,1.17,212.0,100720.0
20230120:1900,25.19,93.15,0.0,-0.0,0.0,415.9,0.69,240.0,100750.0
20230120:2000,24.55,93.1,0.0,-0.0,0.0,417.45,0.9,210.0,100660.0
20230120:2100,24.72,93.1,0.0,-0.0,0.0,421.7,1.17,205.0,100680.0
20230120:2200,24.61,93.1,0.0,-0.0,0.0,416.1,1.38,209.0,100670.0
20230120:2300,24.63,93.1,106.35,202.17,80.75,411.45,1.1,214.0,100700.0
20230121:0000,25.63,90.2,217.7,106.55,179.05,409.3,0.48,199.0,100770.0
20230121:0100,26.28,84.55,467.35,413.65,228.0,418.15,0.14,126.0,100830.0
20230121:0200,27.22,81.9,553.3,380.8,264.65,419.2,0.14,284.0,100800.0
20230121:0300,27.67,76.8,519.15,169.18,368.8,425.0,0.14,267.0,100750.0
20230121:0400,28.01,74.4,395.25,38.52,358.2,430.8,0.62,303.0,100680.0
20230121:0500,28.32,72.1,497.5,109.34,391.2,431.55,0.83,309.0,100620.0
20230121:0600,28.9,69.85,665.15,495.74,209.4,432.15,0.9,318.0,100500.0
20230121:0700,29.14,69.85,577.6,514.03,162.9,430.6,1.93,313.0,100470.0
20230121:0800,29.23,69.85,363.6,393.83,110.7,424.6,1.1,303.0,100380.0
20230121:0900,28.78,69.85,161.9,184.67,81.25,430.4,0.76,284.0,100360.0
20230121:1000,28.27,72.1,33.6,68.71,19.55,429.65,0.48,235.0,100380.0
20230121:1100,27.72,76.8,0.0,-0.0,0.0,424.6,0.97,216.0,100540.0
20230121:1200,27.16,79.3,0.0,-0.0,0.0,432.75,1.38,232.0,100630.0
20230121:1300,26.44,81.85,0.0,-0.0,0.0,431.0,1.59,230.0,100720.0
20230121:1400,25.96,87.3,0.0,-0.0,0.0,422.65,1.45,231.0,100780.0
20230121:1500,25.51,90.2,0.0,-0.0,0.0,421.1,1.1,243.0,100840.0
20230121:1600,25.21,93.15,0.0,-0.0,0.0,423.85,1.1,259.0,100760.0
20230121:1700,25.26,90.2,0.0,-0.0,0.0,420.9,1.38,253.0,100670.0
20230121:1800,25.16,93.15,0.0,-0.0,0.0,417.45,1.66,246.0,100580.0
20230121:1900,25.22,93.15,0.0,-0.0,0.0,423.45,1.72,267.0,100580.0
20230121:2000,24.95,93.15,0.0,-0.0,0.0,420.35,1.45,266.0,100560.0
20230121:2100,25.04,90.15,0.0,-0.0,0.0,421.9,1.17,261.0,100550.0
20230121:2200,24.94,90.15,0.0,-0.0,0.0,423.65,1.17,238.0,100590.0
20230121:2300,24.88,93.15,106.3,267.82,72.8,418.6,1.17,227.0,100660.0
20230122:0000,25.71,90.2,318.8,532.44,126.25,416.1,1.17,229.0,100730.0
20230122:0100,26.71,81.85,502.7,516.21,204.35,414.65,1.17,248.0,100760.0
20230122:0200,27.66,76.8,714.85,639.34,230.35,419.4,1.24,257.0,100730.0
20230122:0300,28.79,69.85,872.1,756.64,199.5,423.85,0.9,267.0,100670.0
20230122:0400,29.66,67.7,791.65,633.8,181.7,422.85,0.83,319.0,100620.0
20230122:0500,29.97,65.6,850.65,671.69,197.0,432.15,1.38,332.0,100550.0
20230122:0600,30.14,67.8,691.7,521.18,211.95,433.5,1.24,345.0,100450.0
20230122:0700,29.65,72.25,621.8,559.93,169.35,429.45,1.03,262.0,100400.0
20230122:0800,29.55,72.25,426.6,469.83,124.3,428.3,1.17,247.0,100250.0
20230122:0900,28.2,76.85,178.2,177.91,100.3,426.15,1.52,250.0,100230.0
20230122:1000,27.99,74.4,39.4,83.5,22.25,425.0,1.72,289.0,100330.0
20230122:1100,27.48,79.35,0.0,-0.0,0.0,424.2,1.93,306.0,100380.0
20230122:1200,27.09,81.9,0.0,-0.0,0.0,424.6,1.38,311.0,100510.0
20230122:1300,26.67,87.35,0.0,-0.0,0.0,425.55,0.97,324.0,100560.0
20230122:1400,26.1,90.2,0.0,-0.0,0.0,415.7,0.9,304.0,100650.0
20230122:1500,26.36,84.55,0.0,-0.0,0.0,419.95,0.28,319.0,100660.0
20230122:1600,25.64,87.3,0.0,-0.0,0.0,419.75,0.41,181.0,100640.0
20230122:1700,25.03,90.15,0.0,-0.0,0.0,422.45,0.69,140.0,100560.0
20230122:1800,24.82,90.15,0.0,-0.0,0.0,423.85,0.41,120.0,100520.0
20230122:1900,25.05,90.15,0.0,-0.0,0.0,414.9,0.48,239.0,100470.0
20230122:2000,25.08,90.15,0.0,-0.0,0.0,419.0,1.59,245.0,100420.0
20230122:2100,25.08,90.15,0.0,-0.0,0.0,413.75,1.79,256.0,100440.0
20230122:2200,24.91,90.15,0.0,-0.0,0.0,415.1,1.38,244.0,100470.0
20230122:2300,24.73,96.2,116.75,264.62,84.05,418.4,0.83,227.0,100510.0
20230123:0000,25.73,90.2,290.55,297.73,183.2,414.95,0.55,183.0,100590.0
20230123:0100,26.64,84.55,427.85,262.93,276.05,410.8,0.34,163.0,100650.0
20230123:0200,27.33,79.35,598.25,346.47,335.75,418.0,0.21,238.0,100670.0
20230123:0300,28.24,76.85,693.1,464.75,279.85,424.2,0.41,312.0,100610.0
20230123:0400,28.81,69.85,782.25,586.59,217.35,431.55,0.76,326.0,100520.0
20230123:0500,29.21,69.85,782.95,605.64,193.0,429.45,0.76,334.0,100420.0
20230123:0600,29.58,67.7,591.95,412.19,212.05,433.1,0.69,2.0,100320.0
20230123:0700,29.62,67.7,501.15,360.87,209.1,431.95,1.24,351.0,100330.0
20230123:0800,28.62,72.1,329.75,232.14,180.1,429.45,1.38,13.0,100260.0
20230123:0900,28.33,72.1,157.65,103.42,112.25,424.4,1.52,327.0,100270.0
20230123:1000,27.45,76.8,27.9,19.64,23.85,424.6,1.45,289.0,100250.0
20230123:1100,27.0,79.3,0.0,-0.0,0.0,419.2,1.03,280.0,100340.0
20230123:1200,26.66,84.55,0.0,-0.0,0.0,419.75,1.03,280.0,100450.0
20230123:1300,26.21,90.2,0.0,-0.0,0.0,419.95,0.69,258.0,100580.0
20230123:1400,25.92,90.2,0.0,-0.0,0.0,425.2,0.69,247.0,100630.0
20230123:1500,25.48,90.2,0.0,-0.0,0.0,419.0,0.83,240.0,100660.0
20230123:1600,25.13,93.15,0.0,-0.0,0.0,413.2,1.17,265.0,100620.0
20230123:1700,25.13,93.15,0.0,-0.0,0.0,422.85,1.31,284.0,100550.0
20230123:1800,25.41,87.3,0.0,-0.0,0.0,413.2,1.66,274.0,100480.0
20230123:1900,24.99,93.15,0.0,-0.0,0.0,411.05,1.1,214.0,100430.0
20230123:2000,25.05,90.15,0.0,-0.0,0.0,420.35,1.31,218.0,100410.0
20230123:2100,24.76,90.15,0.0,-0.0,0.0,411.85,1.38,232.0,100450.0
20230123:2200,24.29,93.1,0.0,-0.0,0.0,414.9,0.97,234.0,100510.0
20230123:2300,25.18,90.15,163.9,765.79,70.4,411.85,0.48,228.0,100540.0
20230124:0000,26.18,87.3,397.95,807.88,107.5,407.75,0.21,217.0,100610.0
20230124:0100,27.32,79.35,596.9,782.33,145.7,410.4,0.21,259.0,100630.0
20230124:0200,28.48,74.5,774.45,841.66,136.9,418.4,0.48,301.0,100630.0
20230124:0300,29.38,67.7,842.65,767.25,160.2,421.3,1.03,335.0,100600.0
20230124:0400,29.93,65.6,907.7,764.11,171.35,426.75,1.72,344.0,100560.0
20230124:0500,29.9,67.8,722.95,563.67,173.35,427.7,1.66,340.0,100470.0
20230124:0600,29.73,69.95,580.05,330.56,275.0,433.3,0.9,307.0,100400.0
20230124:0700,29.46,74.65,539.75,425.03,195.25,437.0,1.1,248.0,100330.0
20230124:0800,29.5,72.25,388.35,385.3,139.5,434.65,1.1,256.0,100260.0
20230124:0900,28.36,74.5,174.7,252.26,63.7,428.1,0.83,292.0,100220.0
20230124:1000,27.17,79.3,26.9,52.89,15.95,427.5,0.55,255.0,100370.0
20230124:1100,26.95,79.3,0.0,-0.0,0.0,427.5,1.1,175.0,100390.0
20230124:1200,26.63,84.55,0.0,-0.0,0.0,419.75,1.03,194.0,100510.0
20230124:1300,26.21,87.3,0.0,-0.0,0.0,419.75,0.97,249.0,100560.0
20230124:1400,25.88,87.3,0.0,-0.0,0.0,422.65,1.17,286.0,100630.0
20230124:1500,25.43,90.2,0.0,-0.0,0.0,416.65,1.03,286.0,100630.0
20230124:1600,25.36,90.2,0.0,-0.0,0.0,425.4,0.41,285.0,100620.0
20230124:1700,25.36,87.3,0.0,-0.0,0.0,427.5,0.07,323.0,100560.0
20230124:1800,25.05,93.15,0.0,-0.0,0.0,423.65,0.41,318.0,100510.0
20230124:1900,25.19,90.15,0.0,-0.0,0.0,425.2,1.66,282.0,100510.0
20230124:2000,25.08,90.15,0.0,-0.0,0.0,426.75,1.52,261.0,100460.0
20230124:2100,25.04,90.15,0.0,-0.0,0.0,427.7,1.31,259.0,100460.0
20230124:2200,24.92,90.15,0.0,-0.0,0.0,419.75,1.79,249.0,100470.0
20230124:2300,24.92,90.15,147.95,653.56,69.1,418.0,1.79,241.0,100550.0
20230125:0000,25.74,87.3,347.4,649.76,114.45,413.4,1.72,238.0,100590.0
20230125:0100,26.81,79.3,579.05,701.7,174.75,412.9,1.45,239.0,100630.0
20230125:0200,28.03,74.4,654.75,508.07,269.95,424.2,0.55,235.0,100620.0
20230125:0300,28.73,72.1,792.1,543.28,308.7,429.25,0.07,345.0,100600.0
20230125:0400,29.48,67.7,783.15,448.34,350.8,436.0,0.62,360.0,100530.0
20230125:0500,29.89,65.6,702.3,413.88,298.35,431.95,1.17,345.0,100430.0
20230125:0600,29.3,67.7,462.4,122.03,349.65,437.4,1.93,320.0,100380.0
20230125:0700,28.42,74.5,275.45,28.64,252.2,435.85,2.41,306.0,100410.0
20230125:0800,27.27,76.8,238.35,101.31,172.8,442.0,2.48,318.0,100320.0
20230125:0900,27.01,79.3,94.5,12.02,89.2,428.45,3.1,306.0,100370.0
20230125:1000,26.81,79.3,17.05,0.0,17.05,431.4,2.55,286.0,100430.0
20230125:1100,26.46,81.85,0.0,-0.0,0.0,430.4,2.21,279.0,100490.0
20230125:1200,25.48,87.3,0.0,-0.0,0.0,424.6,2.14,272.0,100580.0
20230125:1300,25.06,90.15,0.0,-0.0,0.0,432.35,2.07,276.0,100680.0
20230125:1400,24.87,90.15,0.0,-0.0,0.0,427.3,2.0,269.0,100710.0
20230125:1500,24.74,90.15,0.0,-0.0,0.0,417.85,2.14,256.0,100700.0
20230125:1600,24.67,93.1,0.0,-0.0,0.0,419.55,2.14,260.0,100660.0
20230125:1700,24.58,93.1,0.0,-0.0,0.0,421.1,2.21,269.0,100580.0
20230125:1800,24.75,90.15,0.0,-0.0,0.0,421.1,2.14,267.0,100510.0
20230125:1900,25.16,90.15,0.0,-0.0,0.0,418.8,2.14,276.0,100490.0
20230125:2000,24.88,90.15,0.0,-0.0,0.0,412.0,2.41,279.0,100450.0
20230125:2100,24.77,90.15,0.0,-0.0,0.0,415.9,2.48,273.0,100480.0
20230125:2200,24.66,93.1,0.0,-0.0,0.0,412.8,2.21,275.0,100530.0
20230125:2300,24.67,93.1,150.35,618.96,76.55,414.15,2.34,269.0,100580.0
20230126:0000,25.74,84.5,321.65,575.59,115.85,413.0,2.28,264.0,100630.0
20230126:0100,27.02,79.3,547.7,661.0,167.2,414.85,2.21,264.0,100660.0
20230126:0200,28.4,74.5,679.9,627.63,204.6,417.65,2.0,268.0,100640.0
20230126:0300,29.33,69.95,776.15,628.41,216.8,427.1,1.52,280.0,100610.0
20230126:0400,30.11,67.8,772.75,571.44,221.3,430.4,1.24,310.0,100550.0
20230126:0500,30.12,67.8,763.85,527.87,248.15,440.85,2.0,344.0,100420.0
20230126:0600,30.04,70.0,517.25,318.14,222.95,431.0,2.0,290.0,100420.0
20230126:0700,28.04,79.4,335.45,174.49,193.6,439.5,2.48,293.0,100420.0
20230126:0800,27.72,81.95,208.35,115.33,133.6,442.0,2.0,261.0,100320.0
20230126:0900,27.67,81.95,78.75,4.86,76.6,435.85,1.86,255.0,100380.0
20230126:1000,26.43,87.35,15.25,6.96,13.8,435.45,2.48,270.0,100440.0
20230126:1100,25.93,90.2,0.0,-0.0,0.0,431.0,1.52,287.0,100530.0
20230126:1200,25.65,96.25,0.0,-0.0,0.0,431.95,0.69,267.0,100560.0
20230126:1300,25.61,93.15,0.0,-0.0,0.0,430.0,0.76,275.0,100660.0
20230126:1400,25.55,93.15,0.0,-0.0,0.0,428.65,1.24,265.0,100720.0
20230126:1500,25.43,90.2,0.0,-0.0,0.0,425.4,1.66,274.0,100700.0
20230126:1600,25.23,93.15,0.0,-0.0,0.0,419.55,2.07,269.0,100650.0
20230126:1700,24.98,93.15,0.0,-0.0,0.0,420.75,2.07,272.0,100570.0
20230126:1800,24.82,93.15,0.0,-0.0,0.0,423.85,2.28,275.0,100480.0
20230126:1900,24.74,93.15,0.0,-0.0,0.0,417.65,1.93,264.0,100460.0
20230126:2000,24.62,96.2,0.0,-0.0,0.0,417.25,2.07,264.0,100420.0
20230126:2100,24.53,93.1,0.0,-0.0,0.0,418.4,2.07,263.0,100470.0
20230126:2200,24.46,93.1,0.0,-0.0,0.0,421.7,1.79,260.0,100520.0
20230126:2300,24.43,93.1,98.65,316.5,61.35,419.35,1.79,270.0,100600.0
20230127:0000,25.01,93.15,288.0,409.55,141.95,423.05,2.07,277.0,100650.0
20230127:0100,25.98,87.3,331.95,221.6,204.5,424.9,2.48,279.0,100710.0
20230127:0200,26.5,84.55,428.95,279.51,217.3,432.55,2.62,290.0,100720.0
20230127:0300,26.72,84.55,465.7,192.77,294.05,435.65,3.1,298.0,100690.0
20230127:0400,27.03,81.9,467.35,139.17,332.95,431.95,3.31,300.0,100610.0
20230127:0500,27.29,79.35,554.75,201.86,357.35,430.2,3.86,296.0,100490.0
20230127:0600,27.39,79.35,327.35,59.87,271.9,433.3,3.72,273.0,100460.0
20230127:0700,27.51,76.8,312.6,46.49,274.75,433.1,3.38,284.0,100350.0
20230127:0800,27.83,76.85,159.9,14.17,150.7,430.4,3.17,284.0,100290.0
20230127:0900,27.6,79.35,80.2,0.34,80.05,434.1,2.83,284.0,100300.0
20230127:1000,27.36,79.35,14.5,0.0,14.5,432.75,2.21,283.0,100360.0
20230127:1100,26.89,81.9,0.0,-0.0,0.0,430.8,2.62,292.0,100420.0
20230127:1200,26.37,84.55,0.0,-0.0,0.0,426.75,2.76,283.0,100470.0
20230127:1300,25.79,90.2,0.0,-0.0,0.0,423.05,2.69,283.0,100530.0
20230127:1400,25.49,90.2,0.0,-0.0,0.0,414.55,2.69,281.0,100560.0
20230127:1500,25.38,90.2,0.0,-0.0,0.0,418.2,2.76,277.0,100550.0
20230127:1600,25.15,93.15,0.0,-0.0,0.0,424.4,2.83,275.0,100510.0
20230127:1700,25.02,90.15,0.0,-0.0,0.0,426.35,2.83,277.0,100440.0
20230127:1800,24.88,90.15,0.0,-0.0,0.0,423.45,2.48,276.0,100400.0
20230127:1900,24.48,93.1,0.0,-0.0,0.0,418.4,2.34,272.0,100400.0
20230127:2000,24.4,93.1,0.0,-0.0,0.0,424.0,2.41,274.0,100370.0
20230127:2100,24.36,93.1,0.0,-0.0,0.0,425.4,2.48,282.0,100400.0
20230127:2200,24.34,93.1,0.0,-0.0,0.0,424.4,2.28,283.0,100460.0
20230127:2300,24.41,93.1,84.3,125.75,69.65,420.15,2.0,269.0,100510.0
20230128:0000,24.99,90.15,124.05,87.43,92.95,421.3,1.59,275.0,100590.0
20230128:0100,25.62,90.2,225.65,110.58,162.1,421.25,2.07,296.0,100670.0
20230128:0200,26.36,84.55,253.4,85.45,188.7,425.95,2.28,300.0,100690.0
20230128:0300,26.8,81.9,216.8,33.85,186.65,431.95,2.48,303.0,100660.0
20230128:0400,26.76,81.9,376.5,87.39,292.05,437.95,2.83,310.0,100590.0
20230128:0500,27.13,84.6,206.25,6.13,200.25,434.1,3.59,316.0,100490.0
20230128:0600,26.13,90.2,265.8,58.67,211.4,428.65,3.45,307.0,100440.0
20230128:0700,26.54,90.25,161.35,21.59,143.75,431.55,3.1,301.0,100360.0
20230128:0800,26.13,90.2,91.8,0.08,91.75,431.2,3.79,287.0,100340.0
20230128:0900,25.22,93.15,41.45,1.8,40.65,431.0,3.45,270.0,100360.0
20230128:1000,25.19,93.15,6.85,0.0,6.85,428.85,2.21,266.0,100410.0
20230128:1100,25.07,93.15,0.0,-0.0,0.0,428.45,2.0,265.0,100430.0
20230128:1200,24.89,93.15,0.0,-0.0,0.0,422.45,1.79,258.0,100510.0
20230128:1300,24.78,93.15,0.0,-0.0,0.0,424.0,2.0,279.0,100560.0
20230128:1400,24.74,93.15,0.0,-0.0,0.0,423.85,2.21,278.0,100600.0
20230128:1500,24.69,96.2,0.0,-0.0,0.0,419.4,2.07,279.0,100640.0
20230128:1600,24.56,96.2,0.0,-0.0,0.0,421.1,2.14,270.0,100600.0
20230128:1700,24.47,93.1,0.0,-0.0,0.0,422.45,1.93,265.0,100530.0
20230128:1800,24.34,93.1,0.0,-0.0,0.0,421.5,2.14,266.0,100450.0
20230128:1900,24.29,93.1,0.0,-0.0,0.0,421.7,1.86,255.0,100430.0
20230128:2000,24.19,96.2,0.0,-0.0,0.0,425.2,1.52,263.0,100380.0
20230128:2100,24.32,93.1,0.0,-0.0,0.0,419.75,0.97,223.0,100400.0
20230128:2200,23.96,96.2,0.0,-0.0,0.0,418.2,0.97,133.0,100470.0
20230128:2300,24.41,93.1,42.25,0.0,42.25,421.9,0.62,129.0,100550.0
20230129:0000,25.02,90.15,185.8,61.72,163.9,421.3,0.14,229.0,100630.0
20230129:0100,25.97,87.3,204.45,45.97,178.05,416.95,0.28,252.0,100720.0
20230129:0200,26.36,84.55,302.45,42.92,269.95,423.25,0.21,288.0,100750.0
20230129:0300,27.1,81.9,173.6,7.46,166.95,426.55,0.62,291.0,100720.0
20230129:0400,27.47,76.8,383.25,32.16,352.15,429.45,0.69,267.0,100660.0
20230129:0500,28.17,74.4,423.4,57.05,367.5,432.75,1.31,284.0,100570.0
20230129:0600,28.69,74.5,549.55,316.27,255.95,432.15,1.52,293.0,100480.0
20230129:0700,28.91,74.55,413.75,195.95,253.8,438.9,3.66,322.0,100430.0
20230129:0800,27.77,79.4,164.6,53.89,129.5,431.2,3.79,297.0,100390.0
20230129:0900,26.77,87.4,59.9,0.0,59.9,434.3,2.76,265.0,100410.0
20230129:1000,26.48,90.25,8.85,0.0,8.85,428.45,1.59,250.0,100480.0
20230129:1100,25.51,93.15,0.0,-0.0,0.0,427.3,2.28,269.0,100570.0
20230129:1200,25.31,90.2,0.0,-0.0,0.0,424.0,1.45,282.0,100630.0
20230129:1300,25.26,90.2,0.0,-0.0,0.0,427.5,1.52,272.0,100700.0
20230129:1400,25.07,93.15,0.0,-0.0,0.0,423.65,1.72,270.0,100750.0
20230129:1500,24.95,93.15,0.0,-0.0,0.0,420.15,1.93,275.0,100770.0
20230129:1600,24.85,93.15,0.0,-0.0,0.0,424.2,1.72,257.0,100750.0
20230129:1700,24.8,93.15,0.0,-0.0,0.0,423.65,1.66,261.0,100690.0
20230129:1800,24.72,96.2,0.0,-0.0,0.0,423.05,1.79,256.0,100610.0
20230129:1900,24.76,90.15,0.0,-0.0,0.0,424.0,2.28,265.0,100600.0
20230129:2000,24.55,93.1,0.0,-0.0,0.0,420.55,2.21,264.0,100570.0
20230129:2100,24.44,93.1,0.0,-0.0,0.0,422.45,2.21,266.0,100600.0
20230129:2200,24.39,93.1,0.0,-0.0,0.0,424.0,2.07,264.0,100630.0
20230129:2300,24.36,93.1,88.2,221.22,63.0,422.1,1.93,263.0,100680.0
20230130:0000,25.16,93.15,312.8,485.16,141.05,420.35,1.72,273.0,100790.0
20230130:0100,26.27,84.55,344.9,198.75,230.85,420.25,2.21,283.0,100830.0
20230130:0200,27.04,81.9,400.6,135.63,297.9,429.45,2.48,284.0,100830.0
20230130:0300,27.47,79.35,501.85,215.97,309.3,434.45,2.69,290.0,100800.0
20230130:0400,28.0,79.4,600.5,266.07,343.0,433.3,2.83,287.0,100720.0
20230130:0500,28.46,76.95,767.95,473.54,303.55,437.75,2.69,283.0,100630.0
20230130:0600,29.16,74.55,606.9,354.81,277.15,435.65,2.76,280.0,100550.0
20230130:0700,29.08,74.55,458.95,307.52,207.6,438.35,3.38,287.0,100510.0
20230130:0800,28.4,76.95,291.05,236.03,137.1,434.1,2.97,265.0,100450.0
20230130:0900,28.03,79.4,144.7,120.59,91.0,433.1,1.79,255.0,100450.0
20230130:1000,27.84,79.4,31.0,56.02,19.2,432.15,1.38,248.0,100510.0
20230130:1100,27.47,84.65,0.0,-0.0,0.0,427.1,0.48,255.0,100620.0
20230130:1200,26.71,93.2,0.0,-0.0,0.0,424.6,1.03,273.0,100670.0
20230130:1300,26.28,90.25,0.0,-0.0,0.0,423.65,1.31,252.0,100750.0
20230130:1400,25.94,93.2,0.0,-0.0,0.0,423.45,1.24,247.0,100780.0
20230130:1500,25.76,93.2,0.0,-0.0,0.0,421.1,1.59,245.0,100800.0
20230130:1600,25.5,93.15,0.0,-0.0,0.0,420.15,1.59,250.0,100760.0
20230130:1700,25.26,93.15,0.0,-0.0,0.0,417.25,1.66,266.0,100700.0
20230130:1800,25.13,93.15,0.0,-0.0,0.0,420.35,1.79,269.0,100640.0
20230130:1900,25.24,93.15,0.0,-0.0,0.0,419.95,1.38,241.0,100550.0
20230130:2000,25.02,93.15,0.0,-0.0,0.0,418.0,1.45,248.0,100500.0
20230130:2100,24.75,93.15,0.0,-0.0,0.0,412.8,1.52,246.0,100510.0
20230130:2200,24.43,96.2,0.0,-0.0,0.0,412.2,1.38,251.0,100560.0
20230130:2300,24.3,93.1,112.5,307.97,77.8,410.65,1.03,250.0,100650.0
20230131:0000,25.72,93.15,295.1,362.24,167.15,413.55,0.62,242.0,100700.0
20230131:0100,26.82,84.6,513.1,518.6,215.7,417.35,0.34,230.0,100750.0
20230131:0200,28.08,79.4,737.25,692.13,213.15,418.2,0.69,278.0,100720.0
20230131:0300,29.23,74.55,836.95,691.84,219.85,424.2,0.9,295.0,100690.0
20230131:0400,30.08,70.0,823.75,668.62,176.2,433.5,1.31,319.0,100620.0
20230131:0500,30.5,70.1,774.75,579.87,205.55,433.7,2.34,334.0,100480.0
20230131:0600,30.57,70.1,673.7,502.63,206.05,437.35,1.93,308.0,100400.0
20230131:0700,29.66,74.65,527.05,379.29,216.65,434.45,1.45,282.0,100370.0
20230131:0800,29.12,77.0,313.8,288.75,125.2,432.35,1.93,272.0,100310.0
20230131:0900,28.13,82.05,84.4,60.09,57.6,433.7,2.28,268.0,100330.0
20230131:1000,27.18,87.4,8.85,0.0,8.85,432.9,2.07,297.0,100470.0
20230131:1100,26.6,90.25,0.0,-0.0,0.0,433.9,1.72,309.0,100500.0
20230131:1200,26.23,93.2,0.0,-0.0,0.0,428.3,1.38,273.0,100590.0
20230131:1300,25.89,93.2,0.0,-0.0,0.0,428.65,0.76,304.0,100670.0
20230131:1400,25.75,93.2,0.0,-0.0,0.0,422.65,0.97,274.0,100700.0
20230131:1500,25.67,93.15,0.0,-0.0,0.0,423.85,1.1,253.0,100720.0
20230131:1600,24.16,97.81,0.0,-0.0,0.0,417.1,1.35,252.0,100670.0
20230131:1700,24.5,95.87,0.0,-0.0,0.0,417.52,1.53,265.0,100600.0
20230131:1800,24.84,93.93,0.0,-0.0,0.0,417.94,1.7,270.0,100540.0
20230131:1900,25.18,91.99,0.0,-0.0,0.0,418.36,1.88,273.0,100510.0
20230131:2000,25.52,90.05,0.0,-0.0,0.0,418.78,2.06,277.0,100470.0
20230131:2100,25.86,88.11,0.0,-0.0,0.0,419.2,2.23,282.0,100520.0
20230131:2200,26.2,86.17,0.0,-0.0,0.0,419.62,2.41,280.0,100530.0
20230131:2300,26.54,84.23,128.95,437.79,80.15,420.04,2.59,276.0,100610.0
20230201:0000,26.88,82.29,321.55,408.13,177.7,420.46,2.77,278.0,100680.0
20230201:0100,27.22,80.35,518.95,466.65,251.5,420.88,2.94,285.0,100740.0
20230201:0200,27.56,78.41,615.0,357.99,343.9,421.3,3.12,290.0,100730.0
20230201:0300,27.9,76.48,736.65,445.21,339.35,421.72,3.3,291.0,100700.0
20230201:0400,28.24,74.54,787.55,494.43,308.35,422.14,3.47,300.0,100600.0
20230201:0500,28.58,72.6,777.1,547.22,239.45,422.56,3.65,306.0,100510.0
20230201:0600,28.92,70.66,630.45,396.29,261.35,422.98,3.83,310.0,100400.0
20230201:0700,29.26,68.72,452.5,301.76,205.25,423.4,4.01,303.0,100410.0
20230201:0800,27.34,79.35,293.1,282.41,108.4,427.7,4.28,290.0,100380.0
20230201:0900,27.11,84.6,148.4,136.57,87.4,431.55,3.59,281.0,100380.0
20230201:1000,26.8,84.6,19.95,8.04,18.25,430.4,3.17,280.0,100460.0
20230201:1100,26.18,90.2,0.0,-0.0,0.0,427.9,2.76,278.0,100530.0
20230201:1200,25.87,90.2,0.0,-0.0,0.0,422.3,2.28,276.0,100640.0
20230201:1300,25.79,90.2,0.0,-0.0,0.0,428.85,2.0,275.0,100720.0
20230201:1400,25.64,93.15,0.0,-0.0,0.0,426.9,1.79,285.0,100770.0
20230201:1500,25.58,93.15,0.0,-0.0,0.0,428.1,1.79,284.0,100780.0
20230201:1600,25.5,93.15,0.0,-0.0,0.0,429.05,1.93,282.0,100770.0
20230201:1700,25.35,93.15,0.0,-0.0,0.0,429.85,2.21,288.0,100700.0
20230201:1800,25.22,93.15,0.0,-0.0,0.0,428.65,2.48,291.0,100630.0
20230201:1900,24.76,93.15,0.0,-0.0,0.0,424.2,2.48,269.0,100610.0
20230201:2000,24.76,93.15,0.0,-0.0,0.0,428.65,2.07,266.0,100590.0
20230201:2100,24.77,93.15,0.0,-0.0,0.0,427.5,2.07,262.0,100620.0
20230201:2200,24.74,93.15,0.0,-0.0,0.0,427.1,1.86,259.0,100680.0
20230201:2300,24.72,96.2,41.2,67.09,33.8,428.1,1.72,256.0,100730.0
20230202:0000,25.16,93.15,94.85,16.21,89.15,428.85,1.38,251.0,100770.0
20230202:0100,25.55,93.15,140.95,6.72,137.1,428.95,1.1,262.0,100830.0
20230202:0200,26.04,87.3,204.8,19.28,190.2,429.25,1.17,284.0,100830.0
20230202:0300,26.59,84.55,257.85,9.58,249.3,430.6,1.38,294.0,100800.0
20230202:0400,27.13,81.9,294.25,24.38,270.6,431.75,2.21,292.0,100760.0
20230202:0500,27.4,79.35,247.8,9.51,238.45,432.9,3.03,295.0,100680.0
20230202:0600,27.54,79.35,292.9,14.43,279.45,432.9,3.1,310.0,100620.0
20230202:0700,26.75,84.55,288.85,92.59,212.9,437.0,3.38,328.0,100590.0
20230202:0800,26.17,90.2,164.8,51.0,131.4,429.25,3.31,313.0,100540.0
20230202:0900,25.83,90.2,49.8,0.78,49.45,435.25,3.24,300.0,100550.0
20230202:1000,25.6,93.15,13.7,4.02,12.85,436.6,2.55,297.0,100610.0
20230202:1100,25.42,93.15,0.0,-0.0,0.0,434.3,2.21,301.0,100660.0
20230202:1200,24.92,93.15,0.0,-0.0,0.0,428.45,3.17,299.0,100740.0
20230202:1300,24.48,93.1,0.0,-0.0,0.0,425.4,3.1,299.0,100830.0
20230202:1400,24.57,93.1,0.0,-0.0,0.0,434.65,2.69,298.0,100860.0
20230202:1500,24.64,93.1,0.0,-0.0,0.0,430.6,2.28,294.0,100880.0
20230202:1600,24.63,93.1,0.0,-0.0,0.0,428.3,2.21,276.0,100830.0
20230202:1700,24.58,93.1,0.0,-0.0,0.0,433.1,2.41,270.0,100750.0
20230202:1800,24.31,93.1,0.0,-0.0,0.0,427.3,3.45,281.0,100680.0
20230202:1900,24.12,96.2,0.0,-0.0,0.0,423.25,2.9,268.0,100670.0
20230202:2000,24.06,96.2,0.0,-0.0,0.0,425.95,3.17,265.0,100590.0
20230202:2100,24.04,96.2,0.0,-0.0,0.0,424.2,2.83,262.0,100590.0
20230202:2200,23.97,96.2,0.0,-0.0,0.0,413.0,2.97,266.0,100660.0
20230202:2300,24.0,96.2,85.7,134.18,71.05,420.9,2.9,268.0,100690.0
20230203:0000,24.53,93.1,281.45,422.01,133.3,419.95,2.9,268.0,100740.0
20230203:0100,25.47,90.2,444.05,386.08,223.0,416.0,3.66,267.0,100800.0
20230203:0200,26.87,79.3,397.4,181.33,260.05,418.2,4.48,272.0,100810.0
20230203:0300,27.16,79.3,350.4,153.6,213.2,429.25,4.55,278.0,100790.0
20230203:0400,27.13,79.3,448.7,135.02,317.65,430.0,4.34,281.0,100730.0
20230203:0500,27.71,76.8,537.75,205.18,335.8,436.8,4.69,284.0,100650.0
20230203:0600,28.34,72.1,287.6,19.93,269.0,433.7,4.9,288.0,100550.0
20230203:0700,27.54,79.35,281.05,47.55,242.0,431.2,4.07,284.0,100490.0
20230203:0800,27.56,76.8,212.55,31.8,191.7,431.0,3.79,287.0,100390.0
20230203:0900,27.62,76.8,110.95,39.64,93.2,430.2,3.45,289.0,100370.0
20230203:1000,27.41,79.35,18.2,0.24,18.15,429.45,2.69,291.0,100420.0
20230203:1100,26.95,81.9,0.0,-0.0,0.0,431.55,2.14,292.0,100480.0
20230203:1200,26.58,84.55,0.0,-0.0,0.0,428.65,2.14,299.0,100560.0
20230203:1300,26.34,84.55,0.0,-0.0,0.0,426.75,2.34,307.0,100630.0
20230203:1400,26.16,87.3,0.0,-0.0,0.0,423.85,2.62,306.0,100710.0
20230203:1500,26.03,87.3,0.0,-0.0,0.0,424.8,2.48,306.0,100730.0
20230203:1600,25.88,87.3,0.0,-0.0,0.0,424.2,2.62,302.0,100680.0
20230203:1700,25.72,90.2,0.0,-0.0,0.0,422.45,2.76,294.0,100620.0
20230203:1800,25.51,87.3,0.0,-0.0,0.0,418.4,2.97,290.0,100560.0
20230203:1900,25.53,87.3,0.0,-0.0,0.0,421.1,2.28,289.0,100520.0
20230203:2000,25.25,87.3,0.0,-0.0,0.0,418.2,2.14,272.0,100460.0
20230203:2100,24.99,90.15,0.0,-0.0,0.0,418.0,2.0,268.0,100490.0
20230203:2200,24.73,93.1,0.0,-0.0,0.0,411.65,2.07,269.0,100510.0
20230203:2300,24.69,93.1,82.9,81.87,74.05,414.55,2.14,275.0,100560.0
20230204:0000,25.53,87.3,243.95,186.64,178.55,413.0,2.28,279.0,100670.0
20230204:0100,26.6,81.85,419.85,303.77,246.0,412.5,2.76,284.0,100740.0
20230204:0200,27.54,76.8,620.65,447.26,281.8,419.2,3.38,291.0,100750.0
20230204:0300,28.5,72.1,749.35,504.09,298.85,424.0,4.21,297.0,100710.0
20230204:0400,29.0,69.85,816.2,522.96,308.25,423.65,4.97,298.0,100640.0
20230204:0500,28.78,69.85,669.1,291.28,382.15,433.5,5.17,301.0,100560.0
20230204:0600,28.86,72.15,614.65,306.4,328.4,431.95,5.03,313.0,100470.0
20230204:0700,28.74,76.95,365.45,114.34,271.45,433.3,4.21,316.0,100390.0
20230204:0800,28.3,76.95,190.7,42.43,162.85,426.15,4.07,316.0,100320.0
20230204:0900,26.87,81.9,83.3,12.94,77.5,426.55,3.86,280.0,100420.0
20230204:1000,25.54,90.2,13.35,6.6,11.95,431.0,2.69,296.0,100470.0
20230204:1100,25.29,90.2,0.0,-0.0,0.0,426.75,2.28,302.0,100540.0
20230204:1200,25.2,93.15,0.0,-0.0,0.0,425.35,2.21,296.0,100560.0
20230204:1300,25.35,90.2,0.0,-0.0,0.0,422.3,2.28,291.0,100610.0
20230204:1400,25.25,90.2,0.0,-0.0,0.0,417.65,2.34,293.0,100660.0
20230204:1500,25.21,93.15,0.0,-0.0,0.0,418.0,2.34,293.0,100690.0
20230204:1600,25.14,93.15,0.0,-0.0,0.0,420.35,2.34,286.0,100670.0
20230204:1700,25.04,93.15,0.0,-0.0,0.0,422.1,2.34,280.0,100620.0
20230204:1800,24.81,93.15,0.0,-0.0,0.0,416.45,2.34,277.0,100550.0
20230204:1900,24.76,90.15,0.0,-0.0,0.0,416.1,2.83,274.0,100540.0
20230204:2000,24.58,93.1,0.0,-0.0,0.0,416.45,2.97,275.0,100510.0
20230204:2100,24.43,93.1,0.0,-0.0,0.0,415.9,2.76,276.0,100510.0
20230204:2200,24.39,93.1,0.0,-0.0,0.0,417.25,2.55,278.0,100560.0
20230204:2300,24.42,93.1,72.8,159.27,55.75,419.4,2.34,282.0,100620.0
20230205:0000,24.97,90.15,126.05,33.59,114.3,424.4,2.14,290.0,100680.0
20230205:0100,25.5,87.3,258.95,89.67,207.65,427.25,2.55,292.0,100750.0
20230205:0200,26.31,81.85,219.75,6.73,214.65,426.15,3.24,286.0,100740.0
20230205:0300,26.53,84.55,286.95,57.6,235.45,430.0,3.45,284.0,100710.0
20230205:0400,26.91,81.9,353.6,7.92,345.9,430.0,3.86,282.0,100640.0
20230205:0500,27.27,79.35,410.55,31.49,379.5,431.0,4.14,285.0,100560.0
20230205:0600,27.74,79.35,394.5,83.57,316.35,430.0,4.07,290.0,100460.0
20230205:0700,29.14,69.85,282.3,15.68,269.4,432.55,3.59,293.0,100370.0
20230205:0800,28.99,69.85,136.95,0.0,136.95,433.3,3.03,299.0,100300.0
20230205:0900,28.45,74.5,92.65,0.45,92.45,434.65,2.14,312.0,100340.0
20230205:1000,28.07,76.85,15.8,0.0,15.8,428.45,1.66,318.0,100360.0
20230205:1100,27.33,81.95,0.0,-0.0,0.0,426.55,1.1,331.0,100430.0
20230205:1200,26.76,84.6,0.0,-0.0,0.0,422.45,0.62,328.0,100510.0
20230205:1300,26.57,84.55,0.0,-0.0,0.0,419.0,0.48,305.0,100590.0
20230205:1400,26.12,87.3,0.0,-0.0,0.0,422.65,0.76,285.0,100670.0
20230205:1500,25.52,90.2,0.0,-0.0,0.0,421.9,1.45,280.0,100690.0
20230205:1600,25.63,90.2,0.0,-0.0,0.0,422.1,2.28,283.0,100680.0
20230205:1700,25.55,87.3,0.0,-0.0,0.0,419.55,3.17,290.0,100630.0
20230205:1800,25.38,87.3,0.0,-0.0,0.0,417.05,3.45,287.0,100560.0
20230205:1900,25.43,87.3,0.0,-0.0,0.0,417.65,2.69,289.0,100540.0
20230205:2000,25.22,87.25,0.0,-0.0,0.0,421.5,2.62,288.0,100510.0
20230205:2100,24.96,87.25,0.0,-0.0,0.0,416.45,2.69,288.0,100520.0
20230205:2200,24.76,87.25,0.0,-0.0,0.0,419.4,2.14,273.0,100560.0
20230205:2300,24.56,93.1,76.95,0.0,76.95,415.7,1.79,264.0,100600.0
20230206:0000,25.26,87.3,185.4,32.64,174.0,421.1,1.66,268.0,100700.0
20230206:0100,26.16,84.5,240.0,1.14,239.35,422.95,1.59,277.0,100770.0
20230206:0200,26.89,79.3,388.75,109.58,305.7,430.2,1.59,281.0,100760.0
20230206:0300,27.55,76.8,368.4,89.54,288.3,431.55,1.93,282.0,100720.0
20230206:0400,27.85,74.4,482.85,204.23,284.2,433.7,2.55,286.0,100650.0
20230206:0500,28.15,74.4,526.85,253.3,276.9,433.7,2.83,291.0,100570.0
20230206:0600,28.53,72.1,459.6,140.5,328.1,431.4,2.97,298.0,100470.0
20230206:0700,29.15,69.85,436.55,197.23,274.1,434.85,3.1,298.0,100420.0
20230206:0800,29.12,69.85,289.25,226.51,140.3,434.3,2.83,301.0,100380.0
20230206:0900,28.21,74.4,106.7,69.71,75.4,431.75,2.9,305.0,100390.0
20230206:1000,27.14,81.9,7.7,0.0,7.7,429.05,2.69,308.0,100490.0
20230206:1100,26.18,87.3,0.0,-0.0,0.0,435.45,2.41,295.0,100520.0
20230206:1200,25.87,87.3,0.0,-0.0,0.0,430.2,2.34,292.0,100560.0
20230206:1300,25.68,90.2,0.0,-0.0,0.0,422.3,2.41,286.0,100610.0
20230206:1400,25.56,87.3,0.0,-0.0,0.0,424.8,2.48,286.0,100670.0
20230206:1500,25.46,87.3,0.0,-0.0,0.0,425.55,2.48,290.0,100690.0
20230206:1600,25.31,87.3,0.0,-0.0,0.0,424.0,2.76,291.0,100680.0
20230206:1700,25.22,90.15,0.0,-0.0,0.0,423.65,3.1,288.0,100630.0
20230206:1800,25.11,90.15,0.0,-0.0,0.0,424.0,3.1,284.0,100560.0
20230206:1900,25.05,90.15,0.0,-0.0,0.0,424.0,2.14,279.0,100490.0
20230206:2000,24.8,90.15,0.0,-0.0,0.0,415.5,2.34,289.0,100480.0
20230206:2100,24.66,93.1,0.0,-0.0,0.0,413.75,2.55,289.0,100490.0
20230206:2200,24.54,93.1,0.0,-0.0,0.0,412.4,2.55,286.0,100560.0
20230206:2300,24.43,93.1,127.95,431.08,82.65,406.0,2.48,284.0,100620.0
20230207:0000,25.44,87.3,362.4,624.76,144.55,405.05,2.41,287.0,100660.0
20230207:0100,26.99,79.3,577.35,694.63,180.2,409.8,3.03,292.0,100740.0
20230207:0200,28.22,74.4,736.25,668.84,229.2,415.5,4.0,295.0,100740.0
20230207:0300,29.04,69.85,632.35,354.6,314.95,425.2,4.55,296.0,100700.0
20230207:0400,29.38,67.7,831.45,565.36,281.15,431.2,4.48,299.0,100610.0
20230207:0500,29.92,65.6,870.8,656.61,222.35,429.25,4.41,299.0,100540.0
20230207:0600,30.17,65.6,676.45,528.73,181.15,432.75,4.28,308.0,100470.0
20230207:0700,28.33,74.5,376.1,273.53,150.6,425.95,5.45,314.0,100520.0
20230207:0800,27.5,79.35,243.65,116.92,166.7,429.85,5.59,300.0,100480.0
20230207:0900,26.37,81.85,115.65,62.76,87.45,437.55,5.1,291.0,100520.0
20230207:1000,25.84,87.3,16.9,23.81,11.85,424.6,3.72,289.0,100570.0
20230207:1100,25.15,93.15,0.0,-0.0,0.0,425.75,4.14,284.0,100660.0
20230207:1200,24.93,93.15,0.0,-0.0,0.0,431.2,3.24,274.0,100710.0
20230207:1300,24.8,93.15,0.0,-0.0,0.0,425.75,3.03,274.0,100740.0
20230207:1400,24.65,96.2,0.0,-0.0,0.0,419.2,3.03,279.0,100770.0
20230207:1500,24.62,93.1,0.0,-0.0,0.0,418.2,2.9,278.0,100780.0
20230207:1600,24.65,93.1,0.0,-0.0,0.0,419.0,2.69,283.0,100750.0
20230207:1700,24.37,93.1,0.0,-0.0,0.0,415.7,3.03,288.0,100710.0
20230207:1800,24.31,93.1,0.0,-0.0,0.0,417.85,3.1,288.0,100620.0
20230207:1900,24.41,93.1,0.0,-0.0,0.0,420.15,3.24,287.0,100630.0
20230207:2000,24.35,93.1,0.0,-0.0,0.0,420.55,3.17,286.0,100580.0
20230207:2100,24.21,96.2,0.0,-0.0,0.0,421.7,3.17,284.0,100610.0
20230207:2200,24.14,96.2,0.0,-0.0,0.0,419.95,2.97,279.0,100650.0
20230207:2300,24.11,96.2,18.3,0.0,18.3,422.45,2.76,270.0,100700.0
20230208:0000,24.31,93.1,72.25,0.0,72.25,421.5,2.41,268.0,100770.0
20230208:0100,24.58,96.2,134.75,1.84,133.7,421.4,2.28,278.0,100830.0
20230208:0200,25.09,93.15,203.9,27.36,183.15,423.05,2.62,282.0,100860.0
20230208:0300,25.43,93.15,313.75,19.37,296.4,422.45,2.97,277.0,100830.0
20230208:0400,25.87,90.2,401.2,135.16,269.55,423.25,3.52,276.0,100760.0
20230208:0500,26.07,90.2,374.05,71.99,302.9,424.4,3.79,282.0,100680.0
20230208:0600,26.11,90.2,330.85,75.3,260.25,426.75,3.72,283.0,100630.0
20230208:0700,26.73,84.55,249.95,169.32,110.25,429.45,3.52,286.0,100520.0
20230208:0800,26.7,84.55,174.25,40.69,147.45,427.1,3.1,289.0,100440.0
20230208:0900,26.97,81.9,59.65,0.67,59.35,422.65,3.1,290.0,100470.0
20230208:1000,26.55,84.55,21.85,38.91,13.6,426.55,2.48,295.0,100550.0
20230208:1100,26.28,84.55,0.0,-0.0,0.0,427.3,2.21,288.0,100630.0
20230208:1200,25.92,87.3,0.0,-0.0,0.0,420.35,1.93,283.0,100690.0
20230208:1300,25.67,90.2,0.0,-0.0,0.0,418.4,1.79,287.0,100750.0
20230208:1400,25.41,90.2,0.0,-0.0,0.0,413.75,2.07,297.0,100780.0
20230208:1500,25.21,93.15,0.0,-0.0,0.0,411.65,2.21,284.0,100830.0
20230208:1600,25.05,90.15,0.0,-0.0,0.0,415.9,2.34,283.0,100810.0
20230208:1700,24.84,90.15,0.0,-0.0,0.0,411.65,2.48,281.0,100760.0
20230208:1800,24.72,93.1,0.0,-0.0,0.0,416.65,2.48,282.0,100670.0
20230208:1900,24.85,90.15,0.0,-0.0,0.0,420.55,2.28,286.0,100640.0
20230208:2000,24.66,93.1,0.0,-0.0,0.0,416.65,2.21,287.0,100630.0
20230208:2100,24.5,93.1,0.0,-0.0,0.0,418.0,2.14,291.0,100640.0
20230208:2200,24.39,93.1,0.0,-0.0,0.0,419.0,2.41,286.0,100690.0
20230208:2300,24.28,93.1,100.95,295.3,70.45,415.5,2.34,276.0,100700.0
20230209:0000,24.94,90.15,250.3,331.43,135.05,414.9,2.21,274.0,100770.0
20230209:0100,25.67,87.3,454.85,453.01,195.95,417.55,2.28,273.0,100800.0
20230209:0200,26.63,81.85,620.8,495.7,244.8,416.3,2.55,285.0,100790.0
20230209:0300,27.38,76.8,787.5,612.3,238.85,418.4,2.83,286.0,100760.0
20230209:0400,28.34,72.1,524.7,170.98,358.05,416.1,3.31,291.0,100660.0
20230209:0500,28.34,72.1,630.6,255.79,377.6,429.65,3.38,294.0,100580.0
20230209:0600,28.76,72.1,558.65,350.96,229.35,428.65,3.52,298.0,100490.0
20230209:0700,28.98,72.15,492.45,369.5,187.35,437.2,4.07,323.0,100400.0
20230209:0800,29.15,72.15,356.75,347.38,127.8,428.85,3.93,323.0,100360.0
20230209:0900,27.84,76.85,125.25,113.85,74.05,430.2,3.79,318.0,100410.0
20230209:1000,26.94,81.9,22.3,31.39,15.65,432.15,2.9,286.0,100510.0
20230209:1100,26.3,87.35,0.0,-0.0,0.0,426.9,2.41,273.0,100600.0
20230209:1200,25.8,90.2,0.0,-0.0,0.0,427.7,2.21,277.0,100630.0
20230209:1300,25.48,93.15,0.0,-0.0,0.0,420.75,2.34,277.0,100700.0
20230209:1400,25.36,90.2,0.0,-0.0,0.0,421.5,2.41,278.0,100730.0
20230209:1500,25.39,90.2,0.0,-0.0,0.0,423.45,2.28,279.0,100780.0
20230209:1600,25.29,90.2,0.0,-0.0,0.0,429.25,2.41,285.0,100760.0
20230209:1700,25.1,93.15,0.0,-0.0,0.0,425.2,2.34,280.0,100700.0
20230209:1800,24.81,90.15,0.0,-0.0,0.0,417.25,2.83,284.0,100650.0
20230209:1900,24.32,93.1,0.0,-0.0,0.0,414.9,2.28,288.0,100600.0
20230209:2000,24.49,93.1,0.0,-0.0,0.0,415.3,2.55,295.0,100600.0
20230209:2100,24.41,93.1,0.0,-0.0,0.0,414.55,2.48,294.0,100600.0
20230209:2200,24.4,93.1,0.0,-0.0,0.0,415.5,2.55,295.0,100630.0
20230209:2300,24.36,93.1,73.65,115.18,61.85,414.75,2.76,296.0,100670.0
20230210:0000,25.06,93.15,188.6,167.43,130.45,414.55,2.97,295.0,100730.0
20230210:0100,26.04,87.3,325.95,139.21,246.4,414.45,3.31,292.0,100770.0
20230210:0200,26.79,81.9,468.7,193.6,321.8,422.85,3.52,298.0,100800.0
20230210:0300,27.44,81.95,560.4,169.1,408.8,425.0,3.45,308.0,100770.0
20230210:0400,28.1,82.05,491.3,111.14,382.9,429.65,3.59,318.0,100720.0
20230210:0500,27.65,81.95,429.95,82.69,348.1,441.85,3.79,320.0,100630.0
20230210:0600,27.66,81.95,675.05,477.17,227.0,431.95,3.45,323.0,100540.0
20230210:0700,29.05,77.0,546.15,445.36,178.15,429.65,3.66,322.0,100380.0
20230210:0800,28.77,74.55,340.0,225.64,191.2,429.25,3.59,330.0,100290.0
20230210:0900,26.99,81.9,93.35,11.23,88.3,428.45,3.66,313.0,100450.0
20230210:1000,26.66,90.25,10.5,0.0,10.5,434.3,2.21,290.0,100490.0
20230210:1100,26.12,90.2,0.0,-0.0,0.0,437.2,1.66,262.0,100560.0
20230210:1200,24.91,93.15,0.0,-0.0,0.0,422.85,1.24,244.0,100620.0
20230210:1300,24.75,93.15,0.0,-0.0,0.0,419.0,0.62,212.0,100700.0
20230210:1400,24.79,93.15,0.0,-0.0,0.0,419.2,0.97,245.0,100750.0
20230210:1500,24.79,93.15,0.0,-0.0,0.0,422.85,0.97,238.0,100780.0
20230210:1600,24.83,93.15,0.0,-0.0,0.0,423.85,1.03,253.0,100770.0
20230210:1700,24.65,93.1,0.0,-0.0,0.0,422.85,2.28,284.0,100710.0
20230210:1800,24.43,93.1,0.0,-0.0,0.0,420.35,2.28,294.0,100680.0
20230210:1900,24.91,90.15,0.0,-0.0,0.0,421.7,2.34,284.0,100590.0
20230210:2000,24.67,93.1,0.0,-0.0,0.0,421.3,2.28,275.0,100590.0
20230210:2100,24.6,93.1,0.0,-0.0,0.0,424.6,2.41,277.0,100600.0
20230210:2200,24.56,93.1,0.0,-0.0,0.0,426.75,1.93,284.0,100640.0
20230210:2300,24.83,90.15,103.25,344.31,68.25,421.1,2.14,279.0,100690.0
20230211:0000,25.41,87.3,318.6,515.82,139.65,419.95,2.55,280.0,100780.0
20230211:0100,26.38,84.55,369.0,356.5,165.3,416.0,2.69,285.0,100860.0
20230211:0200,26.79,81.9,383.95,200.65,231.65,422.85,3.24,291.0,100890.0
20230211:0300,27.09,84.6,381.6,142.98,253.35,426.9,3.59,294.0,100860.0
20230211:0400,26.6,87.35,315.45,19.78,296.15,432.35,3.52,299.0,100850.0
20230211:0500,26.65,90.25,274.4,51.49,223.4,429.25,3.1,291.0,100750.0
20230211:0600,26.77,87.4,451.55,179.59,282.8,429.25,2.76,281.0,100670.0
20230211:0700,26.87,79.3,220.25,36.77,189.85,433.9,4.55,300.0,100650.0
20230211:0800,26.32,84.55,211.5,93.21,150.0,430.0,3.38,290.0,100600.0
20230211:0900,26.6,81.85,77.1,22.12,67.15,430.6,3.31,282.0,100610.0
20230211:1000,26.0,84.5,18.25,18.93,14.25,428.85,3.31,284.0,100680.0
20230211:1100,25.29,90.2,0.0,-0.0,0.0,423.45,2.69,274.0,100720.0
20230211:1200,24.95,93.15,0.0,-0.0,0.0,420.75,2.34,273.0,100760.0
20230211:1300,24.79,90.15,0.0,-0.0,0.0,418.8,2.21,269.0,100810.0
20230211:1400,24.7,93.1,0.0,-0.0,0.0,417.85,2.14,271.0,100890.0
20230211:1500,24.59,93.1,0.0,-0.0,0.0,416.85,2.14,264.0,100910.0
20230211:1600,24.51,93.1,0.0,-0.0,0.0,417.25,2.21,263.0,100900.0
20230211:1700,24.38,93.1,0.0,-0.0,0.0,415.9,2.28,272.0,100820.0
20230211:1800,24.3,93.1,0.0,-0.0,0.0,416.3,2.28,279.0,100770.0
20230211:1900,24.54,93.1,0.0,-0.0,0.0,424.8,1.86,275.0,100750.0
20230211:2000,24.43,93.1,0.0,-0.0,0.0,422.65,1.59,263.0,100740.0
20230211:2100,24.33,93.1,0.0,-0.0,0.0,422.85,1.59,249.0,100750.0
20230211:2200,24.25,93.1,0.0,-0.0,0.0,423.45,1.59,244.0,100780.0
20230211:2300,24.21,96.2,111.0,515.85,58.95,419.55,1.66,252.0,100800.0
20230212:0000,25.33,90.2,326.65,620.37,111.65,414.55,1.52,259.0,100860.0
20230212:0100,26.84,81.9,440.7,478.41,167.35,412.9,1.86,267.0,100920.0
20230212:0200,27.69,79.35,546.65,518.25,153.15,421.1,2.48,267.0,100970.0
20230212:0300,28.14,76.85,439.95,235.43,228.65,431.0,3.31,271.0,100950.0
20230212:0400,28.12,76.85,411.55,202.9,213.4,437.35,3.17,283.0,100890.0
20230212:0500,28.04,76.85,227.55,3.68,223.9,438.75,3.03,284.0,100810.0
20230212:0600,27.23,87.4,515.75,273.59,258.5,437.75,2.55,292.0,100690.0
20230212:0700,28.02,76.85,459.75,390.18,136.95,437.2,3.03,303.0,100620.0
20230212:0800,27.66,79.35,275.9,208.47,138.3,437.2,4.48,311.0,100650.0
20230212:0900,26.31,87.35,37.45,25.45,26.0,431.4,3.86,297.0,100700.0
20230212:1000,25.86,90.2,15.85,31.52,9.2,435.85,2.28,272.0,100730.0
20230212:1100,25.69,93.15,0.0,-0.0,0.0,425.95,1.93,274.0,100780.0
20230212:1200,25.46,93.15,0.0,-0.0,0.0,426.75,2.07,287.0,100830.0
20230212:1300,25.37,93.15,0.0,-0.0,0.0,420.9,2.0,281.0,100920.0
20230212:1400,25.21,96.2,0.0,-0.0,0.0,419.4,2.07,262.0,100960.0
20230212:1500,24.99,93.15,0.0,-0.0,0.0,415.5,1.93,251.0,100960.0
20230212:1600,24.79,93.15,0.0,-0.0,0.0,422.1,1.66,249.0,100940.0
20230212:1700,24.59,96.2,0.0,-0.0,0.0,417.45,2.0,256.0,100860.0
20230212:1800,24.43,93.1,0.0,-0.0,0.0,421.9,2.14,256.0,100790.0
20230212:1900,24.41,93.1,0.0,-0.0,0.0,425.0,2.0,275.0,100750.0
20230212:2000,24.32,93.1,0.0,-0.0,0.0,421.9,2.34,272.0,100700.0
20230212:2100,24.34,93.1,0.0,-0.0,0.0,420.15,2.41,276.0,100730.0
20230212:2200,24.14,96.2,0.0,-0.0,0.0,416.45,2.48,282.0,100720.0
20230212:2300,24.11,96.2,91.95,156.2,76.3,417.65,2.41,278.0,100770.0
20230213:0000,24.81,93.15,248.75,278.55,152.3,414.9,2.07,282.0,100840.0
20230213:0100,25.7,90.2,444.5,332.18,254.7,418.3,2.21,277.0,100900.0
20230213:0200,26.85,81.9,387.15,140.94,280.1,421.9,2.21,271.0,100900.0
20230213:0300,27.62,79.35,610.2,319.66,323.15,421.9,2.0,275.0,100870.0
20230213:0400,28.22,76.85,549.45,193.62,360.25,429.65,2.07,271.0,100790.0
20230213:0500,28.75,74.5,563.4,159.81,404.9,426.75,2.97,269.0,100700.0
20230213:0600,28.76,74.5,478.7,198.97,291.5,430.6,2.97,271.0,100600.0
20230213:0700,28.47,76.95,390.2,217.7,210.0,436.2,2.07,284.0,100550.0
20230213:0800,27.76,81.95,105.75,0.0,105.75,428.1,2.14,261.0,100500.0
20230213:0900,27.32,81.95,52.1,0.0,52.1,431.75,1.31,238.0,100500.0
20230213:1000,26.18,93.2,15.9,0.0,15.9,429.45,2.14,282.0,100620.0
20230213:1100,25.78,93.2,0.0,-0.0,0.0,424.0,2.21,300.0,100700.0
20230213:1200,25.59,93.15,0.0,-0.0,0.0,428.3,2.07,295.0,100770.0
20230213:1300,25.46,93.15,0.0,-0.0,0.0,423.25,2.0,282.0,100800.0
20230213:1400,25.31,93.15,0.0,-0.0,0.0,424.2,1.59,277.0,100850.0
20230213:1500,25.07,93.15,0.0,-0.0,0.0,419.75,1.66,277.0,100850.0
20230213:1600,24.86,93.15,0.0,-0.0,0.0,416.65,2.14,274.0,100800.0
20230213:1700,24.6,93.1,0.0,-0.0,0.0,414.15,2.48,272.0,100710.0
20230213:1800,24.38,93.1,0.0,-0.0,0.0,413.2,2.69,276.0,100630.0
20230213:1900,24.39,93.1,0.0,-0.0,0.0,417.65,2.28,274.0,100610.0
20230213:2000,24.15,96.2,0.0,-0.0,0.0,413.2,2.34,277.0,100590.0
20230213:2100,23.98,96.2,0.0,-0.0,0.0,416.1,2.41,273.0,100620.0
20230213:2200,23.83,96.2,0.0,-0.0,0.0,413.55,2.28,276.0,100640.0
20230213:2300,23.8,96.2,91.7,305.44,61.3,413.95,2.62,282.0,100700.0
20230214:0000,24.4,93.1,338.65,503.94,164.3,415.3,2.76,279.0,100740.0
20230214:0100,25.75,84.5,583.5,778.43,138.7,410.0,3.03,280.0,100750.0
20230214:0200,27.07,81.9,757.5,772.59,170.45,408.9,3.45,286.0,100730.0
20230214:0300,28.5,72.1,888.65,743.83,220.35,420.15,4.21,287.0,100700.0
20230214:0400,29.26,72.15,848.85,681.8,182.2,422.65,4.55,299.0,100650.0
20230214:0500,29.24,72.15,827.2,681.97,150.4,428.85,4.97,306.0,100550.0
20230214:0600,29.49,72.25,647.1,404.36,266.45,430.4,4.48,308.0,100420.0
20230214:0700,29.56,72.25,416.6,237.35,220.05,431.75,3.45,307.0,100380.0
20230214:0800,28.64,74.5,271.5,121.45,191.3,443.55,3.1,334.0,100320.0
20230214:0900,27.04,81.9,162.45,145.58,97.0,428.1,3.45,308.0,100360.0
20230214:1000,26.42,81.85,22.45,18.8,18.5,430.8,3.1,275.0,100430.0
20230214:1100,26.01,87.3,0.0,-0.0,0.0,425.55,2.0,286.0,100490.0
20230214:1200,25.91,87.3,0.0,-0.0,0.0,420.55,1.93,302.0,100570.0
20230214:1300,25.72,90.2,0.0,-0.0,0.0,418.2,2.34,290.0,100620.0
20230214:1400,25.46,90.2,0.0,-0.0,0.0,414.55,2.62,280.0,100650.0
20230214:1500,25.13,93.15,0.0,-0.0,0.0,412.0,2.48,277.0,100680.0
20230214:1600,24.88,90.15,0.0,-0.0,0.0,413.0,2.48,274.0,100650.0
20230214:1700,24.62,93.1,0.0,-0.0,0.0,411.25,2.48,274.0,100610.0
20230214:1800,24.39,93.1,0.0,-0.0,0.0,410.65,2.76,280.0,100560.0
20230214:1900,24.77,90.15,0.0,-0.0,0.0,421.1,2.55,288.0,100510.0
20230214:2000,24.7,93.1,0.0,-0.0,0.0,422.3,2.76,282.0,100470.0
20230214:2100,24.58,93.1,0.0,-0.0,0.0,418.2,2.69,282.0,100490.0
20230214:2200,24.4,93.1,0.0,-0.0,0.0,411.45,2.55,288.0,100520.0
20230214:2300,24.37,93.1,124.95,612.7,64.35,408.9,2.41,286.0,100590.0
20230215:0000,25.16,90.15,292.15,556.22,99.85,409.3,2.34,283.0,100690.0
20230215:0100,26.07,87.3,430.7,402.83,200.5,412.3,2.41,283.0,100790.0
20230215:0200,27.11,81.9,492.95,275.47,283.55,422.1,2.0,282.0,100770.0
20230215:0300,27.86,76.85,581.55,325.66,288.8,436.4,1.59,296.0,100720.0
20230215:0400,28.48,76.95,672.65,376.96,303.85,431.95,1.79,324.0,100640.0
20230215:0500,28.62,76.95,609.0,352.32,259.15,439.3,2.76,326.0,100540.0
20230215:0600,27.6,81.95,561.05,327.81,252.3,433.3,3.24,290.0,100510.0
20230215:0700,28.78,74.55,325.35,173.34,181.75,429.45,2.62,304.0,100420.0
20230215:0800,28.16,79.4,217.6,130.59,131.35,429.05,2.83,294.0,100370.0
20230215:0900,27.98,79.4,116.4,73.55,83.35,430.2,2.14,307.0,100410.0
20230215:1000,26.99,87.4,16.1,13.36,13.3,429.25,2.34,309.0,100470.0
20230215:1100,26.19,90.2,0.0,-0.0,0.0,433.1,3.03,304.0,100560.0
20230215:1200,25.42,93.15,0.0,-0.0,0.0,424.0,3.1,308.0,100640.0
20230215:1300,25.03,93.15,0.0,-0.0,0.0,426.35,3.66,297.0,100710.0
20230215:1400,24.86,93.15,0.0,-0.0,0.0,427.3,3.31,286.0,100760.0
20230215:1500,24.76,93.15,0.0,-0.0,0.0,425.2,3.03,285.0,100800.0
20230215:1600,24.6,93.1,0.0,-0.0,0.0,423.85,3.1,288.0,100770.0
20230215:1700,24.39,93.1,0.0,-0.0,0.0,420.55,3.1,281.0,100710.0
20230215:1800,24.16,96.2,0.0,-0.0,0.0,417.05,2.9,274.0,100630.0
20230215:1900,24.09,96.2,0.0,-0.0,0.0,416.1,2.41,287.0,100630.0
20230215:2000,24.0,96.2,0.0,-0.0,0.0,417.25,2.28,288.0,100620.0
20230215:2100,23.91,96.2,0.0,-0.0,0.0,416.65,2.21,277.0,100650.0
20230215:2200,23.88,96.2,0.0,-0.0,0.0,417.85,2.07,274.0,100670.0
20230215:2300,23.86,96.2,53.6,84.92,45.25,417.45,2.07,275.0,100730.0
20230216:0000,24.22,96.2,99.95,39.94,86.15,418.0,2.07,281.0,100820.0
20230216:0100,24.49,93.1,232.75,73.31,190.85,424.15,1.79,262.0,100860.0
20230216:0200,25.41,90.2,184.3,7.96,178.25,421.9,1.66,261.0,100900.0
20230216:0300,25.59,90.2,276.05,56.32,225.4,425.4,1.72,277.0,100870.0
20230216:0400,26.14,90.2,290.0,15.89,274.45,429.65,2.14,286.0,100830.0
20230216:0500,26.51,87.35,298.05,74.63,223.9,428.65,2.48,295.0,100750.0
20230216:0600,27.09,87.4,442.75,128.73,321.45,426.9,2.14,298.0,100690.0
20230216:0700,27.41,79.35,371.8,122.66,270.15,432.55,2.14,303.0,100610.0
20230216:0800,27.48,79.35,275.45,128.93,190.3,432.15,2.48,305.0,100530.0
20230216:0900,27.65,79.35,128.35,130.38,69.8,432.15,2.83,302.0,100560.0
20230216:1000,26.18,84.5,19.35,36.14,11.8,425.2,2.55,283.0,100670.0
20230216:1100,25.46,90.2,0.0,-0.0,0.0,430.2,1.72,260.0,100690.0
20230216:1200,25.12,93.15,0.0,-0.0,0.0,425.75,2.07,256.0,100740.0
20230216:1300,24.86,93.15,0.0,-0.0,0.0,422.1,1.86,262.0,100800.0
20230216:1400,24.65,96.2,0.0,-0.0,0.0,417.05,1.93,267.0,100840.0
20230216:1500,24.51,93.1,0.0,-0.0,0.0,421.3,2.0,263.0,100880.0
20230216:1600,24.35,93.1,0.0,-0.0,0.0,418.6,2.21,271.0,100840.0
20230216:1700,24.21,96.2,0.0,-0.0,0.0,418.0,2.28,272.0,100780.0
20230216:1800,24.09,96.2,0.0,-0.0,0.0,420.55,2.28,271.0,100720.0
20230216:1900,24.01,96.2,0.0,-0.0,0.0,413.55,2.0,275.0,100690.0
20230216:2000,23.92,96.2,0.0,-0.0,0.0,417.85,1.93,267.0,100670.0
20230216:2100,23.78,96.2,0.0,-0.0,0.0,413.4,2.14,268.0,100690.0
20230216:2200,23.67,99.4,0.0,-0.0,0.0,405.25,2.34,269.0,100710.0
20230216:2300,23.76,96.2,125.45,564.47,70.25,404.65,2.41,270.0,100780.0
20230217:0000,24.65,93.1,289.1,394.97,152.7,404.45,2.34,265.0,100810.0
20230217:0100,25.71,90.2,399.05,323.37,214.2,413.7,2.28,272.0,100880.0
20230217:0200,26.7,84.55,489.15,195.85,340.15,421.7,2.55,280.0,100890.0
20230217:0300,27.58,79.35,536.9,188.86,366.95,431.2,3.03,287.0,100840.0
20230217:0400,27.97,74.4,755.5,393.04,370.55,435.45,3.45,292.0,100770.0
20230217:0500,28.56,74.5,792.6,496.72,298.85,432.15,3.72,298.0,100680.0
20230217:0600,29.21,72.15,520.65,251.73,283.35,433.3,3.79,307.0,100560.0
20230217:0700,27.63,79.35,327.35,164.26,191.2,436.8,3.86,294.0,100560.0
20230217:0800,27.03,81.9,157.65,24.98,141.15,432.75,3.1,271.0,100550.0
20230217:0900,26.45,87.35,121.05,66.97,91.0,431.75,2.62,278.0,100510.0
20230217:1000,26.29,84.55,20.4,8.64,18.6,424.0,2.21,280.0,100520.0
20230217:1100,25.95,87.3,0.0,-0.0,0.0,426.35,2.76,279.0,100590.0
20230217:1200,25.65,90.2,0.0,-0.0,0.0,422.45,2.55,279.0,100650.0
20230217:1300,25.33,90.2,0.0,-0.0,0.0,419.75,2.69,278.0,100720.0
20230217:1400,25.05,93.15,0.0,-0.0,0.0,420.9,2.55,279.0,100780.0
20230217:1500,24.9,93.15,0.0,-0.0,0.0,419.4,2.62,278.0,100830.0
20230217:1600,24.75,93.15,0.0,-0.0,0.0,423.25,2.76,282.0,100800.0
20230217:1700,24.68,96.2,0.0,-0.0,0.0,422.1,2.76,275.0,100730.0
20230217:1800,24.45,96.2,0.0,-0.0,0.0,418.2,2.69,275.0,100680.0
20230217:1900,24.64,96.2,0.0,-0.0,0.0,417.65,2.62,290.0,100690.0
20230217:2000,24.53,96.2,0.0,-0.0,0.0,419.95,2.83,286.0,100660.0
20230217:2100,24.45,93.1,0.0,-0.0,0.0,422.45,2.69,276.0,100670.0
20230217:2200,24.3,93.1,0.0,-0.0,0.0,420.75,2.62,274.0,100670.0
20230217:2300,24.24,93.1,120.45,553.45,66.6,415.1,2.76,275.0,100690.0
20230218:0000,25.07,93.15,369.9,754.64,109.4,410.65,3.45,276.0,100780.0
20230218:0100,26.48,84.55,543.95,734.22,124.15,411.75,3.79,276.0,100830.0
20230218:0200,27.71,79.35,733.2,773.48,144.5,422.3,3.66,274.0,100870.0
20230218:0300,28.89,72.15,798.05,706.97,161.55,427.5,3.31,281.0,100790.0
20230218:0400,29.67,72.25,841.95,669.9,185.5,430.0,3.52,306.0,100730.0
20230218:0500,29.66,72.25,784.95,537.01,250.9,431.95,4.76,321.0,100600.0
20230218:0600,29.31,72.25,683.3,537.1,176.8,431.2,4.0,314.0,100570.0
20230218:0700,29.26,74.55,524.9,397.09,195.7,427.7,3.52,311.0,100470.0
20230218:0800,28.69,76.95,309.85,257.31,139.95,435.25,3.24,303.0,100420.0
20230218:0900,26.97,81.9,123.75,150.24,56.4,423.05,3.93,294.0,100450.0
20230218:1000,25.92,90.2,24.45,49.4,14.2,426.15,2.48,289.0,100510.0
20230218:1100,25.63,90.2,0.0,-0.0,0.0,423.25,2.14,291.0,100550.0
20230218:1200,25.53,90.2,0.0,-0.0,0.0,421.1,1.86,283.0,100650.0
20230218:1300,25.42,90.2,0.0,-0.0,0.0,418.8,1.79,281.0,100740.0
20230218:1400,25.36,90.2,0.0,-0.0,0.0,421.1,1.79,294.0,100790.0
20230218:1500,25.34,90.2,0.0,-0.0,0.0,417.65,2.0,293.0,100840.0
20230218:1600,25.18,93.15,0.0,-0.0,0.0,417.45,2.48,287.0,100810.0
20230218:1700,24.94,93.15,0.0,-0.0,0.0,415.3,2.76,279.0,100730.0
20230218:1800,24.88,93.15,0.0,-0.0,0.0,416.3,2.83,279.0,100690.0
20230218:1900,24.7,93.1,0.0,-0.0,0.0,417.65,2.62,281.0,100670.0
20230218:2000,24.53,93.1,0.0,-0.0,0.0,418.0,2.69,279.0,100630.0
20230218:2100,24.3,93.1,0.0,-0.0,0.0,414.95,2.48,275.0,100670.0
20230218:2200,24.17,96.2,0.0,-0.0,0.0,413.75,2.41,272.0,100720.0
20230218:2300,24.08,96.2,145.2,888.51,59.15,410.85,2.48,275.0,100750.0
20230219:0000,25.04,93.15,335.3,637.96,115.15,410.85,2.48,275.0,100820.0
20230219:0100,26.21,87.3,444.3,421.4,203.3,411.55,2.83,279.0,100880.0
20230219:0200,27.26,79.35,635.45,501.75,253.4,419.0,3.03,281.0,100920.0
20230219:0300,28.08,76.85,807.6,645.78,225.9,429.65,3.24,283.0,100870.0
20230219:0400,28.86,74.55,847.0,613.72,245.3,428.85,3.66,292.0,100800.0
20230219:0500,29.46,72.25,708.85,365.0,345.7,435.85,4.28,299.0,100690.0
20230219:0600,29.71,69.95,447.35,209.15,250.05,435.45,4.55,304.0,100600.0
20230219:0700,29.61,72.25,398.15,233.26,204.75,435.85,2.9,314.0,100550.0
20230219:0800,29.57,72.25,333.5,304.72,132.35,431.2,2.48,312.0,100470.0
20230219:0900,28.29,76.95,135.7,189.14,51.0,437.35,2.07,294.0,100470.0
20230219:1000,27.53,84.65,29.0,38.22,21.1,429.85,2.21,302.0,100520.0
20230219:1100,27.12,87.4,0.0,-0.0,0.0,428.85,2.0,293.0,100570.0
20230219:1200,26.76,84.6,0.0,-0.0,0.0,420.9,2.0,296.0,100590.0
20230219:1300,26.39,87.35,0.0,-0.0,0.0,418.8,2.55,292.0,100700.0
20230219:1400,25.96,87.3,0.0,-0.0,0.0,414.9,2.62,283.0,100780.0
20230219:1500,25.55,90.2,0.0,-0.0,0.0,414.55,2.69,281.0,100810.0
20230219:1600,25.22,93.15,0.0,-0.0,0.0,414.75,2.76,279.0,100770.0
20230219:1700,25.08,93.15,0.0,-0.0,0.0,417.25,2.76,284.0,100700.0
20230219:1800,24.87,90.15,0.0,-0.0,0.0,412.6,2.83,284.0,100650.0
20230219:1900,24.94,90.15,0.0,-0.0,0.0,416.45,2.48,275.0,100660.0
20230219:2000,24.71,93.1,0.0,-0.0,0.0,411.65,2.48,272.0,100600.0
20230219:2100,24.52,93.1,0.0,-0.0,0.0,410.3,2.41,273.0,100630.0
20230219:2200,24.3,93.1,0.0,-0.0,0.0,407.2,2.41,275.0,100660.0
20230219:2300,24.16,96.2,146.4,762.65,72.85,401.95,2.48,271.0,100670.0
20230220:0000,25.2,90.15,376.15,701.87,134.0,403.9,2.34,275.0,100740.0
20230220:0100,26.74,84.55,615.0,832.59,138.7,408.85,2.34,288.0,100830.0
20230220:0200,28.17,76.85,760.95,746.87,192.0,415.3,2.55,293.0,100850.0
20230220:0300,29.2,69.85,786.3,658.28,193.05,421.7,2.62,288.0,100810.0
20230220:0400,29.8,67.8,776.2,552.52,234.25,431.35,2.62,297.0,100750.0
20230220:0500,30.37,63.6,757.65,592.48,167.95,436.2,2.69,300.0,100650.0
20230220:0600,28.84,69.85,582.45,365.85,237.25,444.35,3.24,315.0,100570.0
20230220:0700,28.72,74.5,527.0,383.58,208.95,444.35,3.52,324.0,100530.0
20230220:0800,28.63,74.5,360.6,327.87,144.25,426.75,3.03,291.0,100490.0
20230220:0900,28.46,74.5,216.65,297.48,83.6,430.0,3.03,283.0,100480.0
20230220:1000,27.68,79.35,38.15,98.15,17.95,424.2,2.83,288.0,100520.0
20230220:1100,26.93,81.9,0.0,-0.0,0.0,426.15,2.76,304.0,100600.0
20230220:1200,26.46,84.55,0.0,-0.0,0.0,428.65,2.9,301.0,100670.0
20230220:1300,26.03,87.3,0.0,-0.0,0.0,417.45,3.03,294.0,100750.0
20230220:1400,25.79,87.3,0.0,-0.0,0.0,421.5,2.97,288.0,100830.0
20230220:1500,25.59,87.3,0.0,-0.0,0.0,421.3,2.69,277.0,100840.0
20230220:1600,25.43,87.3,0.0,-0.0,0.0,421.1,2.41,269.0,100810.0
20230220:1700,25.13,90.15,0.0,-0.0,0.0,413.2,2.34,271.0,100750.0
20230220:1800,24.92,90.15,0.0,-0.0,0.0,414.35,2.41,275.0,100700.0
20230220:1900,24.85,93.15,0.0,-0.0,0.0,414.55,2.0,275.0,100690.0
20230220:2000,24.64,93.1,0.0,-0.0,0.0,410.1,2.0,272.0,100670.0
20230220:2100,24.42,93.1,0.0,-0.0,0.0,409.1,2.07,282.0,100730.0
20230220:2200,24.36,93.1,0.0,-0.0,0.0,410.3,1.93,278.0,100750.0
20230220:2300,24.34,93.1,131.55,660.95,68.05,410.85,2.28,271.0,100800.0
20230221:0000,25.4,90.2,311.75,548.76,122.45,418.8,2.76,285.0,100870.0
20230221:0100,26.29,84.55,565.75,674.88,179.55,413.5,3.52,292.0,100930.0
20230221:0200,27.15,84.6,738.25,726.53,184.55,423.25,3.24,294.0,100920.0
20230221:0300,28.47,74.5,735.75,530.81,257.15,432.15,3.31,288.0,100840.0
20230221:0400,29.05,72.15,867.45,667.69,212.25,434.45,3.66,296.0,100750.0
20230221:0500,29.68,69.95,747.1,461.8,287.3,433.9,4.28,306.0,100690.0
20230221:0600,29.01,72.15,676.45,388.39,309.9,437.0,5.1,314.0,100590.0
20230221:0700,29.33,69.95,412.9,280.66,180.2,431.55,3.79,306.0,100580.0
20230221:0800,29.37,69.95,307.0,235.76,151.5,435.45,3.03,300.0,100520.0
20230221:0900,28.64,74.5,119.95,97.84,76.25,434.65,3.17,296.0,100540.0
20230221:1000,26.73,84.55,26.35,45.15,17.1,428.45,2.9,270.0,100620.0
20230221:1100,26.21,87.3,0.0,-0.0,0.0,426.9,2.21,266.0,100690.0
20230221:1200,26.14,87.3,0.0,-0.0,0.0,427.7,1.93,284.0,100740.0
20230221:1300,25.99,90.2,0.0,-0.0,0.0,423.25,1.03,275.0,100850.0
20230221:1400,25.68,90.2,0.0,-0.0,0.0,421.1,0.97,277.0,100890.0
20230221:1500,25.48,90.2,0.0,-0.0,0.0,421.9,1.59,255.0,100940.0
20230221:1600,25.35,90.2,0.0,-0.0,0.0,424.4,1.86,251.0,100900.0
20230221:1700,24.97,90.15,0.0,-0.0,0.0,426.55,2.28,260.0,100800.0
20230221:1800,25.09,90.15,0.0,-0.0,0.0,424.2,1.86,278.0,100750.0
20230221:1900,24.26,93.1,0.0,-0.0,0.0,425.4,2.41,268.0,100740.0
20230221:2000,24.21,96.2,0.0,-0.0,0.0,426.35,2.14,268.0,100720.0
20230221:2100,24.34,93.1,0.0,-0.0,0.0,426.15,2.41,265.0,100740.0
20230221:2200,24.36,93.1,0.0,-0.0,0.0,424.8,2.48,266.0,100720.0
20230221:2300,24.36,93.1,75.2,108.62,64.8,420.35,2.41,263.0,100730.0
20230222:0000,24.92,93.15,265.3,280.91,168.4,418.8,2.28,275.0,100770.0
20230222:0100,26.17,87.3,525.95,565.47,202.25,420.05,3.03,284.0,100850.0
20230222:0200,27.56,81.95,722.25,761.61,141.55,424.6,3.59,285.0,100850.0
20230222:0300,28.58,79.5,773.7,608.61,224.7,430.0,4.21,298.0,100820.0
20230222:0400,28.49,79.5,643.0,441.58,209.5,434.85,4.97,309.0,100740.0
20230222:0500,28.06,82.05,682.25,438.52,245.5,431.2,4.97,315.0,100620.0
20230222:0600,27.95,79.4,445.15,311.05,151.55,425.2,5.31,296.0,100600.0
20230222:0700,27.82,76.85,448.75,293.17,205.7,426.75,4.97,285.0,100600.0
20230222:0800,28.21,79.4,359.5,358.85,122.95,430.0,4.07,281.0,100490.0
20230222:0900,28.24,76.85,127.6,95.86,84.85,423.45,4.0,283.0,100500.0
20230222:1000,26.78,84.6,11.95,0.0,11.95,428.45,3.72,291.0,100580.0
20230222:1100,26.19,90.2,0.0,-0.0,0.0,428.65,2.97,290.0,100630.0
20230222:1200,25.86,90.2,0.0,-0.0,0.0,419.2,2.41,293.0,100700.0
20230222:1300,25.71,93.15,0.0,-0.0,0.0,418.4,2.34,292.0,100770.0
20230222:1400,25.55,90.2,0.0,-0.0,0.0,418.4,2.69,291.0,100800.0
20230222:1500,25.43,90.2,0.0,-0.0,0.0,420.35,3.24,294.0,100850.0
20230222:1600,25.17,93.15,0.0,-0.0,0.0,418.6,3.45,289.0,100820.0
20230222:1700,25.14,90.15,0.0,-0.0,0.0,419.95,3.38,280.0,100710.0
20230222:1800,24.88,90.15,0.0,-0.0,0.0,419.55,3.79,279.0,100640.0
20230222:1900,24.64,93.1,0.0,-0.0,0.0,420.35,3.45,270.0,100600.0
20230222:2000,24.4,93.1,0.0,-0.0,0.0,413.4,3.38,278.0,100550.0
20230222:2100,24.25,93.1,0.0,-0.0,0.0,413.4,3.38,278.0,100580.0
20230222:2200,24.26,93.1,0.0,-0.0,0.0,412.2,3.45,274.0,100660.0
20230222:2300,24.17,96.2,95.85,222.59,74.6,414.95,3.31,280.0,100700.0
20230223:0000,24.92,90.15,222.4,200.02,153.4,411.45,3.17,285.0,100780.0
20230223:0100,25.8,87.3,364.55,188.59,256.55,424.5,3.79,285.0,100840.0
20230223:0200,26.48,87.35,548.95,327.87,298.85,427.3,4.14,283.0,100810.0
20230223:0300,27.62,81.95,799.55,538.92,313.2,424.4,4.9,282.0,100750.0
20230223:0400,29.1,72.15,584.7,308.33,281.9,427.1,5.38,291.0,100650.0
20230223:0500,27.33,76.8,475.3,186.8,289.2,443.0,5.38,297.0,100630.0
20230223:0600,27.5,79.35,502.45,245.18,271.0,435.65,4.69,292.0,100510.0
20230223:0700,28.06,76.85,363.3,149.24,239.6,426.35,5.17,279.0,100520.0
20230223:0800,28.24,76.85,222.65,84.48,167.0,430.6,4.41,282.0,100400.0
20230223:0900,27.34,76.8,97.35,36.16,81.25,424.6,4.41,287.0,100450.0
20230223:1000,26.71,81.85,11.75,8.88,9.95,427.1,3.59,277.0,100470.0
20230223:1100,26.28,84.55,0.0,-0.0,0.0,428.3,2.9,269.0,100490.0
20230223:1200,25.9,84.5,0.0,-0.0,0.0,413.0,3.17,274.0,100530.0
20230223:1300,25.78,84.5,0.0,-0.0,0.0,415.7,3.1,277.0,100640.0
20230223:1400,25.74,87.3,0.0,-0.0,0.0,425.55,2.9,278.0,100670.0
20230223:1500,25.6,87.3,0.0,-0.0,0.0,424.6,2.97,282.0,100690.0
20230223:1600,25.44,87.3,0.0,-0.0,0.0,422.3,3.52,285.0,100710.0
20230223:1700,25.35,87.3,0.0,-0.0,0.0,420.55,3.93,281.0,100650.0
20230223:1800,25.24,87.3,0.0,-0.0,0.0,420.9,3.72,285.0,100590.0
20230223:1900,25.39,87.3,0.0,-0.0,0.0,427.5,3.31,282.0,100580.0
20230223:2000,25.21,90.15,0.0,-0.0,0.0,424.2,3.72,273.0,100550.0
20230223:2100,24.96,90.15,0.0,-0.0,0.0,417.85,3.45,272.0,100530.0
20230223:2200,24.69,93.1,0.0,-0.0,0.0,408.15,3.31,276.0,100570.0
20230223:2300,24.6,93.1,159.75,1031.79,61.5,404.45,3.17,279.0,100640.0
20230224:0000,25.58,87.3,371.45,731.3,119.15,407.0,3.52,285.0,100700.0
20230224:0100,26.76,79.3,622.1,828.52,147.45,411.15,4.48,280.0,100770.0
20230224:0200,28.09,74.4,713.4,652.16,215.7,417.25,5.45,281.0,100800.0
20230224:0300,28.92,69.85,732.15,517.15,265.25,428.65,5.79,286.0,100770.0
20230224:0400,29.35,67.7,703.6,427.72,283.4,431.0,6.21,295.0,100720.0
20230224:0500,27.96,74.4,550.2,209.09,341.85,431.55,7.1,302.0,100650.0
20230224:0600,27.09,79.3,435.45,184.85,260.95,436.8,5.86,297.0,100690.0
20230224:0700,27.28,79.35,403.2,170.46,261.95,431.0,5.1,286.0,100570.0
20230224:0800,27.94,74.4,260.75,160.73,154.95,423.05,5.38,273.0,100570.0
20230224:0900,27.84,74.4,91.15,49.17,69.3,425.95,4.41,266.0,100570.0
20230224:1000,27.39,76.8,19.95,19.58,16.0,430.8,3.86,271.0,100580.0
20230224:1100,26.88,79.3,0.0,-0.0,0.0,427.1,4.0,274.0,100680.0
20230224:1200,26.48,81.85,0.0,-0.0,0.0,425.75,4.0,273.0,100750.0
20230224:1300,26.23,84.5,0.0,-0.0,0.0,429.25,3.86,276.0,100840.0
20230224:1400,25.99,84.5,0.0,-0.0,0.0,428.1,3.79,282.0,100880.0
20230224:1500,25.71,87.3,0.0,-0.0,0.0,417.45,3.79,284.0,100940.0
20230224:1600,25.49,87.3,0.0,-0.0,0.0,414.9,3.79,281.0,100900.0
20230224:1700,25.21,90.15,0.0,-0.0,0.0,415.9,3.72,276.0,100870.0
20230224:1800,24.85,90.15,0.0,-0.0,0.0,415.1,3.1,278.0,100780.0
20230224:1900,24.96,90.15,0.0,-0.0,0.0,413.95,2.48,290.0,100780.0
20230224:2000,24.92,90.15,0.0,-0.0,0.0,419.55,2.76,285.0,100790.0
20230224:2100,24.83,90.15,0.0,-0.0,0.0,417.25,2.83,278.0,100790.0
20230224:2200,24.77,90.15,0.0,-0.0,0.0,420.75,2.76,275.0,100790.0
20230224:2300,24.67,93.1,141.3,705.64,74.25,408.75,2.76,286.0,100800.0
20230225:0000,25.64,87.3,365.95,690.73,127.6,409.5,3.17,285.0,100880.0
20230225:0100,26.86,79.3,593.6,741.8,168.45,410.6,3.93,281.0,100960.0
20230225:0200,28.03,74.4,712.5,621.54,237.95,415.3,5.1,282.0,100960.0
20230225:0300,28.76,74.5,881.3,674.32,272.25,422.65,5.17,288.0,100930.0
20230225:0400,29.58,72.25,794.95,558.24,246.35,425.95,5.45,290.0,100870.0
20230225:0500,29.83,70.0,717.45,440.08,278.85,431.95,5.79,294.0,100750.0
20230225:0600,30.12,70.0,611.9,355.78,276.05,440.85,5.52,296.0,100670.0
20230225:0700,29.9,67.8,481.6,309.16,225.5,440.85,6.07,290.0,100610.0
20230225:0800,28.19,74.4,161.7,59.07,122.85,427.9,5.31,289.0,100640.0
20230225:0900,27.5,79.35,106.75,100.9,62.0,434.1,3.86,275.0,100630.0
20230225:1000,27.31,79.35,17.7,17.46,14.2,431.95,3.17,279.0,100670.0
20230225:1100,26.99,79.3,0.0,-0.0,0.0,430.6,3.1,282.0,100740.0
20230225:1200,26.77,79.3,0.0,-0.0,0.0,432.15,3.17,284.0,100800.0
20230225:1300,26.53,81.85,0.0,-0.0,0.0,428.3,3.24,290.0,100870.0
20230225:1400,26.32,81.85,0.0,-0.0,0.0,427.3,3.17,288.0,100930.0
20230225:1500,26.15,84.5,0.0,-0.0,0.0,428.45,2.97,284.0,100950.0
20230225:1600,25.92,84.5,0.0,-0.0,0.0,426.55,3.03,281.0,100940.0
20230225:1700,25.53,87.3,0.0,-0.0,0.0,423.05,3.24,281.0,100880.0
20230225:1800,25.39,87.3,0.0,-0.0,0.0,425.95,3.59,291.0,100850.0
20230225:1900,24.85,87.25,0.0,-0.0,0.0,424.2,4.0,277.0,100800.0
20230225:2000,24.71,90.1,0.0,-0.0,0.0,419.55,3.86,270.0,100770.0
20230225:2100,24.58,90.1,0.0,-0.0,0.0,416.1,3.72,270.0,100800.0
20230225:2200,24.41,90.1,0.0,-0.0,0.0,413.2,3.45,277.0,100830.0
20230225:2300,24.26,90.1,74.7,47.97,70.15,412.6,3.03,284.0,100880.0
20230226:0000,24.89,90.15,244.2,220.76,168.0,415.5,2.97,284.0,100930.0
20230226:0100,25.8,84.5,516.05,496.78,231.2,420.45,3.45,281.0,100920.0
20230226:0200,27.42,76.8,710.65,564.64,279.35,413.55,4.76,284.0,100930.0
20230226:0300,28.5,72.1,723.6,432.12,333.15,423.45,5.93,294.0,100920.0
20230226:0400,28.76,72.1,639.0,370.14,275.15,429.25,6.28,299.0,100880.0
20230226:0500,28.63,72.1,420.3,114.67,306.0,434.45,6.28,288.0,100800.0
20230226:0600,28.46,72.1,533.2,366.61,187.15,435.05,5.93,287.0,100720.0
20230226:0700,28.43,72.1,351.65,147.27,229.7,431.4,5.93,284.0,100700.0
20230226:0800,28.39,72.1,324.95,291.99,133.1,434.1,5.03,286.0,100630.0
20230226:0900,27.62,76.8,141.3,128.0,84.65,425.75,5.17,287.0,100640.0
20230226:1000,26.53,81.85,22.05,27.6,16.55,419.95,3.59,280.0,100690.0
20230226:1100,26.04,84.5,0.0,-0.0,0.0,423.25,2.9,279.0,100750.0
20230226:1200,25.63,87.3,0.0,-0.0,0.0,414.55,3.03,275.0,100850.0
20230226:1300,25.48,87.3,0.0,-0.0,0.0,417.65,2.97,277.0,100920.0
20230226:1400,25.35,87.3,0.0,-0.0,0.0,419.75,2.9,284.0,100980.0
20230226:1500,25.18,90.15,0.0,-0.0,0.0,419.95,2.69,287.0,100990.0
20230226:1600,25.08,90.15,0.0,-0.0,0.0,422.45,2.97,287.0,100920.0
20230226:1700,24.99,90.15,0.0,-0.0,0.0,420.9,3.38,294.0,100880.0
20230226:1800,24.83,90.15,0.0,-0.0,0.0,415.7,3.72,293.0,100860.0
20230226:1900,24.59,93.1,0.0,-0.0,0.0,421.9,3.66,286.0,100840.0
20230226:2000,24.21,96.2,0.0,-0.0,0.0,425.95,3.66,281.0,100780.0
20230226:2100,24.02,96.2,0.0,-0.0,0.0,420.9,4.0,277.0,100820.0
20230226:2200,23.89,96.2,0.0,-0.0,0.0,420.9,3.72,276.0,100830.0
20230226:2300,23.85,96.2,52.15,7.92,51.4,418.0,3.45,272.0,100890.0
20230227:0000,24.15,96.2,204.85,301.77,100.65,423.45,3.38,270.0,100930.0
20230227:0100,25.03,93.15,180.3,99.71,123.1,420.05,3.79,272.0,101020.0
20230227:0200,25.75,87.3,244.9,63.2,196.6,426.9,4.14,279.0,101050.0
20230227:0300,25.93,87.3,258.25,65.44,199.1,431.0,4.14,284.0,101020.0
20230227:0400,26.09,87.3,230.75,5.03,225.8,429.05,4.28,276.0,100970.0
20230227:0500,25.83,87.3,303.95,77.59,226.6,433.3,4.41,274.0,100870.0
20230227:0600,26.38,84.55,217.0,5.14,212.15,429.25,4.83,280.0,100800.0
20230227:0700,27.16,81.9,200.5,32.8,173.35,436.2,4.14,279.0,100760.0
20230227:0800,25.95,84.5,181.95,102.69,114.55,430.0,4.97,284.0,100750.0
20230227:0900,25.35,87.3,62.65,27.51,50.5,429.85,4.21,281.0,100760.0
20230227:1000,25.02,90.15,21.45,20.96,17.3,426.75,4.21,276.0,100780.0
20230227:1100,24.66,93.1,0.0,-0.0,0.0,421.3,3.72,269.0,100830.0
20230227:1200,24.43,93.1,0.0,-0.0,0.0,418.2,3.17,265.0,100890.0
20230227:1300,24.31,93.1,0.0,-0.0,0.0,419.4,3.03,265.0,100960.0
20230227:1400,24.2,96.2,0.0,-0.0,0.0,419.4,2.9,262.0,101000.0
20230227:1500,24.17,96.2,0.0,-0.0,0.0,424.8,2.9,267.0,101020.0
20230227:1600,24.11,96.2,0.0,-0.0,0.0,423.65,2.9,268.0,100990.0
20230227:1700,24.17,96.2,0.0,-0.0,0.0,425.0,2.9,266.0,100930.0
20230227:1800,24.08,96.2,0.0,-0.0,0.0,424.4,2.9,267.0,100850.0
20230227:1900,24.31,93.1,0.0,-0.0,0.0,421.7,2.55,274.0,100840.0
20230227:2000,24.09,93.1,0.0,-0.0,0.0,412.8,2.76,282.0,100800.0
20230227:2100,24.04,93.1,0.0,-0.0,0.0,418.0,2.9,286.0,100830.0
20230227:2200,23.95,93.1,0.0,-0.0,0.0,420.15,2.83,284.0,100870.0
20230227:2300,23.88,93.1,33.25,50.19,28.5,421.1,2.76,283.0,100920.0
20230228:0000,24.07,96.2,171.55,142.72,122.25,422.45,2.62,278.0,100980.0
20230228:0100,24.85,90.15,165.45,48.52,137.6,420.85,2.62,272.0,101010.0
20230228:0200,25.46,87.3,167.35,0.0,167.35,424.0,2.97,269.0,101040.0
20230228:0300,25.9,84.5,278.0,14.71,264.7,427.1,2.97,268.0,100980.0
20230228:0400,26.5,81.85,542.5,171.43,373.9,429.85,2.9,275.0,100920.0
20230228:0500,27.8,74.4,680.9,324.1,357.8,428.45,3.45,286.0,100840.0
20230228:0600,28.56,72.1,544.55,259.06,300.1,431.4,4.07,290.0,100750.0
20230228:0700,28.95,67.6,268.8,62.68,216.95,438.55,5.38,290.0,100710.0
20230228:0800,28.1,74.4,91.1,7.25,86.35,437.35,4.21,285.0,100700.0
20230228:0900,27.32,74.3,59.8,7.72,56.4,436.2,3.79,287.0,100730.0
20230228:1000,26.81,76.7,10.15,6.1,8.95,431.55,3.31,289.0,100790.0
20230228:1100,26.21,84.5,0.0,-0.0,0.0,427.7,2.83,276.0,100840.0
20230228:1200,25.77,84.5,0.0,-0.0,0.0,425.2,2.69,264.0,100910.0
20230228:1300,25.46,87.3,0.0,-0.0,0.0,427.5,2.41,254.0,100990.0
20230228:1400,25.22,90.15,0.0,-0.0,0.0,424.2,1.79,265.0,101010.0
20230228:1500,24.98,90.15,0.0,-0.0,0.0,424.4,2.14,283.0,101040.0
20230228:1600,23.19,98.79,0.0,-0.0,0.0,407.18,2.19,277.0,100980.0
20230228:1700,23.53,97.51,0.0,-0.0,0.0,409.6,2.3,279.0,100910.0
20230228:1800,23.88,96.22,0.0,-0.0,0.0,412.02,2.42,280.0,100830.0
20230228:1900,24.23,94.93,0.0,-0.0,0.0,414.44,2.54,279.0,100830.0
20230228:2000,24.58,93.64,0.0,-0.0,0.0,416.86,2.65,278.0,100800.0
20230228:2100,24.93,92.36,0.0,-0.0,0.0,419.28,2.77,281.0,100800.0
20230228:2200,25.28,91.07,0.0,-0.0,0.0,421.7,2.89,285.0,100800.0
20230228:2300,25.62,89.78,43.2,0.0,43.2,424.12,3.0,284.0,100850.0
20160301:0000,25.97,88.49,96.45,26.17,87.4,426.54,3.12,270.0,100990.0
20160301:0100,26.32,87.21,135.65,2.44,134.25,428.97,3.23,266.0,101060.0
20160301:0200,26.67,85.92,266.2,114.48,178.6,431.39,3.35,266.0,101080.0
20160301:0300,27.02,84.63,411.0,157.17,268.8,433.81,3.47,273.0,101040.0
20160301:0400,27.36,83.34,472.15,145.25,329.25,436.23,3.58,288.0,100980.0
20160301:0500,27.71,82.06,368.55,114.31,254.6,438.65,3.7,301.0,100910.0
20160301:0600,28.06,80.77,350.8,91.56,264.45,441.07,3.82,305.0,100780.0
20160301:0700,28.41,79.48,192.65,10.59,183.9,443.49,3.93,301.0,100780.0
20160301:0800,27.31,81.9,166.95,23.32,151.7,438.15,4.14,287.0,100710.0
20160301:0900,27.24,84.6,109.6,49.06,88.1,430.8,3.31,281.0,100740.0
20160301:1000,26.52,84.55,15.75,2.58,15.25,430.6,3.52,282.0,100780.0
20160301:1100,26.07,87.3,0.0,-0.0,0.0,430.4,2.76,277.0,100840.0
20160301:1200,25.88,87.3,0.0,-0.0,0.0,425.55,2.48,275.0,100960.0
20160301:1300,25.82,90.2,0.0,-0.0,0.0,429.85,2.34,276.0,101020.0
20160301:1400,25.82,90.2,0.0,-0.0,0.0,426.35,2.34,281.0,101090.0
20160301:1500,25.82,90.2,0.0,-0.0,0.0,430.4,2.21,283.0,101120.0
20160301:1600,25.86,87.3,0.0,-0.0,0.0,432.75,2.14,281.0,101130.0
20160301:1700,25.73,93.15,0.0,-0.0,0.0,433.5,2.14,270.0,101050.0
20160301:1800,25.44,90.2,0.0,-0.0,0.0,432.75,2.34,267.0,100960.0
20160301:1900,25.43,90.2,0.0,-0.0,0.0,432.35,2.0,256.0,100910.0
20160301:2000,25.4,90.2,0.0,-0.0,0.0,431.55,2.0,267.0,100890.0
20160301:2100,25.56,90.2,0.0,-0.0,0.0,431.0,2.21,270.0,100930.0
20160301:2200,25.51,90.2,0.0,-0.0,0.0,431.4,2.21,269.0,100950.0
20160301:2300,25.45,90.2,110.45,588.79,54.75,425.4,2.07,268.0,100990.0
20160302:0000,26.32,90.2,282.1,433.93,131.95,417.25,2.0,274.0,101070.0
20160302:0100,27.29,81.9,247.55,122.9,176.9,431.3,2.28,278.0,101160.0
20160302:0200,27.63,81.95,500.75,355.78,228.4,433.3,2.9,289.0,101210.0
20160302:0300,28.09,79.4,764.45,561.92,255.9,435.65,3.1,292.0,101180.0
20160302:0400,28.86,79.5,733.15,441.26,299.0,431.75,3.1,285.0,101110.0
20160302:0500,29.49,77.1,671.35,403.26,269.4,442.2,3.17,285.0,101010.0
20160302:0600,29.94,74.7,553.35,257.77,310.35,441.45,3.24,298.0,100890.0
20160302:0700,29.29,77.0,382.7,157.37,252.8,439.9,3.72,293.0,100820.0
20160302:0800,28.26,79.4,117.15,1.07,116.45,433.9,3.31,294.0,100850.0
20160302:0900,27.45,84.65,72.45,0.46,72.25,438.75,2.21,310.0,100900.0
20160302:1000,27.11,90.25,9.3,0.0,9.3,431.75,1.59,309.0,100920.0
20160302:1100,26.83,93.2,0.0,-0.0,0.0,432.55,1.52,309.0,101000.0
20160302:1200,26.56,93.2,0.0,-0.0,0.0,432.35,1.93,295.0,101080.0
20160302:1300,26.41,93.2,0.0,-0.0,0.0,430.4,1.86,283.0,101120.0
20160302:1400,26.33,93.2,0.0,-0.0,0.0,424.2,1.52,283.0,101180.0
20160302:1500,26.11,93.2,0.0,-0.0,0.0,425.95,1.38,267.0,101210.0
20160302:1600,25.83,96.25,0.0,-0.0,0.0,424.6,1.31,242.0,101160.0
20160302:1700,25.59,96.25,0.0,-0.0,0.0,422.65,1.52,239.0,101090.0
20160302:1800,25.4,96.25,0.0,-0.0,0.0,420.15,1.59,234.0,101030.0
20160302:1900,25.66,96.25,0.0,-0.0,0.0,428.85,1.72,232.0,101010.0
20160302:2000,25.44,96.25,0.0,-0.0,0.0,420.75,1.86,226.0,100990.0
20160302:2100,25.29,96.2,0.0,-0.0,0.0,419.75,1.86,224.0,101020.0
20160302:2200,25.25,96.2,0.0,-0.0,0.0,425.0,1.79,224.0,101070.0
20160302:2300,25.15,96.2,80.55,270.98,54.9,421.9,1.52,229.0,101100.0
20160303:0000,25.91,93.2,271.55,331.69,156.7,425.4,0.97,245.0,101120.0
20160303:0100,27.37,84.65,455.1,531.08,149.65,426.25,0.9,267.0,101190.0
20160303:0200,28.33,82.05,545.45,452.33,199.05,428.65,0.0,0.0,101230.0
20160303:0300,29.04,77.0,509.45,239.11,293.0,430.2,0.0,0.0,101180.0
20160303:0400,29.52,74.65,547.65,269.62,282.35,439.5,2.21,287.0,101080.0
20160303:0500,30.07,72.35,511.6,185.23,327.0,443.75,1.45,278.0,100980.0
20160303:0600,30.26,70.0,684.9,499.16,214.55,447.05,0.69,309.0,100870.0
20160303:0700,30.24,74.7,440.95,313.5,182.4,436.6,1.86,300.0,100820.0
20160303:0800,29.91,74.7,275.3,214.83,135.25,439.9,1.45,284.0,100810.0
20160303:0900,28.8,82.1,133.6,119.13,81.7,435.05,1.17,272.0,100810.0
20160303:1000,27.99,84.7,23.8,46.41,14.95,439.5,1.45,282.0,100850.0
20160303:1100,27.46,87.45,0.0,-0.0,0.0,434.3,1.72,279.0,100890.0
20160303:1200,26.89,87.4,0.0,-0.0,0.0,429.65,0.76,318.0,100980.0
20160303:1300,26.71,90.25,0.0,-0.0,0.0,431.95,0.41,22.0,101070.0
20160303:1400,26.44,90.25,0.0,-0.0,0.0,430.6,0.34,36.0,101140.0
20160303:1500,26.12,93.2,0.0,-0.0,0.0,438.55,0.41,276.0,101160.0
20160303:1600,25.94,93.2,0.0,-0.0,0.0,437.55,1.1,237.0,101140.0
20160303:1700,25.61,96.25,0.0,-0.0,0.0,426.35,1.17,219.0,100990.0
20160303:1800,25.62,93.15,0.0,-0.0,0.0,423.85,1.31,215.0,100890.0
20160303:1900,25.38,93.15,0.0,-0.0,0.0,413.0,1.31,242.0,100800.0
20160303:2000,25.05,96.2,0.0,-0.0,0.0,411.65,1.24,240.0,100810.0
20160303:2100,24.86,93.15,0.0,-0.0,0.0,412.8,1.31,243.0,100850.0
20160303:2200,24.58,96.2,0.0,-0.0,0.0,413.4,0.97,234.0,100850.0
20160303:2300,24.69,96.2,154.25,1067.61,53.1,415.1,1.03,241.0,100890.0
20160304:0000,26.35,93.2,356.65,715.26,108.8,415.9,0.62,250.0,100940.0
20160304:0100,27.45,84.65,576.7,822.03,103.65,420.65,0.07,206.0,100990.0
20160304:0200,28.74,79.5,805.35,883.24,128.7,425.75,0.55,94.0,101000.0
20160304:0300,29.87,74.65,916.45,845.99,150.45,428.65,1.17,54.0,100940.0
20160304:0400,30.36,72.35,772.0,545.58,235.15,432.75,1.93,31.0,100850.0
20160304:0500,30.19,72.35,668.35,396.38,273.4,445.3,1.45,22.0,100770.0
20160304:0600,30.06,72.35,589.25,371.31,239.55,438.15,1.17,0.0,100690.0
20160304:0700,29.86,74.65,531.25,412.65,191.25,436.8,1.17,0.0,100590.0
20160304:0800,29.82,74.65,339.1,285.25,153.45,437.75,0.83,295.0,100620.0
20160304:0900,28.99,74.55,83.55,20.84,74.5,441.65,0.97,89.0,100620.0
20160304:1000,27.65,84.65,20.05,10.84,18.0,431.95,0.97,101.0,100720.0
20160304:1100,27.33,84.6,0.0,-0.0,0.0,429.05,0.83,305.0,100760.0
20160304:1200,27.11,84.6,0.0,-0.0,0.0,430.0,1.24,323.0,100850.0
20160304:1300,26.71,90.25,0.0,-0.0,0.0,423.05,1.17,322.0,100950.0
20160304:1400,26.26,93.2,0.0,-0.0,0.0,423.45,0.97,301.0,100960.0
20160304:1500,26.47,87.35,0.0,-0.0,0.0,434.1,1.45,269.0,100980.0
20160304:1600,26.26,90.2,0.0,-0.0,0.0,431.55,1.38,260.0,100970.0
20160304:1700,25.97,90.2,0.0,-0.0,0.0,428.45,1.31,252.0,100890.0
20160304:1800,25.64,93.15,0.0,-0.0,0.0,426.9,1.1,236.0,100810.0
20160304:1900,25.43,93.15,0.0,-0.0,0.0,436.4,1.45,244.0,100780.0
20160304:2000,25.39,93.15,0.0,-0.0,0.0,435.45,1.1,223.0,100760.0
20160304:2100,25.13,96.2,0.0,-0.0,0.0,428.1,0.76,194.0,100840.0
20160304:2200,25.2,96.2,0.0,-0.0,0.0,429.65,0.9,200.0,100870.0
20160304:2300,25.19,96.2,90.6,303.59,61.8,423.05,1.45,184.0,100900.0
20160305:0000,25.8,93.15,341.45,628.05,123.65,420.9,1.31,171.0,100950.0
20160305:0100,26.92,84.6,532.35,646.51,160.1,422.0,0.83,193.0,101000.0
20160305:0200,28.1,79.4,742.0,738.53,176.0,426.35,0.83,240.0,100990.0
20160305:0300,28.99,77.0,740.45,542.45,249.2,434.65,0.76,350.0,100980.0
20160305:0400,29.4,77.1,597.95,299.55,303.2,439.1,1.45,15.0,100920.0
20160305:0500,29.37,82.15,462.85,188.12,275.45,445.1,1.24,30.0,100780.0
20160305:0600,28.79,82.1,512.85,268.04,260.55,442.0,1.03,100.0,100690.0
20160305:0700,28.67,82.1,390.75,185.76,237.85,436.4,1.38,346.0,100700.0
20160305:0800,28.48,82.1,175.6,38.71,150.45,440.85,1.17,321.0,100720.0
20160305:0900,27.27,87.4,42.9,0.0,42.9,437.55,0.83,311.0,100700.0
20160305:1000,26.77,90.25,7.25,0.0,7.25,437.55,0.34,296.0,100760.0
20160305:1100,26.71,90.25,0.0,-0.0,0.0,437.35,0.14,124.0,100830.0
20160305:1200,26.45,93.2,0.0,-0.0,0.0,433.7,0.48,76.0,100940.0
20160305:1300,26.4,93.2,0.0,-0.0,0.0,433.9,0.48,127.0,101000.0
20160305:1400,26.36,90.25,0.0,-0.0,0.0,435.05,1.03,189.0,101070.0
20160305:1500,26.25,93.2,0.0,-0.0,0.0,432.15,0.97,204.0,101070.0
20160305:1600,25.84,96.25,0.0,-0.0,0.0,431.95,1.17,226.0,101050.0
20160305:1700,25.68,96.25,0.0,-0.0,0.0,432.55,1.17,201.0,100970.0
20160305:1800,25.84,93.15,0.0,-0.0,0.0,428.65,1.17,202.0,100880.0
20160305:1900,25.77,96.25,0.0,-0.0,0.0,425.75,1.24,195.0,100850.0
20160305:2000,25.56,93.15,0.0,-0.0,0.0,423.65,1.38,188.0,100820.0
20160305:2100,25.17,96.2,0.0,-0.0,0.0,420.75,0.97,210.0,100900.0
20160305:2200,25.38,93.15,0.0,-0.0,0.0,428.65,1.1,234.0,100920.0
20160305:2300,25.24,96.2,102.0,400.46,63.95,422.1,0.9,229.0,100960.0
20160306:0000,26.57,90.25,249.2,308.86,142.0,424.4,0.76,258.0,101020.0
20160306:0100,27.33,84.6,342.0,257.68,193.55,425.3,0.62,308.0,101100.0
20160306:0200,28.04,79.4,401.3,175.37,266.85,429.25,1.17,350.0,101150.0
20160306:0300,28.45,76.95,538.35,238.64,322.2,436.2,1.1,349.0,101120.0
20160306:0400,28.81,76.95,487.4,134.46,355.1,436.8,1.24,352.0,101040.0
20160306:0500,28.48,79.5,495.8,151.08,345.35,439.1,1.24,332.0,100940.0
20160306:0600,28.8,79.5,351.45,91.21,265.65,436.8,0.55,286.0,100850.0
20160306:0700,28.54,79.5,199.9,52.24,156.95,435.25,0.62,252.0,100790.0
20160306:0800,28.4,79.5,133.55,24.9,117.4,437.55,0.55,224.0,100720.0
20160306:0900,28.27,82.05,74.6,9.39,70.55,433.9,1.1,196.0,100720.0
20160306:1000,27.84,84.65,15.0,0.54,14.9,429.05,0.76,143.0,100770.0
20160306:1100,27.44,84.65,0.0,-0.0,0.0,425.4,1.03,135.0,100820.0
20160306:1200,26.84,93.2,0.0,-0.0,0.0,424.2,0.9,125.0,100890.0
20160306:1300,26.52,93.2,0.0,-0.0,0.0,423.45,0.76,129.0,100980.0
20160306:1400,26.69,90.25,0.0,-0.0,0.0,426.55,0.55,174.0,101020.0
20160306:1500,25.98,93.2,0.0,-0.0,0.0,427.3,0.97,234.0,101040.0
20160306:1600,25.84,96.25,0.0,-0.0,0.0,425.55,1.1,239.0,101020.0
20160306:1700,25.9,93.2,0.0,-0.0,0.0,430.8,1.45,237.0,100920.0
20160306:1800,25.8,96.25,0.0,-0.0,0.0,423.45,1.86,235.0,100870.0
20160306:1900,26.18,93.2,0.0,-0.0,0.0,436.6,1.52,234.0,100840.0
20160306:2000,26.1,90.2,0.0,-0.0,0.0,433.3,1.59,241.0,100810.0
20160306:2100,25.96,93.2,0.0,-0.0,0.0,434.65,1.24,244.0,100830.0
20160306:2200,25.8,96.25,0.0,-0.0,0.0,431.2,1.17,224.0,100800.0
20160306:2300,25.74,96.25,126.95,628.18,67.15,427.3,1.24,219.0,100860.0
20160307:0000,26.82,93.2,335.6,614.89,122.0,425.2,0.83,232.0,100900.0
20160307:0100,28.0,82.05,579.25,731.41,157.65,426.45,0.41,263.0,100980.0
20160307:0200,29.12,77.0,685.25,646.62,189.35,426.9,0.14,63.0,101010.0
20160307:0300,29.91,74.7,750.85,570.5,234.05,435.45,0.69,85.0,100980.0
20160307:0400,30.39,77.15,723.4,402.15,327.75,437.55,1.03,70.0,100900.0
20160307:0500,30.72,72.4,593.8,300.15,295.0,449.2,1.1,55.0,100810.0
20160307:0600,29.66,77.1,568.15,368.92,221.35,454.6,1.38,30.0,100650.0
20160307:0700,29.66,77.1,415.1,305.63,164.1,439.7,1.03,46.0,100640.0
20160307:0800,28.51,79.5,255.7,223.02,111.35,436.4,2.41,30.0,100590.0
20160307:0900,28.51,79.5,137.0,131.78,80.35,433.3,0.9,13.0,100640.0
20160307:1000,28.51,76.95,24.55,52.2,14.95,439.1,1.03,338.0,100650.0
20160307:1100,28.25,82.05,0.0,-0.0,0.0,428.85,0.97,290.0,100730.0
20160307:1200,27.68,87.45,0.0,-0.0,0.0,428.65,0.55,295.0,100780.0
20160307:1300,26.94,90.25,0.0,-0.0,0.0,421.3,0.83,271.0,100900.0
20160307:1400,26.82,90.25,0.0,-0.0,0.0,428.3,1.17,272.0,100960.0
20160307:1500,26.5,90.25,0.0,-0.0,0.0,423.25,1.31,270.0,101000.0
20160307:1600,26.16,93.2,0.0,-0.0,0.0,420.55,1.24,265.0,100980.0
20160307:1700,25.83,96.25,0.0,-0.0,0.0,422.3,1.03,248.0,100880.0
20160307:1800,25.8,93.15,0.0,-0.0,0.0,423.05,1.31,240.0,100780.0
20160307:1900,25.82,96.25,0.0,-0.0,0.0,423.65,0.9,228.0,100760.0
20160307:2000,25.79,96.25,0.0,-0.0,0.0,426.75,1.03,219.0,100700.0
20160307:2100,25.49,93.15,0.0,-0.0,0.0,417.05,1.17,221.0,100750.0
20160307:2200,25.57,93.15,0.0,-0.0,0.0,420.75,1.52,228.0,100770.0
20160307:2300,25.51,93.15,124.15,687.6,58.55,420.55,1.38,242.0,100830.0
20160308:0000,27.01,87.4,349.7,731.67,95.3,424.0,0.76,236.0,100880.0
20160308:0100,28.11,82.05,563.25,749.47,131.0,430.15,0.28,255.0,100950.0
20160308:0200,29.0,79.55,736.05,715.05,187.5,429.65,0.21,60.0,100950.0
20160308:0300,29.83,79.6,849.05,685.84,227.7,436.2,0.41,74.0,100900.0
20160308:0400,30.52,74.8,842.2,601.5,250.5,443.0,0.62,54.0,100810.0
20160308:0500,30.99,74.85,770.5,632.85,140.75,444.9,1.17,32.0,100710.0
20160308:0600,30.59,77.2,709.1,605.64,140.2,444.15,0.62,341.0,100630.0
20160308:0700,30.77,74.8,583.1,546.6,134.75,449.55,0.9,8.0,100540.0
20160308:0800,30.28,77.15,282.65,263.41,112.5,438.35,1.38,4.0,100530.0
20160308:0900,29.3,79.55,164.85,220.3,70.5,440.65,2.07,347.0,100540.0
20160308:1000,29.01,77.0,23.2,62.05,11.9,433.9,1.72,311.0,100600.0
20160308:1100,28.34,82.05,0.0,-0.0,0.0,426.35,0.97,257.0,100660.0
20160308:1200,27.82,87.45,0.0,-0.0,0.0,429.65,0.76,252.0,100770.0
20160308:1300,27.2,93.2,0.0,-0.0,0.0,426.9,0.76,239.0,100840.0
20160308:1400,26.67,93.2,0.0,-0.0,0.0,426.35,0.62,248.0,100880.0
20160308:1500,26.57,93.2,0.0,-0.0,0.0,429.45,0.9,276.0,100910.0
20160308:1600,26.5,93.2,0.0,-0.0,0.0,431.35,0.97,254.0,100890.0
20160308:1700,26.58,90.25,0.0,-0.0,0.0,432.55,1.52,229.0,100830.0
20160308:1800,26.14,90.2,0.0,-0.0,0.0,424.4,1.72,239.0,100740.0
20160308:1900,26.19,93.2,0.0,-0.0,0.0,423.25,1.45,212.0,100690.0
20160308:2000,25.96,93.2,0.0,-0.0,0.0,421.1,1.31,213.0,100630.0
20160308:2100,25.58,93.15,0.0,-0.0,0.0,415.5,1.17,224.0,100670.0
20160308:2200,25.38,93.15,0.0,-0.0,0.0,418.6,1.03,227.0,100730.0
20160308:2300,25.35,93.15,165.8,1223.86,48.75,415.5,0.97,228.0,100760.0
20160309:0000,27.33,87.4,388.75,893.32,77.85,413.55,0.62,236.0,100830.0
20160309:0100,28.3,82.05,639.2,942.2,95.5,417.95,0.34,255.0,100890.0
20160309:0200,29.47,74.65,788.65,852.19,134.7,424.4,0.34,326.0,100940.0
20160309:0300,30.48,70.1,824.4,725.7,166.9,433.3,0.69,356.0,100910.0
20160309:0400,31.06,70.2,802.8,537.14,274.5,437.0,1.52,12.0,100820.0
20160309:0500,30.88,72.4,610.1,343.39,268.55,444.9,1.31,31.0,100740.0
20160309:0600,29.43,77.1,720.2,598.83,158.15,447.45,2.55,29.0,100690.0
20160309:0700,31.12,70.2,573.25,478.59,181.2,446.65,1.38,2.0,100590.0
20160309:0800,31.12,70.2,364.8,334.95,148.9,443.95,1.03,12.0,100560.0
20160309:0900,30.32,72.35,154.3,160.79,85.7,439.3,0.34,26.0,100560.0
20160309:1000,29.26,74.55,23.15,26.63,18.35,439.5,0.14,341.0,100630.0
20160309:1100,28.52,82.1,0.0,-0.0,0.0,432.9,0.69,37.0,100730.0
20160309:1200,27.72,87.45,0.0,-0.0,0.0,429.05,1.24,20.0,100820.0
20160309:1300,27.78,84.65,0.0,-0.0,0.0,426.15,1.17,30.0,100870.0
20160309:1400,27.47,87.45,0.0,-0.0,0.0,426.15,0.76,17.0,100990.0
20160309:1500,26.95,90.25,0.0,-0.0,0.0,428.3,0.97,273.0,101050.0
20160309:1600,26.62,93.2,0.0,-0.0,0.0,426.9,1.17,240.0,101060.0
20160309:1700,26.65,90.25,0.0,-0.0,0.0,434.45,1.38,239.0,101000.0
20160309:1800,26.16,93.2,0.0,-0.0,0.0,427.3,1.31,248.0,100940.0
20160309:1900,26.85,90.25,0.0,-0.0,0.0,431.55,1.1,216.0,100830.0
20160309:2000,26.47,90.25,0.0,-0.0,0.0,428.3,0.97,206.0,100800.0
20160309:2100,26.04,93.2,0.0,-0.0,0.0,420.35,1.03,204.0,100870.0
20160309:2200,25.8,96.25,0.0,-0.0,0.0,419.0,1.24,206.0,100860.0
20160309:2300,25.74,96.25,144.7,1019.8,46.9,418.8,1.1,211.0,100930.0
20160310:0000,27.59,84.65,362.0,776.33,91.55,420.35,0.55,208.0,100980.0
20160310:0100,28.58,79.5,614.3,855.87,120.15,424.5,0.14,177.0,101070.0
20160310:0200,29.61,77.1,761.1,800.44,146.7,431.95,0.34,23.0,101090.0
20160310:0300,30.49,72.4,439.6,194.64,263.25,436.6,0.83,30.0,101090.0
20160310:0400,30.0,74.7,590.75,369.67,227.25,458.65,1.1,9.0,100960.0
20160310:0500,29.83,74.65,540.65,291.41,250.95,442.0,0.62,86.0,100920.0
20160310:0600,29.86,77.1,598.85,424.04,201.2,446.85,1.1,70.0,100770.0
20160310:0700,30.98,72.5,499.2,395.82,175.4,450.35,0.9,312.0,100650.0
20160310:0800,30.4,74.7,303.7,272.02,128.75,439.5,0.97,201.0,100670.0
20160310:0900,28.8,79.5,192.65,256.14,83.8,434.65,0.48,158.0,100670.0
20160310:1000,28.87,79.5,24.35,42.32,16.8,434.45,0.14,77.0,100740.0
20160310:1100,28.62,79.5,0.0,-0.0,0.0,430.8,0.9,341.0,100780.0
20160310:1200,28.08,84.7,0.0,-0.0,0.0,431.35,0.9,325.0,100870.0
20160310:1300,27.52,90.3,0.0,-0.0,0.0,430.0,0.9,308.0,100960.0
20160310:1400,27.38,87.45,0.0,-0.0,0.0,428.45,1.31,265.0,101010.0
20160310:1500,26.89,90.25,0.0,-0.0,0.0,426.35,1.1,246.0,101050.0
20160310:1600,26.38,90.25,0.0,-0.0,0.0,424.2,0.97,206.0,101030.0
20160310:1700,26.02,93.2,0.0,-0.0,0.0,421.9,0.9,155.0,100990.0
20160310:1800,25.93,93.2,0.0,-0.0,0.0,420.55,0.76,162.0,100890.0
20160310:1900,26.22,93.2,0.0,-0.0,0.0,422.1,0.83,217.0,100850.0
20160310:2000,26.02,93.2,0.0,-0.0,0.0,420.35,0.9,232.0,100820.0
20160310:2100,25.84,96.25,0.0,-0.0,0.0,422.3,0.97,234.0,100850.0
20160310:2200,26.27,90.2,0.0,-0.0,0.0,422.3,0.69,192.0,100860.0
20160310:2300,25.63,96.25,124.5,670.05,60.05,418.6,0.97,191.0,100910.0
20160311:0000,27.52,84.65,341.75,664.72,109.95,428.85,1.17,188.0,100960.0
20160311:0100,28.34,84.7,526.6,642.4,155.5,428.95,1.03,172.0,101010.0
20160311:0200,29.19,79.55,642.2,590.67,188.7,429.45,0.69,167.0,101060.0
20160311:0300,30.01,77.15,601.25,440.99,201.7,439.5,0.14,177.0,101040.0
20160311:0400,30.48,74.8,717.15,498.4,227.2,441.05,0.69,328.0,100970.0
20160311:0500,31.06,70.2,515.5,208.09,308.75,445.5,0.9,18.0,100850.0
20160311:0600,29.86,74.65,571.65,305.48,285.45,444.35,1.52,6.0,100820.0
20160311:0700,30.43,72.4,416.55,264.36,200.6,444.15,1.52,81.0,100700.0
20160311:0800,29.09,77.0,266.45,166.6,159.55,438.35,0.69,22.0,100690.0
20160311:0900,27.89,82.05,150.05,205.09,63.25,434.1,0.97,308.0,100740.0
20160311:1000,27.27,84.6,17.3,24.93,12.9,439.1,1.24,322.0,100790.0
20160311:1100,27.13,87.4,0.0,-0.0,0.0,442.8,0.76,308.0,100870.0
20160311:1200,27.02,87.4,0.0,-0.0,0.0,441.65,0.62,274.0,100970.0
20160311:1300,26.76,93.2,0.0,-0.0,0.0,434.65,0.83,286.0,101050.0
20160311:1400,26.95,87.4,0.0,-0.0,0.0,425.35,0.97,338.0,101100.0
20160311:1500,26.22,93.2,0.0,-0.0,0.0,427.9,0.97,317.0,101140.0
20160311:1600,26.19,93.2,0.0,-0.0,0.0,438.55,1.72,257.0,101060.0
20160311:1700,25.83,93.15,0.0,-0.0,0.0,429.45,1.86,256.0,101000.0
20160311:1800,25.73,93.15,0.0,-0.0,0.0,436.0,1.79,267.0,100920.0
20160311:1900,25.47,90.2,0.0,-0.0,0.0,422.45,1.1,177.0,100880.0
20160311:2000,25.34,93.15,0.0,-0.0,0.0,419.2,1.17,183.0,100850.0
20160311:2100,25.25,93.15,0.0,-0.0,0.0,419.95,1.24,185.0,100860.0
20160311:2200,25.07,93.15,0.0,-0.0,0.0,414.15,1.24,198.0,100860.0
20160311:2300,25.03,93.15,153.3,863.77,69.95,414.15,1.17,210.0,100910.0
20160312:0000,26.49,87.35,345.2,668.34,111.9,414.35,0.0,0.0,101000.0
20160312:0100,27.47,81.95,562.65,709.46,152.6,422.8,0.0,0.0,101030.0
20160312:0200,28.53,79.5,737.45,711.07,191.4,425.55,0.97,272.0,101050.0
20160312:0300,29.47,77.1,872.0,706.46,231.95,433.7,1.03,300.0,101050.0
20160312:0400,30.25,77.15,782.2,502.98,287.9,439.7,1.79,331.0,100950.0
20160312:0500,30.4,77.2,684.8,355.9,331.4,442.0,1.59,333.0,100860.0
20160312:0600,30.03,79.65,665.15,437.62,255.55,451.9,1.52,307.0,100770.0
20160312:0700,30.14,74.7,468.95,313.26,213.45,449.35,1.38,329.0,100680.0
20160312:0800,29.79,74.65,243.9,113.96,170.95,440.65,1.45,283.0,100670.0
20160312:0900,29.45,74.65,131.05,92.89,91.9,434.85,0.83,250.0,100630.0
20160312:1000,29.3,77.0,22.25,45.56,14.3,429.25,0.97,242.0,100700.0
20160312:1100,28.72,79.5,0.0,-0.0,0.0,433.3,0.9,224.0,100740.0
20160312:1200,28.0,82.05,0.0,-0.0,0.0,430.2,1.31,261.0,100820.0
20160312:1300,27.54,87.45,0.0,-0.0,0.0,429.25,1.45,262.0,100900.0
20160312:1400,27.19,90.25,0.0,-0.0,0.0,425.55,2.0,267.0,100990.0
20160312:1500,26.99,90.25,0.0,-0.0,0.0,430.0,2.14,262.0,101020.0
20160312:1600,26.7,93.2,0.0,-0.0,0.0,433.1,2.07,256.0,100990.0
20160312:1700,26.44,90.25,0.0,-0.0,0.0,423.85,2.0,267.0,100950.0
20160312:1800,26.34,90.2,0.0,-0.0,0.0,428.1,2.28,274.0,100860.0
20160312:1900,26.3,93.2,0.0,-0.0,0.0,423.65,2.62,274.0,100850.0
20160312:2000,26.19,93.2,0.0,-0.0,0.0,426.15,2.41,272.0,100790.0
20160312:2100,26.06,90.2,0.0,-0.0,0.0,428.1,1.52,261.0,100820.0
20160312:2200,26.0,90.2,0.0,-0.0,0.0,429.45,1.59,252.0,100850.0
20160312:2300,25.94,93.2,107.1,449.26,63.6,425.2,1.52,263.0,100900.0
20160313:0000,26.75,90.25,287.55,471.33,122.85,425.95,1.17,265.0,100960.0
20160313:0100,27.75,84.65,429.1,420.13,186.15,428.4,0.48,294.0,101020.0
20160313:0200,28.65,79.5,549.95,448.65,205.35,432.9,0.34,32.0,101050.0
20160313:0300,29.47,77.1,661.2,421.45,279.4,432.75,0.69,51.0,101040.0
20160313:0400,30.0,74.7,545.8,250.51,299.7,440.1,0.97,45.0,100980.0
20160313:0500,29.89,74.65,580.95,323.59,259.85,445.5,0.28,344.0,100900.0
20160313:0600,30.22,72.35,821.15,723.96,144.25,442.2,0.97,260.0,100820.0
20160313:0700,31.1,65.8,637.1,581.58,163.5,438.9,1.24,355.0,100690.0
20160313:0800,30.73,67.85,365.35,396.45,112.2,447.25,1.38,346.0,100640.0
20160313:0900,30.16,70.0,162.9,215.54,72.45,441.45,1.31,5.0,100680.0
20160313:1000,29.45,74.65,20.95,60.58,10.5,436.2,1.03,339.0,100760.0
20160313:1100,28.48,72.1,0.0,-0.0,0.0,433.9,1.17,298.0,100820.0
20160313:1200,27.9,76.85,0.0,-0.0,0.0,428.85,1.66,276.0,100910.0
20160313:1300,27.44,81.95,0.0,-0.0,0.0,428.3,1.52,261.0,101000.0
20160313:1400,26.96,87.4,0.0,-0.0,0.0,425.55,1.17,263.0,101090.0
20160313:1500,26.86,87.35,0.0,-0.0,0.0,431.95,1.45,281.0,101120.0
20160313:1600,26.76,87.35,0.0,-0.0,0.0,428.85,1.72,269.0,101080.0
20160313:1700,26.3,93.2,0.0,-0.0,0.0,432.55,1.52,256.0,101030.0
20160313:1800,25.85,93.15,0.0,-0.0,0.0,423.85,1.66,266.0,100960.0
20160313:1900,26.22,93.2,0.0,-0.0,0.0,428.3,0.97,236.0,100880.0
20160313:2000,25.93,93.2,0.0,-0.0,0.0,423.65,0.9,253.0,100830.0
20160313:2100,26.01,90.2,0.0,-0.0,0.0,427.7,1.24,265.0,100860.0
20160313:2200,25.93,90.2,0.0,-0.0,0.0,424.6,1.38,270.0,100870.0
20160313:2300,25.98,93.2,138.15,780.04,62.35,424.4,1.31,270.0,100940.0
20160314:0000,27.31,87.4,289.75,507.28,112.3,423.25,1.38,277.0,101000.0
20160314:0100,27.94,82.05,531.05,664.24,146.75,429.75,1.52,277.0,101040.0
20160314:0200,28.82,79.5,649.65,622.24,171.65,431.95,1.17,279.0,101060.0
20160314:0300,29.64,77.1,613.15,443.58,211.35,435.45,0.83,321.0,101010.0
20160314:0400,29.88,77.1,802.15,580.44,232.15,448.8,1.38,331.0,100960.0
20160314:0500,30.38,77.15,422.15,169.67,253.9,443.35,1.52,335.0,100870.0
20160314:0600,28.69,79.5,487.1,268.8,236.05,443.75,1.93,347.0,100820.0
20160314:0700,29.41,77.1,411.6,218.83,233.7,446.45,1.45,320.0,100700.0
20160314:0800,29.57,77.1,255.45,187.78,135.85,437.0,2.0,317.0,100680.0
20160314:0900,28.61,79.5,92.55,38.42,76.5,441.65,2.48,316.0,100750.0
20160314:1000,27.42,81.95,8.95,0.0,8.95,438.15,1.45,286.0,100790.0
20160314:1100,27.3,84.6,0.0,-0.0,0.0,437.35,1.03,257.0,100820.0
20160314:1200,27.15,84.6,0.0,-0.0,0.0,436.8,0.76,228.0,100930.0
20160314:1300,26.54,90.25,0.0,-0.0,0.0,435.85,0.97,245.0,100970.0
20160314:1400,26.35,93.2,0.0,-0.0,0.0,437.2,1.52,273.0,101030.0
20160314:1500,26.45,87.35,0.0,-0.0,0.0,432.15,2.07,278.0,101050.0
20160314:1600,26.21,90.2,0.0,-0.0,0.0,429.65,1.72,264.0,101020.0
20160314:1700,25.92,90.2,0.0,-0.0,0.0,426.15,1.93,259.0,100960.0
20160314:1800,25.63,93.15,0.0,-0.0,0.0,424.8,2.28,252.0,100870.0
20160314:1900,26.04,90.2,0.0,-0.0,0.0,420.15,1.66,239.0,100810.0
20160314:2000,25.84,93.15,0.0,-0.0,0.0,418.2,1.66,239.0,100790.0
20160314:2100,25.77,93.15,0.0,-0.0,0.0,421.7,1.79,239.0,100800.0
20160314:2200,25.64,93.15,0.0,-0.0,0.0,418.4,1.72,247.0,100830.0
20160314:2300,25.68,93.15,150.95,982.13,55.15,421.3,1.72,245.0,100870.0
20160315:0000,26.82,90.25,406.9,935.66,79.25,418.6,1.45,241.0,100890.0
20160315:0100,28.07,79.4,598.85,818.38,125.15,417.75,0.97,241.0,100910.0
20160315:0200,29.19,74.55,758.6,805.49,139.75,424.6,0.62,240.0,100930.0
20160315:0300,30.06,70.0,869.25,787.77,155.8,431.35,0.21,312.0,100870.0
20160315:0400,30.7,67.85,829.8,680.7,161.65,443.0,0.48,342.0,100780.0
20160315:0500,31.01,67.95,842.5,694.15,154.7,447.25,0.69,332.0,100690.0
20160315:0600,31.32,67.95,774.95,677.22,143.2,442.2,0.97,323.0,100590.0
20160315:0700,31.71,61.75,574.45,546.41,131.0,437.35,0.83,334.0,100580.0
20160315:0800,31.61,61.75,379.55,444.88,96.95,436.4,1.31,360.0,100500.0
20160315:0900,30.58,65.7,159.15,255.01,53.1,432.15,0.55,51.0,100560.0
20160315:1000,29.36,74.55,20.15,62.05,9.7,431.0,0.55,111.0,100630.0
20160315:1100,28.45,76.95,0.0,-0.0,0.0,430.2,1.38,120.0,100720.0
20160315:1200,27.79,81.95,0.0,-0.0,0.0,428.65,1.72,128.0,100800.0
20160315:1300,27.43,81.95,0.0,-0.0,0.0,432.15,1.66,136.0,100850.0
20160315:1400,27.02,87.4,0.0,-0.0,0.0,421.7,1.38,142.0,100900.0
20160315:1500,26.64,90.25,0.0,-0.0,0.0,425.55,0.97,151.0,100920.0
20160315:1600,27.25,81.9,0.0,-0.0,0.0,427.7,0.28,172.0,100930.0
20160315:1700,26.11,90.2,0.0,-0.0,0.0,419.55,1.24,308.0,100930.0
20160315:1800,25.89,90.2,0.0,-0.0,0.0,421.7,2.07,311.0,100870.0
20160315:1900,26.3,90.2,0.0,-0.0,0.0,422.85,1.79,308.0,100740.0
20160315:2000,26.47,87.35,0.0,-0.0,0.0,427.3,2.07,311.0,100710.0
20160315:2100,26.21,90.2,0.0,-0.0,0.0,423.25,2.14,298.0,100760.0
20160315:2200,26.08,90.2,0.0,-0.0,0.0,422.65,1.52,274.0,100740.0
20160315:2300,26.19,90.2,125.85,764.33,51.0,423.05,1.1,257.0,100790.0
20160316:0000,27.19,87.4,361.9,747.53,99.85,423.65,0.62,294.0,100900.0
20160316:0100,28.17,82.05,607.35,854.88,112.3,423.55,0.97,332.0,100970.0
20160316:0200,28.98,79.55,769.05,826.82,133.75,424.0,1.03,306.0,100960.0
20160316:0300,29.77,79.6,851.9,738.45,183.25,432.35,0.97,293.0,100890.0
20160316:0400,30.38,74.7,846.2,706.87,152.7,438.9,1.31,338.0,100830.0
20160316:0500,30.78,74.8,899.9,736.04,171.2,436.8,2.0,342.0,100760.0
20160316:0600,31.16,74.85,787.0,668.12,164.5,437.55,2.34,339.0,100680.0
20160316:0700,31.34,67.95,600.8,548.57,156.4,434.65,2.0,345.0,100650.0
20160316:0800,30.55,67.85,355.85,405.13,99.2,440.85,1.86,335.0,100600.0
20160316:0900,29.99,70.0,152.8,235.2,55.45,442.6,2.07,325.0,100630.0
20160316:1000,29.29,74.55,22.05,51.41,13.5,435.65,1.72,309.0,100630.0
20160316:1100,28.88,74.55,0.0,-0.0,0.0,425.2,1.24,337.0,100680.0
20160316:1200,28.41,79.5,0.0,-0.0,0.0,425.55,1.66,1.0,100790.0
20160316:1300,27.88,82.05,0.0,-0.0,0.0,427.1,1.17,358.0,100850.0
20160316:1400,27.17,90.25,0.0,-0.0,0.0,429.45,0.76,13.0,100940.0
20160316:1500,27.05,90.25,0.0,-0.0,0.0,430.0,0.48,270.0,100990.0
20160316:1600,26.1,90.2,0.0,-0.0,0.0,429.85,1.31,227.0,100990.0
20160316:1700,25.7,96.25,0.0,-0.0,0.0,428.85,1.17,188.0,100940.0
20160316:1800,25.6,96.25,0.0,-0.0,0.0,430.4,0.97,146.0,100900.0
20160316:1900,24.95,96.2,0.0,-0.0,0.0,430.0,0.76,176.0,100830.0
20160316:2000,24.95,96.2,0.0,-0.0,0.0,432.55,0.97,168.0,100810.0
20160316:2100,25.0,96.2,0.0,-0.0,0.0,419.55,0.97,139.0,100810.0
20160316:2200,25.1,93.15,0.0,-0.0,0.0,420.35,1.03,131.0,100820.0
20160316:2300,25.16,96.2,106.0,210.01,85.35,419.55,0.97,155.0,100890.0
20160317:0000,25.84,93.15,312.15,381.13,178.4,416.65,0.62,178.0,100930.0
20160317:0100,26.91,87.4,520.7,511.1,224.6,416.4,0.34,145.0,101000.0
20160317:0200,28.13,82.05,700.85,613.67,229.3,420.75,0.55,133.0,101000.0
20160317:0300,29.42,72.25,743.8,632.86,170.9,428.45,0.9,61.0,100980.0
20160317:0400,30.16,70.0,829.9,619.85,222.1,436.6,1.59,34.0,100900.0
20160317:0500,30.45,67.85,718.5,492.94,230.9,444.75,0.9,33.0,100770.0
20160317:0600,30.8,67.85,642.85,351.69,315.6,441.65,0.83,31.0,100690.0
20160317:0700,30.36,72.35,477.95,248.95,276.65,443.35,0.76,45.0,100660.0
20160317:0800,30.34,72.35,305.4,168.91,198.7,438.9,0.34,123.0,100610.0
20160317:0900,30.17,70.0,124.4,69.19,95.9,440.1,0.62,138.0,100610.0
20160317:1000,29.68,72.25,15.65,16.44,12.95,437.95,0.48,126.0,100640.0
20160317:1100,28.89,82.15,0.0,-0.0,0.0,432.55,0.55,129.0,100700.0
20160317:1200,28.63,79.5,0.0,-0.0,0.0,432.75,0.41,212.0,100760.0
20160317:1300,28.3,84.7,0.0,-0.0,0.0,434.1,0.55,237.0,100820.0
20160317:1400,27.42,87.45,0.0,-0.0,0.0,433.5,0.9,272.0,100920.0
20160317:1500,26.91,84.6,0.0,-0.0,0.0,431.35,1.52,274.0,100980.0
20160317:1600,26.38,87.35,0.0,-0.0,0.0,428.3,1.38,267.0,100970.0
20160317:1700,26.36,87.35,0.0,-0.0,0.0,429.25,1.66,251.0,100900.0
20160317:1800,26.29,93.2,0.0,-0.0,0.0,431.0,1.72,247.0,100800.0
20160317:1900,26.48,90.25,0.0,-0.0,0.0,425.0,1.45,269.0,100790.0
20160317:2000,26.18,93.2,0.0,-0.0,0.0,423.05,1.24,278.0,100780.0
20160317:2100,26.47,90.25,0.0,-0.0,0.0,425.2,0.55,264.0,100790.0
20160317:2200,26.78,90.25,0.0,-0.0,0.0,420.9,0.21,272.0,100820.0
20160317:2300,26.03,93.2,117.95,548.89,63.75,422.1,0.62,225.0,100890.0
20160318:0000,27.3,87.4,290.1,533.02,102.85,425.75,0.34,228.0,100970.0
20160318:0100,27.86,84.65,511.95,591.3,169.25,427.8,0.9,114.0,100990.0
20160318:0200,28.72,79.5,636.75,539.68,222.05,424.8,1.38,101.0,101000.0
20160318:0300,29.46,77.1,668.1,455.75,255.65,436.0,1.38,80.0,100980.0
20160318:0400,29.45,79.6,703.7,429.25,283.05,447.65,0.28,48.0,100910.0
20160318:0500,29.84,77.1,752.9,511.3,247.6,441.85,0.69,298.0,100750.0
20160318:0600,30.0,74.7,623.3,382.45,267.9,442.2,1.86,286.0,100690.0
20160318:0700,29.82,77.1,363.25,237.1,171.9,438.55,2.0,281.0,100680.0
20160318:0800,29.38,79.55,221.65,77.31,172.95,439.1,2.34,292.0,100620.0
20160318:0900,28.97,79.55,86.65,35.62,72.05,444.55,2.69,303.0,100630.0
20160318:1000,27.61,87.45,8.5,0.62,8.4,440.45,2.07,278.0,100690.0
20160318:1100,27.22,87.4,0.0,-0.0,0.0,435.05,1.24,235.0,100720.0
20160318:1200,26.78,90.25,0.0,-0.0,0.0,430.8,1.1,233.0,100790.0
20160318:1300,26.61,90.25,0.0,-0.0,0.0,421.5,0.9,211.0,100850.0
20160318:1400,26.37,90.25,0.0,-0.0,0.0,425.55,0.97,213.0,100920.0
20160318:1500,26.17,93.2,0.0,-0.0,0.0,425.2,1.03,207.0,100960.0
20160318:1600,26.02,93.2,0.0,-0.0,0.0,424.4,0.97,183.0,100960.0
20160318:1700,25.9,93.2,0.0,-0.0,0.0,420.75,1.1,178.0,100910.0
20160318:1800,26.39,87.35,0.0,-0.0,0.0,423.65,1.45,190.0,100840.0
20160318:1900,26.4,90.25,0.0,-0.0,0.0,423.65,1.59,164.0,100730.0
20160318:2000,26.2,93.2,0.0,-0.0,0.0,424.4,1.52,160.0,100680.0
20160318:2100,26.03,93.2,0.0,-0.0,0.0,420.95,1.52,160.0,100690.0
20160318:2200,25.94,93.2,0.0,-0.0,0.0,421.1,1.52,153.0,100720.0
20160318:2300,25.94,93.2,133.35,631.74,70.7,419.2,1.38,162.0,100780.0
20160319:0000,27.14,90.25,377.05,796.92,96.8,420.55,1.17,188.0,100860.0
20160319:0100,28.2,84.7,553.1,733.72,127.7,425.5,1.1,196.0,100900.0
20160319:0200,29.03,79.55,593.65,506.5,204.45,428.85,0.55,187.0,100910.0
20160319:0300,29.63,79.6,816.15,717.92,166.65,439.3,0.14,86.0,100860.0
20160319:0400,30.38,77.15,876.8,655.74,234.6,439.9,0.97,53.0,100740.0
20160319:0500,30.93,72.5,802.55,603.01,207.2,444.9,2.07,53.0,100590.0
20160319:0600,30.93,70.2,728.8,614.19,158.85,447.45,2.34,46.0,100510.0
20160319:0700,30.77,70.1,498.0,444.73,139.8,437.75,1.1,323.0,100610.0
20160319:0800,29.87,74.65,363.55,402.53,110.75,442.0,1.31,306.0,100590.0
20160319:0900,29.95,72.35,171.5,249.11,69.9,432.75,1.24,323.0,100590.0
20160319:1000,29.61,72.25,19.6,50.66,11.5,434.1,1.03,310.0,100660.0
20160319:1100,28.99,77.0,0.0,-0.0,0.0,431.0,0.83,262.0,100760.0
20160319:1200,27.79,81.95,0.0,-0.0,0.0,430.8,1.03,249.0,100870.0
20160319:1300,27.19,90.25,0.0,-0.0,0.0,428.3,0.55,131.0,100920.0
20160319:1400,26.96,90.25,0.0,-0.0,0.0,427.9,0.69,100.0,100960.0
20160319:1500,27.07,87.4,0.0,-0.0,0.0,422.3,0.62,93.0,101010.0
20160319:1600,27.24,87.4,0.0,-0.0,0.0,427.5,0.48,166.0,100970.0
20160319:1700,26.32,93.2,0.0,-0.0,0.0,424.8,1.03,188.0,100900.0
20160319:1800,25.96,93.2,0.0,-0.0,0.0,417.65,1.17,194.0,100840.0
20160319:1900,26.28,90.2,0.0,-0.0,0.0,420.55,1.45,170.0,100740.0
20160319:2000,26.13,90.2,0.0,-0.0,0.0,419.0,1.45,156.0,100730.0
20160319:2100,25.88,90.2,0.0,-0.0,0.0,415.5,1.45,154.0,100720.0
20160319:2200,25.89,90.2,0.0,-0.0,0.0,423.65,1.31,157.0,100760.0
20160319:2300,25.88,93.2,149.15,848.32,64.65,420.55,1.17,161.0,100810.0
20160320:0000,27.59,87.45,392.4,876.76,83.75,419.75,0.76,150.0,100880.0
20160320:0100,28.66,82.1,603.3,821.4,126.9,421.25,0.9,123.0,100940.0
20160320:0200,29.68,77.1,776.35,815.49,149.75,427.5,1.03,96.0,100960.0
20160320:0300,30.42,74.8,779.75,671.41,172.55,442.2,1.24,76.0,100940.0
20160320:0400,30.86,77.2,770.85,506.85,274.8,440.65,1.45,76.0,100850.0
20160320:0500,31.11,74.85,685.8,496.51,196.1,447.85,1.52,71.0,100740.0
20160320:0600,30.74,79.7,600.85,499.13,138.35,455.2,1.31,52.0,100650.0
20160320:0700,30.6,77.2,549.1,521.98,129.55,445.3,1.24,265.0,100650.0
20160320:0800,30.52,74.8,367.25,420.61,103.9,441.85,0.55,294.0,100570.0
20160320:0900,30.52,72.4,140.55,219.96,51.3,440.45,0.21,152.0,100590.0
20160320:1000,29.57,74.65,14.85,37.73,8.9,441.85,0.62,353.0,100640.0
20160320:1100,28.9,74.55,0.0,-0.0,0.0,436.6,0.28,144.0,100740.0
20160320:1200,28.14,87.5,0.0,-0.0,0.0,430.6,0.76,118.0,100760.0
20160320:1300,28.31,82.05,0.0,-0.0,0.0,429.05,0.48,92.0,100860.0
20160320:1400,28.37,82.05,0.0,-0.0,0.0,425.0,0.21,126.0,100890.0
20160320:1500,26.99,90.25,0.0,-0.0,0.0,425.0,0.83,149.0,100930.0
20160320:1600,26.86,87.4,0.0,-0.0,0.0,428.65,1.17,142.0,100900.0
20160320:1700,26.62,90.25,0.0,-0.0,0.0,427.7,1.17,156.0,100830.0
20160320:1800,26.37,90.25,0.0,-0.0,0.0,424.8,1.17,173.0,100760.0
20160320:1900,26.22,93.2,0.0,-0.0,0.0,425.95,1.17,158.0,100720.0
20160320:2000,26.1,93.2,0.0,-0.0,0.0,426.55,1.24,146.0,100740.0
20160320:2100,26.18,93.2,0.0,-0.0,0.0,432.35,1.59,138.0,100760.0
20160320:2200,26.35,90.2,0.0,-0.0,0.0,434.85,1.38,156.0,100820.0
20160320:2300,26.11,93.2,93.6,396.28,53.95,429.05,1.38,164.0,100870.0
20160321:0000,26.78,90.25,289.4,493.06,115.65,430.0,0.97,175.0,100920.0
20160321:0100,27.64,87.45,605.55,822.87,128.15,431.7,0.83,170.0,100970.0
20160321:0200,28.86,82.1,757.95,800.85,142.65,425.95,0.69,113.0,100940.0
20160321:0300,29.87,79.6,813.75,697.96,182.8,443.0,0.83,66.0,100900.0
20160321:0400,30.49,77.2,844.2,590.66,266.55,442.2,0.55,21.0,100820.0
20160321:0500,30.99,74.85,806.5,661.07,155.2,449.75,1.17,349.0,100690.0
20160321:0600,31.28,74.85,577.85,393.75,213.55,450.55,2.0,341.0,100560.0
20160321:0700,30.4,74.8,451.1,390.18,138.15,447.25,1.1,302.0,100540.0
20160321:0800,30.18,74.7,283.95,243.92,131.7,440.3,0.62,287.0,100500.0
20160321:0900,30.09,74.7,131.1,161.53,65.9,445.1,0.55,299.0,100520.0
20160321:1000,29.77,74.65,13.75,41.16,7.35,441.65,0.9,290.0,100570.0
20160321:1100,29.05,74.55,0.0,-0.0,0.0,437.55,0.83,302.0,100630.0
20160321:1200,28.25,87.5,0.0,-0.0,0.0,437.2,0.76,342.0,100740.0
20160321:1300,27.61,84.65,0.0,-0.0,0.0,428.85,0.97,296.0,100810.0
20160321:1400,27.32,90.25,0.0,-0.0,0.0,432.15,1.03,227.0,100870.0
20160321:1500,27.03,87.4,0.0,-0.0,0.0,429.45,1.17,213.0,100850.0
20160321:1600,26.78,90.25,0.0,-0.0,0.0,427.5,1.17,215.0,100850.0
20160321:1700,26.6,90.25,0.0,-0.0,0.0,429.45,1.24,204.0,100770.0
20160321:1800,26.48,90.25,0.0,-0.0,0.0,427.5,1.38,199.0,100700.0
20160321:1900,26.6,93.2,0.0,-0.0,0.0,428.65,1.31,210.0,100610.0
20160321:2000,26.34,93.2,0.0,-0.0,0.0,423.65,1.31,200.0,100590.0
20160321:2100,26.04,93.2,0.0,-0.0,0.0,420.55,1.24,186.0,100590.0
20160321:2200,25.84,96.25,0.0,-0.0,0.0,420.75,1.17,190.0,100610.0
20160321:2300,26.11,93.2,160.65,1117.32,48.35,426.9,0.76,192.0,100670.0
20160322:0000,27.79,84.65,390.6,845.23,92.45,422.45,0.07,100.0,100730.0
20160322:0100,28.79,79.5,604.65,862.1,104.35,428.4,0.55,16.0,100780.0
20160322:0200,29.57,77.1,680.1,696.75,144.85,430.4,0.83,15.0,100810.0
20160322:0300,30.14,77.15,820.85,676.87,209.25,434.1,0.69,14.0,100800.0
20160322:0400,30.54,77.2,722.75,530.08,204.75,444.9,0.62,0.0,100710.0
20160322:0500,30.71,77.2,680.1,517.17,171.15,448.6,0.34,21.0,100620.0
20160322:0600,30.62,74.8,539.9,334.77,230.65,441.85,0.55,264.0,100510.0
20160322:0700,31.01,70.2,386.0,219.54,210.3,447.85,1.31,267.0,100510.0
20160322:0800,29.74,74.65,264.35,202.03,138.65,439.9,0.0,0.0,100440.0
20160322:0900,28.71,76.95,104.55,46.08,86.05,439.1,0.0,0.0,100470.0
20160322:1000,28.46,76.95,14.05,13.05,12.05,431.95,0.34,257.0,100520.0
20160322:1100,28.27,79.4,0.0,-0.0,0.0,431.55,0.76,299.0,100610.0
20160322:1200,27.81,84.65,0.0,-0.0,0.0,428.1,1.17,314.0,100690.0
20160322:1300,27.47,84.65,0.0,-0.0,0.0,427.1,1.38,315.0,100830.0
20160322:1400,27.27,90.25,0.0,-0.0,0.0,430.2,1.31,292.0,100920.0
20160322:1500,26.99,87.4,0.0,-0.0,0.0,429.85,1.38,267.0,100950.0
20160322:1600,26.69,87.35,0.0,-0.0,0.0,429.45,2.14,276.0,100960.0
20160322:1700,26.28,90.2,0.0,-0.0,0.0,436.8,1.79,284.0,100900.0
20160322:1800,26.27,90.2,0.0,-0.0,0.0,439.1,1.86,282.0,100800.0
20160322:1900,26.54,87.35,0.0,-0.0,0.0,440.65,1.93,240.0,100670.0
20160322:2000,26.58,84.55,0.0,-0.0,0.0,432.75,1.79,242.0,100660.0
20160322:2100,26.28,90.2,0.0,-0.0,0.0,422.3,1.59,242.0,100680.0
20160322:2200,25.97,90.2,0.0,-0.0,0.0,421.5,1.38,243.0,100730.0
20160322:2300,25.89,90.2,139.8,794.31,59.6,421.7,1.45,262.0,100840.0
20160323:0000,27.09,87.4,354.3,666.12,119.1,423.45,1.93,278.0,100940.0
20160323:0100,27.95,82.05,502.25,618.04,143.5,424.15,2.62,289.0,101030.0
20160323:0200,28.53,82.1,655.3,606.52,189.45,431.2,2.83,289.0,101040.0
20160323:0300,29.47,79.6,693.9,502.37,240.2,435.05,2.21,299.0,101020.0
20160323:0400,30.04,77.15,788.9,536.92,264.65,441.45,2.14,313.0,100910.0
20160323:0500,30.5,77.2,606.85,319.7,292.6,446.85,1.86,331.0,100820.0
20160323:0600,29.69,79.6,408.1,90.21,324.9,457.3,2.07,338.0,100690.0
20160323:0700,28.72,79.5,230.05,45.08,194.05,442.0,2.07,309.0,100720.0
20160323:0800,28.08,82.05,130.45,44.91,102.6,437.4,2.07,273.0,100710.0
20160323:0900,27.76,84.65,102.45,81.14,70.05,434.45,2.0,271.0,100740.0
20160323:1000,27.75,84.65,11.15,5.63,10.3,433.5,1.66,276.0,100830.0
20160323:1100,26.82,90.25,0.0,-0.0,0.0,431.95,2.0,284.0,100930.0
20160323:1200,26.61,90.25,0.0,-0.0,0.0,434.65,2.0,278.0,101050.0
20160323:1300,26.49,90.25,0.0,-0.0,0.0,443.55,1.72,258.0,101130.0
20160323:1400,26.35,90.2,0.0,-0.0,0.0,438.55,1.45,230.0,101190.0
20160323:1500,26.11,93.2,0.0,-0.0,0.0,428.3,0.97,197.0,101180.0
20160323:1600,25.86,93.2,0.0,-0.0,0.0,423.25,0.69,176.0,101170.0
20160323:1700,25.86,90.2,0.0,-0.0,0.0,423.45,0.83,211.0,101090.0
20160323:1800,25.74,93.15,0.0,-0.0,0.0,423.05,1.17,229.0,100990.0
20160323:1900,25.49,93.15,0.0,-0.0,0.0,422.65,1.52,228.0,100960.0
20160323:2000,25.47,93.15,0.0,-0.0,0.0,423.65,1.59,255.0,100930.0
20160323:2100,25.45,93.15,0.0,-0.0,0.0,424.0,1.52,278.0,100950.0
20160323:2200,25.27,96.2,0.0,-0.0,0.0,423.85,0.9,269.0,100990.0
20160323:2300,25.29,96.2,79.45,163.66,62.85,424.4,0.83,197.0,101060.0
20160324:0000,26.41,90.25,238.35,256.77,147.6,425.75,0.97,162.0,101110.0
20160324:0100,27.16,84.6,312.5,137.02,232.95,427.8,1.17,135.0,101170.0
20160324:0200,27.81,81.95,316.9,101.57,238.9,432.35,1.24,134.0,101160.0
20160324:0300,28.28,79.4,408.6,103.2,315.45,435.45,0.83,98.0,101120.0
20160324:0400,29.07,74.55,486.0,163.03,326.95,439.9,0.97,63.0,101070.0
20160324:0500,29.6,74.65,476.7,208.25,272.25,446.45,0.55,15.0,100980.0
20160324:0600,30.13,70.0,728.1,541.74,229.3,447.45,0.28,310.0,100880.0
20160324:0700,30.92,67.95,461.5,328.54,199.75,445.9,0.41,223.0,100800.0
20160324:0800,30.57,67.85,202.35,57.84,166.6,446.3,0.55,203.0,100760.0
20160324:0900,29.73,74.65,67.2,9.07,63.6,446.3,1.79,187.0,100830.0
20160324:1000,28.47,79.5,5.9,0.0,5.9,439.9,1.45,171.0,100910.0
20160324:1100,27.77,87.45,0.0,-0.0,0.0,436.2,1.72,124.0,100990.0
20160324:1200,27.6,84.65,0.0,-0.0,0.0,436.2,1.31,124.0,101050.0
20160324:1300,27.41,84.65,0.0,-0.0,0.0,437.35,1.38,97.0,101170.0
20160324:1400,27.25,87.4,0.0,-0.0,0.0,435.05,1.52,93.0,101220.0
20160324:1500,26.95,90.25,0.0,-0.0,0.0,434.3,1.17,93.0,101220.0
20160324:1600,27.47,84.65,0.0,-0.0,0.0,433.3,0.48,119.0,101200.0
20160324:1700,26.57,90.25,0.0,-0.0,0.0,433.7,1.1,171.0,101140.0
20160324:1800,26.38,90.25,0.0,-0.0,0.0,433.9,1.31,175.0,101080.0
20160324:1900,26.27,90.2,0.0,-0.0,0.0,427.9,1.45,178.0,101030.0
20160324:2000,25.92,93.2,0.0,-0.0,0.0,426.55,1.45,172.0,101050.0
20160324:2100,25.84,96.25,0.0,-0.0,0.0,427.3,0.83,174.0,101040.0
20160324:2200,25.58,96.25,0.0,-0.0,0.0,426.9,0.97,196.0,101050.0
20160324:2300,25.72,96.25,101.55,158.0,85.45,428.85,1.1,194.0,101090.0
20160325:0000,26.9,87.4,302.45,350.25,178.55,424.4,0.62,176.0,101170.0
20160325:0100,28.06,82.05,508.95,477.02,231.95,428.8,0.69,123.0,101210.0
20160325:0200,29.03,79.55,754.45,681.24,231.45,430.2,1.03,102.0,101220.0
20160325:0300,29.97,74.7,815.25,648.66,230.1,437.0,1.38,83.0,101170.0
20160325:0400,30.37,77.15,855.9,597.69,273.35,438.55,1.59,64.0,101100.0
20160325:0500,30.78,74.8,736.55,442.79,302.4,443.2,1.66,71.0,101030.0
20160325:0600,30.64,74.8,741.1,595.5,193.75,451.1,1.45,63.0,100920.0
20160325:0700,31.0,67.95,415.15,284.97,188.65,448.8,1.38,61.0,100820.0
20160325:0800,29.58,74.65,265.65,201.37,141.6,441.45,1.79,87.0,100830.0
20160325:0900,28.84,76.95,119.7,170.68,52.3,440.1,1.1,58.0,100840.0
20160325:1000,28.27,79.4,10.45,24.23,6.9,430.2,0.62,134.0,100890.0
20160325:1100,27.1,84.6,0.0,-0.0,0.0,441.45,0.62,172.0,100970.0
20160325:1200,26.73,90.25,0.0,-0.0,0.0,433.9,0.9,118.0,101070.0
20160325:1300,26.43,90.25,0.0,-0.0,0.0,429.85,0.97,115.0,101180.0
20160325:1400,26.15,93.2,0.0,-0.0,0.0,437.75,1.03,127.0,101260.0
20160325:1500,25.96,93.2,0.0,-0.0,0.0,443.95,1.1,135.0,101300.0
20160325:1600,25.7,93.15,0.0,-0.0,0.0,441.65,0.9,168.0,101300.0
20160325:1700,25.59,93.15,0.0,-0.0,0.0,442.6,1.1,209.0,101230.0
20160325:1800,25.54,93.15,0.0,-0.0,0.0,443.95,1.31,222.0,101150.0
20160325:1900,26.09,90.2,0.0,-0.0,0.0,422.1,1.24,210.0,101040.0
20160325:2000,25.65,93.15,0.0,-0.0,0.0,414.55,1.24,210.0,101010.0
20160325:2100,25.27,96.2,0.0,-0.0,0.0,411.45,1.17,221.0,101050.0
20160325:2200,25.04,96.2,0.0,-0.0,0.0,412.0,1.24,218.0,101060.0
20160325:2300,25.1,96.2,152.7,981.29,52.25,412.6,1.17,222.0,101120.0
20160326:0000,26.9,87.4,350.75,677.3,110.95,409.7,0.83,224.0,101180.0
20160326:0100,27.76,84.65,600.55,805.59,132.7,416.6,0.62,220.0,101250.0
20160326:0200,28.75,82.1,695.55,720.01,142.95,426.15,0.41,222.0,101260.0
20160326:0300,29.53,77.1,808.0,673.75,200.6,436.6,0.28,317.0,101240.0
20160326:0400,30.13,77.15,872.45,729.42,162.2,440.3,0.9,357.0,101150.0
20160326:0500,30.68,72.4,684.75,509.61,185.75,433.5,1.72,344.0,101070.0
20160326:0600,30.72,72.4,723.0,629.64,145.3,447.25,2.41,359.0,100990.0
20160326:0700,30.39,72.35,496.45,453.45,136.9,439.7,1.93,339.0,100960.0
20160326:0800,29.97,72.35,341.1,400.63,95.15,438.9,1.86,315.0,100920.0
20160326:0900,29.99,70.0,153.45,253.65,53.85,432.35,1.72,320.0,100940.0
20160326:1000,29.44,72.25,15.35,45.75,8.75,429.85,1.24,325.0,100960.0
20160326:1100,28.28,76.85,0.0,-0.0,0.0,422.85,1.31,318.0,101060.0
20160326:1200,27.83,81.95,0.0,-0.0,0.0,426.55,1.59,319.0,101180.0
20160326:1300,27.29,90.25,0.0,-0.0,0.0,425.2,0.76,303.0,101260.0
20160326:1400,27.1,87.4,0.0,-0.0,0.0,425.95,0.62,270.0,101310.0
20160326:1500,27.14,84.6,0.0,-0.0,0.0,420.15,0.55,283.0,101310.0
20160326:1600,26.34,90.2,0.0,-0.0,0.0,416.85,0.69,301.0,101280.0
20160326:1700,26.27,90.2,0.0,-0.0,0.0,426.75,0.55,313.0,101210.0
20160326:1800,26.61,87.35,0.0,-0.0,0.0,430.8,0.21,286.0,101140.0
20160326:1900,25.68,96.25,0.0,-0.0,0.0,413.2,0.83,214.0,101080.0
20160326:2000,25.98,90.2,0.0,-0.0,0.0,417.85,0.9,184.0,101050.0
20160326:2100,25.5,93.15,0.0,-0.0,0.0,415.3,1.03,169.0,101060.0
20160326:2200,25.31,96.2,0.0,-0.0,0.0,413.95,1.17,149.0,101090.0
20160326:2300,25.38,93.15,160.2,1025.46,54.75,411.25,1.24,143.0,101160.0
20160327:0000,27.33,87.4,364.8,722.31,108.85,413.55,1.1,135.0,101200.0
20160327:0100,28.35,82.05,625.4,882.75,112.7,421.6,1.38,124.0,101210.0
20160327:0200,29.39,72.25,755.8,847.61,105.5,425.4,1.52,115.0,101220.0
20160327:0300,30.14,70.0,823.75,753.74,144.7,430.8,1.79,95.0,101210.0
20160327:0400,30.63,67.85,902.7,812.65,112.2,436.8,2.0,79.0,101120.0
20160327:0500,30.83,67.85,664.4,487.97,187.25,435.65,1.59,69.0,101000.0
20160327:0600,30.75,70.1,642.45,452.65,227.9,449.75,1.38,67.0,100940.0
20160327:0700,30.65,70.1,404.0,326.56,145.7,444.75,0.41,58.0,100830.0
20160327:0800,30.02,70.0,260.8,228.76,120.85,440.85,0.69,110.0,100800.0
20160327:0900,29.16,72.15,124.05,158.94,62.0,438.55,1.52,72.0,100870.0
20160327:1000,28.81,74.5,13.4,17.96,10.85,441.25,1.03,54.0,100900.0
20160327:1100,28.1,76.85,0.0,-0.0,0.0,435.05,0.28,96.0,101000.0
20160327:1200,27.28,87.4,0.0,-0.0,0.0,428.45,0.48,303.0,101070.0
20160327:1300,26.93,87.4,0.0,-0.0,0.0,427.9,0.69,287.0,101170.0
20160327:1400,27.38,79.35,0.0,-0.0,0.0,431.95,0.14,8.0,101240.0
20160327:1500,26.9,84.6,0.0,-0.0,0.0,433.1,0.28,134.0,101280.0
20160327:1600,26.21,90.2,0.0,-0.0,0.0,427.3,0.69,170.0,101270.0
20160327:1700,25.62,93.15,0.0,-0.0,0.0,428.65,0.48,193.0,101200.0
20160327:1800,25.7,93.15,0.0,-0.0,0.0,430.4,0.34,229.0,101140.0
20160327:1900,26.05,93.2,0.0,-0.0,0.0,430.0,0.83,199.0,101020.0
20160327:2000,25.73,93.15,0.0,-0.0,0.0,423.85,0.9,210.0,101010.0
20160327:2100,25.69,93.15,0.0,-0.0,0.0,424.6,0.97,220.0,101030.0
20160327:2200,25.89,87.3,0.0,-0.0,0.0,417.65,1.24,226.0,101070.0
20160327:2300,25.51,93.15,132.95,708.64,59.75,420.15,1.1,223.0,101120.0
20160328:0000,27.27,84.6,326.25,609.65,110.05,419.2,0.41,206.0,101180.0
20160328:0100,28.01,79.4,538.7,720.71,120.1,423.95,0.34,111.0,101210.0
20160328:0200,28.85,79.5,717.85,754.32,139.35,426.55,0.83,63.0,101210.0
20160328:0300,29.45,77.1,683.15,601.95,141.25,431.95,1.52,56.0,101180.0
20160328:0400,29.72,79.6,689.0,477.71,224.8,440.85,1.38,42.0,101090.0
20160328:0500,30.15,77.15,647.2,405.81,250.95,445.1,1.45,32.0,100990.0
20160328:0600,29.72,74.65,643.5,439.93,241.35,452.45,1.31,46.0,100840.0
20160328:0700,30.48,74.8,421.8,261.15,215.75,448.4,2.41,348.0,100830.0
20160328:0800,28.84,79.5,193.4,69.8,150.85,451.7,1.45,20.0,100760.0
20160328:0900,28.01,79.4,102.65,87.86,68.55,439.1,0.41,320.0,100830.0
20160328:1000,27.94,79.4,10.8,0.0,10.8,433.7,0.83,230.0,100890.0
20160328:1100,27.71,81.95,0.0,-0.0,0.0,425.55,1.38,243.0,100960.0
20160328:1200,27.28,87.4,0.0,-0.0,0.0,427.9,0.97,236.0,101050.0
20160328:1300,26.85,93.2,0.0,-0.0,0.0,428.85,0.83,167.0,101120.0
20160328:1400,26.8,90.25,0.0,-0.0,0.0,425.55,1.31,203.0,101180.0
20160328:1500,26.41,90.25,0.0,-0.0,0.0,425.95,1.52,212.0,101200.0
20160328:1600,26.31,93.2,0.0,-0.0,0.0,424.8,1.24,180.0,101180.0
20160328:1700,25.86,93.2,0.0,-0.0,0.0,421.1,0.83,164.0,101140.0
20160328:1800,25.94,90.2,0.0,-0.0,0.0,422.85,0.62,197.0,101080.0
20160328:1900,25.32,99.4,0.0,-0.0,0.0,418.8,0.83,147.0,101000.0
20160328:2000,25.37,96.25,0.0,-0.0,0.0,423.85,0.9,158.0,101000.0
20160328:2100,25.94,90.2,0.0,-0.0,0.0,417.45,0.97,195.0,101030.0
20160328:2200,25.31,96.2,0.0,-0.0,0.0,425.2,0.97,212.0,101080.0
20160328:2300,25.25,96.2,95.6,329.13,61.45,416.1,0.76,183.0,101130.0
20160329:0000,26.5,90.25,226.15,277.97,127.5,417.45,0.69,137.0,101210.0
20160329:0100,27.17,84.6,365.35,250.86,219.65,423.55,0.9,85.0,101270.0
20160329:0200,27.99,82.05,463.15,238.59,280.25,431.0,1.1,80.0,101300.0
20160329:0300,28.51,79.5,619.35,285.92,362.15,435.45,0.62,77.0,101230.0
20160329:0400,29.08,82.15,662.95,296.15,375.5,433.3,1.38,59.0,101140.0
20160329:0500,29.26,79.55,553.25,283.95,276.4,440.3,1.79,48.0,101030.0
20160329:0600,29.12,77.0,435.7,164.63,285.5,444.9,0.83,38.0,100950.0
20160329:0700,28.95,77.0,267.9,71.41,211.7,444.9,0.76,349.0,100910.0
20160329:0800,28.38,76.95,209.25,107.67,143.85,443.75,0.69,346.0,100890.0
20160329:0900,27.74,81.95,79.0,56.76,57.1,440.1,0.9,11.0,100920.0
20160329:1000,27.0,84.6,7.35,3.64,6.85,434.45,1.03,120.0,100980.0
20160329:1100,26.17,90.2,0.0,-0.0,0.0,435.25,1.17,105.0,101020.0
20160329:1200,25.79,96.25,0.0,-0.0,0.0,436.4,0.76,87.0,101090.0
20160329:1300,25.98,93.2,0.0,-0.0,0.0,437.75,0.55,157.0,101160.0
20160329:1400,26.39,87.35,0.0,-0.0,0.0,434.45,0.14,37.0,101220.0
20160329:1500,26.1,93.2,0.0,-0.0,0.0,431.75,1.1,190.0,101220.0
20160329:1600,25.77,96.25,0.0,-0.0,0.0,428.45,1.03,139.0,101220.0
20160329:1700,25.69,93.15,0.0,-0.0,0.0,429.25,1.17,125.0,101180.0
20160329:1800,25.52,93.15,0.0,-0.0,0.0,432.75,1.1,117.0,101100.0
20160329:1900,25.39,93.15,0.0,-0.0,0.0,421.5,1.17,185.0,101010.0
20160329:2000,25.64,90.2,0.0,-0.0,0.0,421.9,1.31,185.0,100960.0
20160329:2100,25.46,93.15,0.0,-0.0,0.0,422.3,1.24,193.0,100980.0
20160329:2200,25.29,96.2,0.0,-0.0,0.0,423.25,1.24,198.0,101040.0
20160329:2300,25.33,96.2,103.75,321.46,70.25,428.85,1.1,204.0,101090.0
20160330:0000,26.18,93.2,270.95,323.96,155.9,426.75,0.62,166.0,101190.0
20160330:0100,27.12,87.4,340.0,221.43,211.4,435.15,1.03,108.0,101230.0
20160330:0200,27.7,87.45,603.25,428.34,275.05,433.1,1.1,88.0,101240.0
20160330:0300,28.62,87.55,570.8,299.84,301.3,434.1,1.24,83.0,101220.0
20160330:0400,29.06,82.15,532.7,185.5,352.85,441.85,1.03,98.0,101120.0
20160330:0500,29.17,77.0,256.45,50.64,207.15,447.85,1.66,76.0,100970.0
20160330:0600,27.96,82.05,372.0,117.18,265.3,449.2,0.9,100.0,100980.0
20160330:0700,28.05,82.05,160.2,13.76,149.4,436.0,1.66,72.0,100840.0
20160330:0800,27.27,87.4,70.05,4.3,67.45,445.1,1.79,82.0,100830.0
20160330:0900,26.56,90.25,35.6,0.0,35.6,438.35,2.34,92.0,100930.0
20160330:1000,26.31,93.2,4.6,0.0,4.6,435.25,2.0,99.0,101000.0
20160330:1100,25.98,93.2,0.0,-0.0,0.0,438.55,1.24,110.0,101040.0
20160330:1200,25.8,96.25,0.0,-0.0,0.0,441.45,0.9,115.0,101120.0
20160330:1300,25.79,93.15,0.0,-0.0,0.0,434.45,1.31,93.0,101190.0
20160330:1400,25.72,93.15,0.0,-0.0,0.0,437.55,1.38,90.0,101230.0
20160330:1500,25.69,96.25,0.0,-0.0,0.0,442.8,1.31,98.0,101230.0
20160330:1600,25.58,96.25,0.0,-0.0,0.0,443.0,0.83,105.0,101190.0
20160330:1700,25.57,96.25,0.0,-0.0,0.0,440.85,0.62,103.0,101140.0
20160330:1800,25.58,93.15,0.0,-0.0,0.0,443.75,0.69,108.0,101050.0
20160330:1900,25.27,96.2,0.0,-0.0,0.0,440.85,0.69,184.0,101040.0
20160330:2000,25.13,96.2,0.0,-0.0,0.0,435.65,1.17,214.0,100970.0
20160330:2100,25.1,96.2,0.0,-0.0,0.0,433.7,1.31,242.0,100990.0
20160330:2200,25.09,96.2,0.0,-0.0,0.0,434.1,1.45,244.0,101020.0
20160330:2300,25.09,93.15,76.1,195.87,55.6,428.1,1.31,234.0,101060.0
20160331:0000,25.94,90.2,187.85,110.87,148.45,435.05,0.83,206.0,101110.0
20160331:0100,26.55,87.35,313.9,170.22,215.05,431.85,0.55,156.0,101160.0
20160331:0200,27.14,84.6,578.5,460.43,225.9,433.1,0.55,109.0,101180.0
20160331:0300,28.2,82.05,681.15,484.95,245.65,435.45,0.9,79.0,101130.0
20160331:0400,28.92,79.55,676.05,426.86,262.7,441.65,1.17,80.0,101020.0
20160331:0500,29.52,77.1,763.2,502.92,274.35,440.45,1.45,68.0,100910.0
20160331:0600,29.9,74.7,473.2,251.28,244.85,442.0,1.86,61.0,100830.0
20160331:0700,29.53,77.1,411.95,266.97,202.95,449.0,0.97,41.0,100790.0
20160331:0800,29.33,79.55,262.95,263.62,104.0,442.8,0.83,43.0,100770.0
20160331:0900,29.04,77.0,91.55,107.93,50.4,438.75,0.28,30.0,100770.0
20160331:1000,28.03,82.05,8.4,12.04,6.8,433.9,0.9,63.0,100830.0
20160331:1100,27.27,84.6,0.0,-0.0,0.0,433.5,1.66,83.0,100910.0
20160331:1200,27.03,84.6,0.0,-0.0,0.0,433.7,1.86,101.0,100970.0
20160331:1300,26.74,90.25,0.0,-0.0,0.0,425.95,2.0,118.0,101020.0
20160331:1400,26.63,90.25,0.0,-0.0,0.0,427.7,1.93,125.0,101040.0
20160331:1500,26.45,90.25,0.0,-0.0,0.0,424.4,1.38,128.0,101080.0
20160331:1600,24.62,96.97,0.0,-0.0,0.0,420.3,0.78,153.0,101040.0
20160331:1700,24.99,95.27,0.0,-0.0,0.0,420.92,0.92,150.0,101000.0
20160331:1800,25.37,93.58,0.0,-0.0,0.0,421.54,1.05,128.0,100920.0
20160331:1900,25.75,91.89,0.0,-0.0,0.0,422.15,1.19,131.0,100890.0
20160331:2000,26.13,90.2,0.0,-0.0,0.0,422.77,1.33,159.0,100860.0
20160331:2100,26.51,88.51,0.0,-0.0,0.0,423.38,1.46,144.0,100850.0
20160331:2200,26.89,86.82,0.0,-0.0,0.0,424.0,1.6,117.0,100860.0
20160331:2300,27.27,85.12,125.1,700.28,51.5,424.62,1.74,101.0,100940.0
20180401:0000,27.64,83.43,292.0,327.98,175.45,425.23,1.87,263.0,100760.0
20180401:0100,28.02,81.74,480.35,425.43,233.3,425.85,2.01,270.0,100830.0
20180401:0200,28.4,80.05,704.3,660.87,198.2,426.47,2.15,276.0,100860.0
20180401:0300,28.78,78.36,811.1,640.68,235.75,427.08,2.28,292.0,100840.0
20180401:0400,29.16,76.67,863.8,669.22,215.75,427.7,2.42,312.0,100750.0
20180401:0500,29.54,74.97,806.05,606.98,216.05,428.31,2.56,321.0,100650.0
20180401:0600,29.92,73.28,705.6,543.6,211.6,428.93,2.7,330.0,100540.0
20180401:0700,30.3,71.59,486.6,405.37,169.25,429.55,2.83,301.0,100490.0
20180401:0800,28.67,74.55,259.15,251.1,107.75,439.5,3.03,307.0,100470.0
20180401:0900,27.21,79.35,118.05,168.26,53.9,431.2,2.76,270.0,100530.0
20180401:1000,26.91,81.9,10.35,23.7,7.2,421.1,2.07,245.0,100500.0
20180401:1100,26.45,84.55,0.0,-0.0,0.0,416.85,1.93,241.0,100610.0
20180401:1200,26.02,87.3,0.0,-0.0,0.0,418.6,1.93,250.0,100690.0
20180401:1300,25.94,87.3,0.0,-0.0,0.0,422.1,1.38,249.0,100760.0
20180401:1400,25.72,87.3,0.0,-0.0,0.0,416.45,1.52,254.0,100810.0
20180401:1500,25.53,90.2,0.0,-0.0,0.0,418.0,1.45,237.0,100860.0
20180401:1600,25.24,90.2,0.0,-0.0,0.0,415.5,1.24,226.0,100830.0
20180401:1700,24.82,90.15,0.0,-0.0,0.0,408.55,1.1,240.0,100780.0
20180401:1800,24.75,90.15,0.0,-0.0,0.0,408.9,1.59,254.0,100720.0
20180401:1900,24.46,93.1,0.0,-0.0,0.0,412.8,1.1,227.0,100690.0
20180401:2000,24.39,90.1,0.0,-0.0,0.0,413.2,1.17,214.0,100650.0
20180401:2100,24.23,90.1,0.0,-0.0,0.0,407.95,1.24,204.0,100640.0
20180401:2200,24.11,90.1,0.0,-0.0,0.0,408.9,1.24,208.0,100650.0
20180401:2300,24.13,90.1,154.95,914.36,58.85,409.1,1.03,219.0,100740.0
20180402:0000,26.3,84.55,367.45,725.89,109.35,408.75,0.55,262.0,100820.0
20180402:0100,27.36,76.8,620.45,885.09,106.55,415.6,0.48,299.0,100880.0
20180402:0200,28.61,72.1,762.6,792.44,156.1,420.15,0.76,285.0,100900.0
20180402:0300,29.42,69.95,810.6,730.16,155.5,423.85,1.52,298.0,100870.0
20180402:0400,29.93,69.95,884.9,728.94,179.9,426.75,1.17,304.0,100790.0
20180402:0500,30.38,70.0,817.7,612.9,222.9,432.15,1.17,319.0,100670.0
20180402:0600,29.85,72.25,684.4,520.74,212.15,440.3,2.48,332.0,100550.0
20180402:0700,29.75,72.25,402.0,236.43,217.4,443.95,2.34,331.0,100540.0
20180402:0800,28.63,74.55,222.15,171.55,119.1,432.9,1.1,327.0,100550.0
20180402:0900,27.7,79.4,94.25,85.9,61.7,430.2,1.17,272.0,100660.0
20180402:1000,26.13,84.55,7.45,14.16,5.6,424.6,1.86,255.0,100700.0
20180402:1100,25.57,90.2,0.0,-0.0,0.0,428.85,1.1,206.0,100760.0
20180402:1200,25.44,90.2,0.0,-0.0,0.0,423.45,0.97,160.0,100820.0
20180402:1300,25.42,93.15,0.0,-0.0,0.0,414.55,0.48,183.0,100900.0
20180402:1400,25.18,90.2,0.0,-0.0,0.0,417.45,0.9,284.0,100970.0
20180402:1500,25.22,90.2,0.0,-0.0,0.0,425.75,2.0,288.0,101000.0
20180402:1600,25.3,90.2,0.0,-0.0,0.0,419.4,1.93,257.0,100980.0
20180402:1700,25.03,93.15,0.0,-0.0,0.0,416.85,1.93,244.0,100920.0
20180402:1800,24.81,90.15,0.0,-0.0,0.0,415.7,1.72,242.0,100840.0
20180402:1900,24.75,93.15,0.0,-0.0,0.0,418.8,1.03,248.0,100760.0
20180402:2000,24.92,93.15,0.0,-0.0,0.0,420.55,1.79,280.0,100780.0
20180402:2100,24.85,93.15,0.0,-0.0,0.0,427.9,2.41,277.0,100820.0
20180402:2200,25.01,90.15,0.0,-0.0,0.0,426.75,1.79,262.0,100820.0
20180402:2300,24.89,90.15,116.05,288.54,85.6,412.0,1.17,199.0,100840.0
20180403:0000,25.66,87.3,318.95,490.24,144.55,410.65,1.31,210.0,100910.0
20180403:0100,26.87,81.9,597.3,771.07,149.7,413.3,0.55,205.0,100980.0
20180403:0200,28.2,74.5,786.6,824.44,156.0,419.95,0.55,128.0,100980.0
20180403:0300,29.31,72.25,891.75,783.35,189.6,420.75,0.97,91.0,100930.0
20180403:0400,30.01,72.25,905.1,756.43,174.45,424.0,1.03,75.0,100840.0
20180403:0500,30.59,70.0,845.3,683.68,182.9,430.0,1.59,46.0,100710.0
20180403:0600,30.4,70.0,633.35,476.75,201.9,436.0,1.17,32.0,100650.0
20180403:0700,30.3,72.35,508.15,456.76,152.5,438.9,0.48,19.0,100610.0
20180403:0800,29.92,74.65,284.95,263.53,127.25,432.15,0.62,277.0,100520.0
20180403:0900,28.42,74.5,123.0,175.24,57.0,429.25,1.38,283.0,100560.0
20180403:1000,27.3,76.8,13.85,48.69,7.6,425.95,0.62,272.0,100620.0
20180403:1100,27.05,79.3,0.0,-0.0,0.0,423.25,0.28,55.0,100670.0
20180403:1200,26.68,87.4,0.0,-0.0,0.0,429.05,0.48,31.0,100760.0
20180403:1300,26.24,90.25,0.0,-0.0,0.0,421.3,0.69,325.0,100830.0
20180403:1400,26.06,90.2,0.0,-0.0,0.0,418.2,1.17,297.0,100920.0
20180403:1500,25.83,90.2,0.0,-0.0,0.0,417.25,1.45,281.0,100930.0
20180403:1600,25.46,93.15,0.0,-0.0,0.0,411.85,1.31,262.0,100950.0
20180403:1700,25.23,90.2,0.0,-0.0,0.0,420.55,0.97,204.0,100890.0
20180403:1800,24.88,90.15,0.0,-0.0,0.0,413.75,1.17,171.0,100840.0
20180403:1900,25.35,90.2,0.0,-0.0,0.0,411.05,1.66,170.0,100750.0
20180403:2000,25.14,90.2,0.0,-0.0,0.0,407.95,1.66,174.0,100710.0
20180403:2100,24.73,90.15,0.0,-0.0,0.0,404.65,1.24,188.0,100720.0
20180403:2200,24.3,93.1,0.0,-0.0,0.0,402.35,1.17,211.0,100750.0
20180403:2300,24.35,93.1,173.55,1167.53,49.85,402.55,1.24,227.0,100830.0
20180404:0000,26.18,84.55,414.4,937.9,80.6,398.65,1.24,245.0,100860.0
20180404:0100,27.41,79.35,659.3,969.1,96.9,407.85,1.38,267.0,100910.0
20180404:0200,28.58,74.5,743.8,836.58,104.35,408.9,1.17,278.0,100910.0
20180404:0300,29.32,67.7,743.05,591.33,213.55,419.55,0.9,297.0,100890.0
20180404:0400,29.83,67.7,874.25,721.93,177.85,427.9,0.62,328.0,100800.0
20180404:0500,30.4,65.6,795.2,639.4,176.75,434.65,0.62,27.0,100670.0
20180404:0600,30.69,63.6,741.2,643.53,160.05,435.25,1.03,43.0,100560.0
20180404:0700,30.83,63.6,505.9,509.67,110.15,427.1,1.24,25.0,100520.0
20180404:0800,30.37,65.6,376.25,487.22,85.8,433.5,1.1,5.0,100450.0
20180404:0900,30.05,67.7,169.7,314.05,52.15,416.65,0.55,357.0,100470.0
20180404:1000,29.34,69.95,12.0,44.8,6.35,417.85,0.28,18.0,100510.0
20180404:1100,28.52,76.95,0.0,-0.0,0.0,421.5,0.9,67.0,100570.0
20180404:1200,27.82,76.85,0.0,-0.0,0.0,421.9,2.14,68.0,100650.0
20180404:1300,27.26,81.95,0.0,-0.0,0.0,413.0,1.79,73.0,100750.0
20180404:1400,26.84,84.6,0.0,-0.0,0.0,415.3,1.59,102.0,100820.0
20180404:1500,26.48,84.55,0.0,-0.0,0.0,419.0,1.52,123.0,100830.0
20180404:1600,26.04,87.3,0.0,-0.0,0.0,414.75,1.17,140.0,100820.0
20180404:1700,26.03,87.3,0.0,-0.0,0.0,416.65,0.9,181.0,100780.0
20180404:1800,25.45,90.2,0.0,-0.0,0.0,414.55,1.17,198.0,100700.0
20180404:1900,25.17,90.2,0.0,-0.0,0.0,411.25,1.24,196.0,100580.0
20180404:2000,24.86,93.15,0.0,-0.0,0.0,409.1,1.1,197.0,100580.0
20180404:2100,24.81,93.15,0.0,-0.0,0.0,409.3,1.31,213.0,100590.0
20180404:2200,24.66,93.15,0.0,-0.0,0.0,409.1,1.31,222.0,100630.0
20180404:2300,24.68,93.15,176.45,1175.3,51.45,407.55,1.24,225.0,100660.0
20180405:0000,27.09,84.6,417.25,960.86,75.15,406.0,0.83,232.0,100710.0
20180405:0100,28.27,74.5,640.15,944.59,92.15,411.15,0.55,242.0,100740.0
20180405:0200,29.35,67.7,812.55,918.95,110.65,416.85,0.07,211.0,100770.0
20180405:0300,30.18,65.6,881.05,833.6,135.4,427.9,0.55,82.0,100720.0
20180405:0400,30.73,63.6,883.25,784.17,127.85,428.1,0.83,82.0,100620.0
20180405:0500,31.16,61.65,854.7,757.74,123.05,431.55,1.17,96.0,100520.0
20180405:0600,31.36,61.65,754.65,688.44,134.3,427.1,1.38,84.0,100420.0
20180405:0700,31.38,59.65,625.4,672.79,104.45,424.2,2.0,90.0,100380.0
20180405:0800,31.07,61.55,314.9,402.89,75.65,421.3,2.0,93.0,100350.0
20180405:0900,30.37,63.5,160.35,293.43,51.2,428.45,2.0,96.0,100320.0
20180405:1000,29.77,67.7,12.55,47.23,6.7,420.55,2.0,100.0,100360.0
20180405:1100,28.72,69.85,0.0,-0.0,0.0,417.45,1.93,118.0,100410.0
20180405:1200,27.9,74.4,0.0,-0.0,0.0,415.7,2.34,121.0,100510.0
20180405:1300,27.46,76.8,0.0,-0.0,0.0,416.65,1.86,110.0,100640.0
20180405:1400,27.09,81.9,0.0,-0.0,0.0,415.7,1.66,116.0,100710.0
20180405:1500,26.72,81.9,0.0,-0.0,0.0,420.35,1.79,139.0,100730.0
20180405:1600,26.17,81.85,0.0,-0.0,0.0,421.1,2.41,135.0,100740.0
20180405:1700,25.96,84.5,0.0,-0.0,0.0,420.35,2.07,138.0,100710.0
20180405:1800,25.79,87.3,0.0,-0.0,0.0,420.55,1.86,157.0,100650.0
20180405:1900,25.55,87.3,0.0,-0.0,0.0,415.9,2.21,169.0,100560.0
20180405:2000,25.28,84.45,0.0,-0.0,0.0,409.3,2.0,179.0,100510.0
20180405:2100,25.02,87.25,0.0,-0.0,0.0,405.45,1.72,183.0,100520.0
20180405:2200,24.75,90.15,0.0,-0.0,0.0,409.7,1.17,179.0,100560.0
20180405:2300,24.6,90.15,171.45,1114.3,52.5,401.95,0.83,186.0,100670.0
20180406:0000,26.7,81.9,398.85,896.4,79.6,402.75,0.55,192.0,100740.0
20180406:0100,27.98,76.85,612.3,870.54,107.45,409.05,0.55,187.0,100810.0
20180406:0200,29.06,72.15,811.65,926.87,104.25,412.6,0.83,148.0,100840.0
20180406:0300,30.05,69.95,826.35,774.86,134.0,414.75,1.45,113.0,100810.0
20180406:0400,30.42,67.8,853.5,765.22,117.4,417.25,1.72,95.0,100740.0
20180406:0500,30.7,63.6,809.9,685.58,149.1,426.55,1.79,85.0,100620.0
20180406:0600,30.79,63.6,708.85,642.52,131.15,424.6,2.07,65.0,100520.0
20180406:0700,31.05,67.85,554.15,567.59,115.9,426.75,1.86,40.0,100480.0
20180406:0800,30.6,70.0,378.25,489.49,88.7,425.0,1.86,51.0,100430.0
20180406:0900,29.82,72.25,147.55,268.48,48.3,426.55,2.28,74.0,100450.0
20180406:1000,28.34,76.95,11.05,42.34,5.9,426.75,2.28,92.0,100530.0
20180406:1100,27.45,79.35,0.0,-0.0,0.0,422.45,1.52,86.0,100630.0
20180406:1200,27.27,81.95,0.0,-0.0,0.0,416.85,0.9,105.0,100720.0
20180406:1300,26.81,87.4,0.0,-0.0,0.0,417.85,1.24,138.0,100800.0
20180406:1400,26.46,87.35,0.0,-0.0,0.0,414.55,1.31,158.0,100860.0
20180406:1500,25.98,90.2,0.0,-0.0,0.0,413.75,1.1,141.0,100890.0
20180406:1600,25.78,90.2,0.0,-0.0,0.0,411.25,1.03,93.0,100890.0
20180406:1700,25.9,87.3,0.0,-0.0,0.0,413.75,0.9,56.0,100850.0
20180406:1800,25.64,84.5,0.0,-0.0,0.0,415.9,0.69,77.0,100790.0
20180406:1900,26.04,84.5,0.0,-0.0,0.0,420.35,0.34,198.0,100740.0
20180406:2000,25.13,87.3,0.0,-0.0,0.0,414.75,1.31,186.0,100690.0
20180406:2100,24.86,90.15,0.0,-0.0,0.0,406.2,1.52,185.0,100720.0
20180406:2200,24.51,93.1,0.0,-0.0,0.0,406.6,1.24,188.0,100760.0
20180406:2300,24.47,93.1,148.55,959.16,45.8,407.75,1.03,190.0,100820.0
20180407:0000,26.66,81.9,404.8,901.52,83.65,414.9,0.69,170.0,100880.0
20180407:0100,27.77,76.85,616.5,835.56,132.15,410.6,0.69,132.0,100950.0
20180407:0200,28.72,74.55,676.25,711.93,133.35,420.75,0.9,113.0,100950.0
20180407:0300,29.37,69.95,696.8,556.2,200.4,420.9,1.86,92.0,100910.0
20180407:0400,29.5,72.25,758.05,565.82,214.55,430.0,2.69,80.0,100830.0
20180407:0500,29.59,72.25,745.9,601.69,167.0,427.3,2.83,73.0,100730.0
20180407:0600,29.62,74.65,666.1,566.22,158.15,427.7,2.21,79.0,100630.0
20180407:0700,29.85,72.25,352.75,275.42,140.7,433.7,3.24,79.0,100580.0
20180407:0800,27.99,74.4,218.5,239.3,77.5,432.15,3.1,83.0,100560.0
20180407:0900,27.31,76.8,114.7,162.79,54.9,424.0,2.9,91.0,100620.0
20180407:1000,27.15,76.8,9.0,23.03,6.25,423.25,2.55,105.0,100670.0
20180407:1100,26.85,79.3,0.0,-0.0,0.0,420.9,1.93,120.0,100750.0
20180407:1200,26.01,84.5,0.0,-0.0,0.0,417.05,2.55,116.0,100820.0
20180407:1300,25.72,87.3,0.0,-0.0,0.0,418.8,2.34,109.0,100910.0
20180407:1400,25.68,87.3,0.0,-0.0,0.0,420.9,2.34,112.0,100940.0
20180407:1500,25.56,90.2,0.0,-0.0,0.0,421.5,1.86,110.0,100970.0
20180407:1600,25.33,90.2,0.0,-0.0,0.0,416.3,1.79,117.0,100970.0
20180407:1700,25.0,93.15,0.0,-0.0,0.0,415.9,2.0,130.0,100920.0
20180407:1800,24.79,93.15,0.0,-0.0,0.0,412.6,1.86,142.0,100860.0
20180407:1900,24.98,90.15,0.0,-0.0,0.0,420.9,1.93,146.0,100770.0
20180407:2000,25.21,84.45,0.0,-0.0,0.0,424.2,2.0,143.0,100760.0
20180407:2100,24.9,90.15,0.0,-0.0,0.0,421.5,2.0,131.0,100810.0
20180407:2200,25.06,90.15,0.0,-0.0,0.0,414.9,2.34,131.0,100840.0
20180407:2300,25.37,87.3,127.05,700.57,51.75,417.05,2.34,132.0,100890.0
20180408:0000,26.0,84.5,302.15,598.39,88.95,414.15,2.34,136.0,100920.0
20180408:0100,26.85,81.9,527.65,702.65,120.55,418.3,2.21,139.0,100970.0
20180408:0200,27.87,79.4,662.6,640.89,174.3,420.9,2.14,121.0,100990.0
20180408:0300,28.81,72.15,741.95,618.33,190.75,422.65,1.93,110.0,100970.0
20180408:0400,29.51,69.95,708.3,456.41,270.55,426.55,2.28,107.0,100880.0
20180408:0500,29.17,69.95,615.0,409.02,222.2,433.3,2.34,88.0,100790.0
20180408:0600,28.95,74.55,583.65,441.37,188.6,433.5,2.41,86.0,100730.0
20180408:0700,28.67,69.85,287.8,175.07,153.4,438.55,3.86,92.0,100640.0
20180408:0800,27.55,76.8,236.8,182.82,129.5,429.85,3.24,103.0,100620.0
20180408:0900,27.65,74.4,139.35,209.42,62.9,426.9,1.72,113.0,100690.0
20180408:1000,27.48,76.8,8.8,22.18,6.2,422.65,1.52,126.0,100740.0
20180408:1100,26.86,79.3,0.0,-0.0,0.0,424.0,1.38,123.0,100800.0
20180408:1200,25.88,87.3,0.0,-0.0,0.0,425.2,1.79,104.0,100930.0
20180408:1300,25.76,87.3,0.0,-0.0,0.0,425.0,1.59,98.0,100980.0
20180408:1400,25.82,84.5,0.0,-0.0,0.0,419.55,1.59,108.0,101040.0
20180408:1500,25.47,87.3,0.0,-0.0,0.0,414.9,1.66,129.0,101050.0
20180408:1600,25.68,84.5,0.0,-0.0,0.0,421.1,1.52,127.0,101030.0
20180408:1700,25.25,87.3,0.0,-0.0,0.0,415.1,1.59,147.0,101000.0
20180408:1800,25.18,87.3,0.0,-0.0,0.0,418.4,1.86,157.0,100940.0
20180408:1900,25.3,90.2,0.0,-0.0,0.0,419.4,2.07,148.0,100850.0
20180408:2000,25.19,87.3,0.0,-0.0,0.0,416.1,1.93,153.0,100830.0
20180408:2100,25.42,87.3,0.0,-0.0,0.0,423.05,1.86,152.0,100870.0
20180408:2200,25.19,87.3,0.0,-0.0,0.0,412.8,1.52,152.0,100910.0
20180408:2300,25.12,90.2,156.75,840.24,66.15,416.65,1.38,148.0,100960.0
20180409:0000,26.48,84.55,373.9,741.34,109.75,413.4,1.52,140.0,101030.0
20180409:0100,27.55,79.35,563.35,756.57,125.25,415.05,1.86,132.0,101060.0
20180409:0200,28.52,76.95,737.35,712.49,195.0,420.55,2.07,122.0,101060.0
20180409:0300,29.32,74.65,765.7,612.08,220.75,423.85,2.07,107.0,101040.0
20180409:0400,29.83,69.95,799.05,661.63,165.45,438.9,2.34,99.0,100960.0
20180409:0500,29.87,69.95,621.25,436.34,203.0,440.3,2.69,94.0,100840.0
20180409:0600,29.25,69.95,620.2,537.29,140.4,434.1,2.34,87.0,100780.0
20180409:0700,30.28,67.8,462.65,425.83,136.7,431.95,2.76,93.0,100710.0
20180409:0800,30.0,69.95,310.6,349.82,106.1,430.4,2.62,104.0,100680.0
20180409:0900,28.68,69.85,137.0,206.75,62.0,428.3,2.69,115.0,100690.0
20180409:1000,28.56,72.1,9.6,23.03,6.95,424.2,1.66,120.0,100800.0
20180409:1100,27.95,76.85,0.0,-0.0,0.0,418.2,1.86,137.0,100830.0
20180409:1200,27.48,79.35,0.0,-0.0,0.0,418.8,1.79,143.0,100900.0
20180409:1300,27.08,84.6,0.0,-0.0,0.0,419.4,1.72,154.0,100950.0
20180409:1400,26.61,84.6,0.0,-0.0,0.0,413.75,1.72,175.0,101000.0
20180409:1500,26.31,87.35,0.0,-0.0,0.0,421.9,1.59,182.0,101020.0
20180409:1600,25.84,90.2,0.0,-0.0,0.0,411.65,1.52,195.0,101020.0
20180409:1700,25.48,93.15,0.0,-0.0,0.0,411.25,1.52,204.0,100970.0
20180409:1800,25.24,93.15,0.0,-0.0,0.0,412.4,1.52,206.0,100900.0
20180409:1900,25.13,90.2,0.0,-0.0,0.0,406.4,1.45,209.0,100820.0
20180409:2000,24.95,93.15,0.0,-0.0,0.0,406.0,1.59,204.0,100800.0
20180409:2100,24.83,90.15,0.0,-0.0,0.0,407.0,1.66,203.0,100810.0
20180409:2200,24.65,90.15,0.0,-0.0,0.0,406.6,1.59,207.0,100850.0
20180409:2300,24.54,93.1,149.85,699.5,74.2,402.9,1.38,206.0,100910.0
20180410:0000,26.69,81.9,379.15,713.55,124.9,407.2,0.97,199.0,100960.0
20180410:0100,28.28,72.1,599.55,791.6,141.45,409.6,0.76,155.0,100980.0
20180410:0200,29.38,67.7,773.35,819.51,150.15,415.7,1.17,108.0,101000.0
20180410:0300,30.24,65.6,821.85,737.25,166.3,419.55,1.66,101.0,100940.0
20180410:0400,30.67,61.55,835.5,653.94,210.25,423.45,1.79,99.0,100840.0
20180410:0500,31.04,61.55,859.4,760.62,131.7,425.95,1.79,97.0,100720.0
20180410:0600,31.32,59.65,701.8,662.75,111.35,427.9,2.14,90.0,100620.0
20180410:0700,31.02,61.55,486.0,507.67,98.55,435.25,1.79,89.0,100590.0
20180410:0800,30.71,61.55,346.55,447.74,85.85,433.1,1.93,95.0,100570.0
20180410:0900,30.4,63.5,141.4,262.03,46.95,423.25,2.28,103.0,100580.0
20180410:1000,29.59,67.7,8.15,28.79,4.9,427.3,2.21,118.0,100640.0
20180410:1100,28.54,74.5,0.0,-0.0,0.0,420.15,2.28,135.0,100680.0
20180410:1200,27.79,76.85,0.0,-0.0,0.0,417.85,2.21,138.0,100740.0
20180410:1300,27.38,81.95,0.0,-0.0,0.0,417.65,1.93,139.0,100830.0
20180410:1400,27.03,84.6,0.0,-0.0,0.0,417.85,1.66,144.0,100890.0
20180410:1500,26.51,87.35,0.0,-0.0,0.0,412.4,1.45,155.0,100920.0
20180410:1600,26.09,90.2,0.0,-0.0,0.0,413.55,1.45,170.0,100890.0
20180410:1700,25.65,87.3,0.0,-0.0,0.0,410.45,1.45,173.0,100850.0
20180410:1800,25.38,87.3,0.0,-0.0,0.0,412.6,1.45,182.0,100810.0
20180410:1900,25.47,90.2,0.0,-0.0,0.0,414.15,1.45,181.0,100700.0
20180410:2000,25.34,90.2,0.0,-0.0,0.0,411.05,1.59,172.0,100710.0
20180410:2100,25.15,90.2,0.0,-0.0,0.0,412.8,1.52,171.0,100720.0
20180410:2200,24.85,90.15,0.0,-0.0,0.0,404.65,1.52,165.0,100760.0
20180410:2300,24.93,90.15,154.25,940.52,52.25,406.4,1.52,163.0,100820.0
20180411:0000,27.17,79.35,376.45,767.92,102.85,407.35,1.31,159.0,100870.0
20180411:0100,28.32,74.5,588.4,819.89,114.25,410.95,1.45,138.0,100900.0
20180411:0200,29.43,67.7,793.35,908.55,103.15,415.1,1.93,119.0,100880.0
20180411:0300,30.39,65.6,792.1,725.61,147.75,420.15,2.41,102.0,100850.0
20180411:0400,30.76,61.55,848.6,757.82,125.2,430.6,2.55,90.0,100780.0
20180411:0500,31.02,61.55,812.35,676.86,166.05,426.75,2.62,81.0,100680.0
20180411:0600,31.34,59.65,715.45,656.0,132.4,427.5,2.62,81.0,100540.0
20180411:0700,31.34,59.65,580.2,630.55,100.4,427.9,2.48,82.0,100530.0
20180411:0800,31.14,61.55,367.7,486.17,85.75,424.8,2.76,89.0,100450.0
20180411:0900,30.62,63.5,146.05,261.18,52.5,423.25,2.76,104.0,100450.0
20180411:1000,29.61,67.7,10.0,38.82,5.7,413.4,2.41,108.0,100490.0
20180411:1100,28.6,74.5,0.0,-0.0,0.0,414.15,2.41,116.0,100570.0
20180411:1200,27.87,79.4,0.0,-0.0,0.0,408.75,2.55,125.0,100650.0
20180411:1300,27.41,84.65,0.0,-0.0,0.0,409.1,2.07,130.0,100740.0
20180411:1400,26.99,87.4,0.0,-0.0,0.0,408.35,1.79,136.0,100800.0
20180411:1500,26.53,90.25,0.0,-0.0,0.0,413.2,1.38,142.0,100850.0
20180411:1600,25.83,90.2,0.0,-0.0,0.0,407.75,1.17,150.0,100820.0
20180411:1700,25.62,90.2,0.0,-0.0,0.0,410.65,1.03,149.0,100820.0
20180411:1800,25.07,90.15,0.0,-0.0,0.0,410.85,1.24,162.0,100730.0
20180411:1900,25.62,87.3,0.0,-0.0,0.0,417.05,1.31,122.0,100690.0
20180411:2000,25.41,90.2,0.0,-0.0,0.0,412.8,1.38,141.0,100700.0
20180411:2100,25.46,90.2,0.0,-0.0,0.0,415.3,1.66,140.0,100700.0
20180411:2200,25.38,90.2,0.0,-0.0,0.0,414.75,1.59,138.0,100680.0
20180411:2300,25.41,90.2,155.45,831.4,65.05,409.7,1.52,153.0,100740.0
20180412:0000,27.4,79.35,382.9,818.72,91.25,411.25,1.66,136.0,100850.0
20180412:0100,28.51,74.5,576.75,787.1,121.9,416.6,2.48,123.0,100930.0
20180412:0200,29.39,69.95,764.85,853.92,116.85,420.75,2.62,121.0,100920.0
20180412:0300,30.15,67.8,831.65,754.85,162.25,424.8,2.41,115.0,100870.0
20180412:0400,30.56,70.0,868.35,746.95,156.5,428.1,2.28,98.0,100770.0
20180412:0500,30.91,70.1,741.55,582.18,186.75,436.2,2.07,89.0,100680.0
20180412:0600,31.1,65.7,666.45,564.86,165.6,434.3,1.93,98.0,100570.0
20180412:0700,30.74,67.85,497.45,440.91,162.95,438.55,1.66,74.0,100540.0
20180412:0800,30.18,70.0,203.9,174.59,103.05,437.75,1.72,90.0,100490.0
20180412:0900,29.0,72.15,104.85,91.17,72.4,441.25,2.28,81.0,100540.0
20180412:1000,28.67,74.55,6.0,4.14,5.55,429.65,1.86,101.0,100550.0
20180412:1100,28.26,76.95,0.0,-0.0,0.0,428.45,1.1,122.0,100580.0
20180412:1200,27.75,79.4,0.0,-0.0,0.0,423.05,1.59,151.0,100700.0
20180412:1300,27.21,84.65,0.0,-0.0,0.0,424.6,1.52,157.0,100780.0
20180412:1400,26.72,87.4,0.0,-0.0,0.0,423.05,1.1,165.0,100870.0
20180412:1500,27.27,84.65,0.0,-0.0,0.0,422.45,0.69,174.0,100890.0
20180412:1600,25.96,90.2,0.0,-0.0,0.0,418.8,0.9,129.0,100900.0
20180412:1700,25.98,90.2,0.0,-0.0,0.0,419.0,1.45,144.0,100810.0
20180412:1800,25.86,90.2,0.0,-0.0,0.0,421.1,1.52,156.0,100740.0
20180412:1900,25.73,90.2,0.0,-0.0,0.0,420.35,1.24,128.0,100720.0
20180412:2000,26.03,87.3,0.0,-0.0,0.0,422.65,1.1,158.0,100720.0
20180412:2100,25.66,90.2,0.0,-0.0,0.0,420.55,1.24,188.0,100730.0
20180412:2200,25.29,90.2,0.0,-0.0,0.0,414.35,1.38,187.0,100770.0
20180412:2300,25.63,87.3,152.65,812.46,64.1,416.85,1.24,188.0,100800.0
20180413:0000,27.27,81.95,361.15,712.08,107.55,417.45,0.76,170.0,100870.0
20180413:0100,28.36,76.95,602.05,803.66,138.0,421.6,0.9,148.0,100910.0
20180413:0200,29.42,72.25,760.9,804.56,151.05,423.65,1.31,153.0,100910.0
20180413:0300,30.31,72.35,816.2,679.8,214.2,431.75,1.45,124.0,100860.0
20180413:0400,30.83,70.1,878.85,704.17,208.9,444.75,1.72,86.0,100750.0
20180413:0500,31.31,65.8,769.3,654.43,146.9,441.05,2.21,90.0,100630.0
20180413:0600,31.41,67.95,711.25,665.32,122.75,441.65,2.0,90.0,100540.0
20180413:0700,31.22,63.7,504.55,495.12,130.05,437.75,1.52,84.0,100500.0
20180413:0800,30.99,67.85,304.75,357.98,98.8,442.0,1.31,118.0,100410.0
20180413:0900,30.88,67.85,115.7,200.89,44.65,437.95,1.59,124.0,100450.0
20180413:1000,29.39,72.25,7.05,26.27,4.25,436.4,1.59,127.0,100480.0
20180413:1100,28.3,79.5,0.0,-0.0,0.0,428.45,1.79,74.0,100630.0
20180413:1200,28.0,79.4,0.0,-0.0,0.0,431.95,1.52,81.0,100680.0
20180413:1300,27.63,82.05,0.0,-0.0,0.0,426.55,1.66,106.0,100780.0
20180413:1400,27.36,84.65,0.0,-0.0,0.0,425.55,2.0,115.0,100800.0
20180413:1500,27.08,87.4,0.0,-0.0,0.0,420.15,1.79,121.0,100830.0
20180413:1600,26.75,87.4,0.0,-0.0,0.0,420.15,1.59,128.0,100800.0
20180413:1700,26.27,87.35,0.0,-0.0,0.0,421.7,1.52,124.0,100780.0
20180413:1800,26.1,87.35,0.0,-0.0,0.0,420.15,1.52,132.0,100730.0
20180413:1900,25.94,90.2,0.0,-0.0,0.0,417.05,0.97,162.0,100680.0
20180413:2000,25.71,90.2,0.0,-0.0,0.0,417.65,0.83,149.0,100660.0
20180413:2100,25.39,93.15,0.0,-0.0,0.0,419.2,1.1,162.0,100630.0
20180413:2200,25.24,90.2,0.0,-0.0,0.0,413.95,1.24,162.0,100630.0
20180413:2300,25.72,90.2,152.6,893.58,55.0,415.1,1.31,164.0,100640.0
20180414:0000,27.24,84.65,368.95,743.36,104.3,413.0,1.38,149.0,100690.0
20180414:0100,28.44,82.1,575.6,771.33,130.6,417.95,1.66,136.0,100740.0
20180414:0200,29.43,77.1,775.4,873.92,113.75,425.55,1.86,130.0,100760.0
20180414:0300,30.24,74.7,845.5,799.02,138.95,428.65,2.14,113.0,100730.0
20180414:0400,30.81,72.4,866.75,764.66,140.5,432.55,2.21,101.0,100680.0
20180414:0500,31.45,65.8,767.8,657.4,143.85,438.35,2.28,96.0,100600.0
20180414:0600,31.33,65.8,701.45,655.78,122.8,437.55,2.48,90.0,100520.0
20180414:0700,31.37,67.95,532.1,548.08,118.8,438.55,2.07,87.0,100450.0
20180414:0800,31.22,67.95,271.8,331.06,82.1,436.8,2.48,86.0,100390.0
20180414:0900,30.32,72.35,144.4,280.27,45.9,437.0,2.76,93.0,100370.0
20180414:1000,29.05,74.55,8.15,32.05,4.8,429.25,2.28,103.0,100420.0
20180414:1100,28.57,76.95,0.0,-0.0,0.0,418.2,1.52,121.0,100470.0
20180414:1200,28.0,82.05,0.0,-0.0,0.0,418.8,1.38,138.0,100540.0
20180414:1300,27.44,84.65,0.0,-0.0,0.0,414.75,1.79,131.0,100600.0
20180414:1400,26.78,84.6,0.0,-0.0,0.0,417.65,1.79,121.0,100700.0
20180414:1500,26.59,87.35,0.0,-0.0,0.0,413.75,1.72,146.0,100720.0
20180414:1600,26.34,90.25,0.0,-0.0,0.0,415.3,1.79,170.0,100700.0
20180414:1700,25.93,90.2,0.0,-0.0,0.0,413.0,1.59,182.0,100650.0
20180414:1800,25.57,93.15,0.0,-0.0,0.0,409.7,1.45,202.0,100610.0
20180414:1900,25.49,93.15,0.0,-0.0,0.0,407.0,1.24,199.0,100530.0
20180414:2000,25.23,90.2,0.0,-0.0,0.0,404.45,1.45,205.0,100510.0
20180414:2100,25.12,90.2,0.0,-0.0,0.0,408.35,1.52,211.0,100530.0
20180414:2200,24.91,93.15,0.0,-0.0,0.0,404.3,1.52,215.0,100560.0
20180414:2300,24.85,93.15,153.95,965.88,48.25,403.1,1.31,219.0,100650.0
20180415:0000,27.56,81.95,379.65,828.27,84.9,405.05,0.9,221.0,100740.0
20180415:0100,28.71,72.15,577.95,820.36,105.1,413.3,0.62,187.0,100800.0
20180415:0200,29.73,69.95,761.85,848.95,119.9,414.9,0.62,134.0,100810.0
20180415:0300,30.46,67.8,850.0,823.77,122.65,418.8,0.62,109.0,100770.0
20180415:0400,31.18,61.65,924.65,848.91,119.8,424.4,0.62,86.0,100660.0
20180415:0500,31.69,59.75,840.1,760.43,119.85,422.45,0.83,68.0,100560.0
20180415:0600,31.96,59.75,698.05,671.37,107.1,430.8,0.97,50.0,100440.0
20180415:0700,32.07,59.75,570.6,637.79,91.1,428.85,0.83,20.0,100400.0
20180415:0800,31.92,57.85,332.8,450.32,75.8,429.45,0.55,8.0,100350.0
20180415:0900,31.48,59.65,123.45,210.03,50.1,430.2,0.21,302.0,100370.0
20180415:1000,30.69,61.55,7.55,29.26,4.55,426.75,0.28,78.0,100420.0
20180415:1100,29.03,77.0,0.0,-0.0,0.0,421.5,0.97,91.0,100520.0
20180415:1200,28.46,74.5,0.0,-0.0,0.0,424.6,1.72,83.0,100610.0
20180415:1300,27.85,76.85,0.0,-0.0,0.0,430.4,1.79,62.0,100730.0
20180415:1400,27.34,81.95,0.0,-0.0,0.0,427.3,1.17,1.0,100780.0
20180415:1500,26.98,84.6,0.0,-0.0,0.0,425.4,1.31,294.0,100830.0
20180415:1600,26.92,84.6,0.0,-0.0,0.0,426.75,1.86,271.0,100830.0
20180415:1700,26.61,84.6,0.0,-0.0,0.0,420.75,1.79,261.0,100810.0
20180415:1800,26.24,87.35,0.0,-0.0,0.0,417.65,1.79,262.0,100750.0
20180415:1900,26.26,87.35,0.0,-0.0,0.0,420.55,0.9,221.0,100630.0
20180415:2000,25.71,90.2,0.0,-0.0,0.0,413.95,1.1,222.0,100600.0
20180415:2100,25.39,90.2,0.0,-0.0,0.0,410.65,1.38,224.0,100570.0
20180415:2200,25.2,90.2,0.0,-0.0,0.0,408.55,1.52,217.0,100610.0
20180415:2300,25.25,90.2,173.75,1125.73,50.35,406.6,1.59,214.0,100680.0
20180416:0000,27.43,81.95,399.25,875.93,87.7,406.0,1.24,209.0,100780.0
20180416:0100,28.71,72.15,583.2,829.94,105.3,412.9,0.83,192.0,100840.0
20180416:0200,29.65,67.7,716.15,788.92,120.35,416.65,0.55,178.0,100870.0
20180416:0300,30.29,65.6,859.0,850.27,109.4,425.2,0.28,183.0,100810.0
20180416:0400,30.95,63.6,839.15,744.87,134.2,430.8,0.28,16.0,100750.0
20180416:0500,31.4,61.65,754.35,662.41,128.25,430.2,0.83,16.0,100640.0
20180416:0600,31.52,63.7,677.1,638.02,116.9,436.6,0.83,5.0,100560.0
20180416:0700,31.04,67.85,572.15,613.79,112.1,431.0,1.86,326.0,100580.0
20180416:0800,30.02,69.95,301.4,399.09,74.55,429.45,1.79,315.0,100530.0
20180416:0900,29.57,69.95,123.4,218.84,47.45,432.9,1.31,353.0,100550.0
20180416:1000,29.24,69.95,6.3,24.37,3.85,434.3,1.86,32.0,100610.0
20180416:1100,28.58,74.5,0.0,-0.0,0.0,433.5,1.38,5.0,100720.0
20180416:1200,27.79,76.85,0.0,-0.0,0.0,432.35,1.03,316.0,100820.0
20180416:1300,27.29,79.35,0.0,-0.0,0.0,436.0,1.24,254.0,100920.0
20180416:1400,26.7,81.9,0.0,-0.0,0.0,436.4,1.03,211.0,101000.0
20180416:1500,25.87,90.2,0.0,-0.0,0.0,433.5,0.55,186.0,101010.0
20180416:1600,25.73,90.2,0.0,-0.0,0.0,423.85,0.55,170.0,101030.0
20180416:1700,25.75,87.3,0.0,-0.0,0.0,424.2,0.34,154.0,100990.0
20180416:1800,25.83,84.5,0.0,-0.0,0.0,428.1,0.14,157.0,100940.0
20180416:1900,26.06,87.3,0.0,-0.0,0.0,414.75,1.86,266.0,100780.0
20180416:2000,25.64,84.5,0.0,-0.0,0.0,419.2,1.86,278.0,100770.0
20180416:2100,25.35,87.3,0.0,-0.0,0.0,413.75,2.0,301.0,100830.0
20180416:2200,25.79,84.5,0.0,-0.0,0.0,421.5,1.93,292.0,100850.0
20180416:2300,25.72,87.3,126.2,622.63,57.85,417.85,1.52,278.0,100950.0
20180417:0000,26.52,84.55,342.0,698.95,93.55,420.9,1.17,277.0,101030.0
20180417:0100,27.52,81.95,503.75,648.54,130.7,419.1,0.97,270.0,101080.0
20180417:0200,28.58,74.5,630.3,644.12,144.5,426.9,0.9,242.0,101090.0
20180417:0300,29.54,69.95,785.25,722.43,149.35,428.3,0.62,240.0,101030.0
20180417:0400,30.33,67.8,761.3,661.65,136.25,443.95,0.55,289.0,100930.0
20180417:0500,29.95,69.95,725.3,580.06,178.2,438.15,0.48,334.0,100800.0
20180417:0600,29.69,69.95,623.3,540.05,150.3,433.5,1.38,333.0,100720.0
20180417:0700,29.69,69.95,477.55,486.19,114.25,442.4,1.03,332.0,100650.0
20180417:0800,29.35,69.95,244.3,251.17,102.1,434.65,0.97,37.0,100630.0
20180417:0900,28.02,74.4,113.25,200.64,44.05,433.5,0.76,44.0,100670.0
20180417:1000,27.8,74.4,3.95,6.09,3.35,430.2,0.41,210.0,100740.0
20180417:1100,27.65,74.4,0.0,-0.0,0.0,434.65,0.97,252.0,100780.0
20180417:1200,27.21,79.35,0.0,-0.0,0.0,424.2,1.1,263.0,100870.0
20180417:1300,26.96,81.9,0.0,-0.0,0.0,422.85,0.62,280.0,100950.0
20180417:1400,26.48,87.35,0.0,-0.0,0.0,426.75,0.69,256.0,101020.0
20180417:1500,26.13,87.35,0.0,-0.0,0.0,427.5,0.76,222.0,101030.0
20180417:1600,25.86,90.2,0.0,-0.0,0.0,426.35,0.69,192.0,101020.0
20180417:1700,25.91,87.3,0.0,-0.0,0.0,429.25,0.97,187.0,100990.0
20180417:1800,25.83,87.3,0.0,-0.0,0.0,430.0,1.1,192.0,100950.0
20180417:1900,25.5,90.2,0.0,-0.0,0.0,424.0,0.69,192.0,100890.0
20180417:2000,25.25,90.2,0.0,-0.0,0.0,413.4,1.1,179.0,100850.0
20180417:2100,24.97,90.15,0.0,-0.0,0.0,409.1,1.31,190.0,100820.0
20180417:2200,24.72,90.15,0.0,-0.0,0.0,406.8,1.31,194.0,100830.0
20180417:2300,24.7,90.15,155.55,948.99,51.25,408.35,0.97,196.0,100860.0
20180418:0000,26.84,81.9,397.8,880.18,85.15,407.0,0.55,205.0,100930.0
20180418:0100,27.87,76.85,614.3,888.21,103.95,410.0,0.28,161.0,100990.0
20180418:0200,28.98,72.15,758.75,848.61,119.6,418.6,0.48,130.0,100960.0
20180418:0300,29.77,69.95,819.35,752.55,158.0,428.45,0.76,83.0,100920.0
20180418:0400,30.44,70.0,867.65,771.69,140.0,435.05,1.1,53.0,100840.0
20180418:0500,30.91,67.85,708.0,601.38,142.0,435.45,1.24,36.0,100740.0
20180418:0600,30.74,67.85,708.35,692.96,102.95,438.35,1.24,24.0,100650.0
20180418:0700,30.62,70.0,494.7,503.71,119.45,435.65,1.1,350.0,100610.0
20180418:0800,29.02,72.15,218.4,237.64,84.4,434.85,1.93,5.0,100640.0
20180418:0900,27.47,79.35,94.15,134.64,48.0,427.7,2.21,337.0,100730.0
20180418:1000,27.06,81.9,4.1,4.66,3.65,430.8,1.66,283.0,100750.0
20180418:1100,26.82,81.9,0.0,-0.0,0.0,425.2,1.1,243.0,100810.0
20180418:1200,26.65,81.9,0.0,-0.0,0.0,429.25,0.62,179.0,100850.0
20180418:1300,26.3,87.35,0.0,-0.0,0.0,426.75,0.83,153.0,100920.0
20180418:1400,26.14,87.35,0.0,-0.0,0.0,427.7,0.9,163.0,100950.0
20180418:1500,25.9,90.2,0.0,-0.0,0.0,426.9,0.97,205.0,100960.0
20180418:1600,25.47,90.2,0.0,-0.0,0.0,419.4,1.03,233.0,100920.0
20180418:1700,25.61,87.3,0.0,-0.0,0.0,418.8,1.1,245.0,100890.0
20180418:1800,25.61,84.5,0.0,-0.0,0.0,415.7,1.52,247.0,100840.0
20180418:1900,25.72,87.3,0.0,-0.0,0.0,413.2,1.59,235.0,100760.0
20180418:2000,25.43,87.3,0.0,-0.0,0.0,413.2,1.59,231.0,100730.0
20180418:2100,25.2,87.3,0.0,-0.0,0.0,415.1,1.52,229.0,100730.0
20180418:2200,25.01,90.15,0.0,-0.0,0.0,413.75,1.45,224.0,100730.0
20180418:2300,24.92,90.15,163.9,957.65,58.55,408.9,1.31,221.0,100780.0
20180419:0000,26.79,81.9,354.3,755.09,86.3,412.4,0.97,216.0,100840.0
20180419:0100,27.98,74.4,597.0,856.06,105.7,416.8,0.69,192.0,100890.0
20180419:0200,29.08,69.85,761.15,862.25,112.65,418.2,0.69,152.0,100890.0
20180419:0300,30.06,67.7,805.8,774.08,126.65,423.05,0.97,105.0,100860.0
20180419:0400,30.5,65.6,812.6,706.68,147.5,430.8,0.97,84.0,100800.0
20180419:0500,30.75,65.7,771.3,660.87,150.65,435.45,0.69,67.0,100690.0
20180419:0600,30.82,65.7,658.4,534.91,192.25,432.75,0.34,180.0,100600.0
20180419:0700,30.39,63.5,494.95,511.65,114.95,434.45,0.69,186.0,100580.0
20180419:0800,28.83,69.85,303.5,390.01,84.45,435.45,1.1,184.0,100490.0
20180419:0900,29.1,69.85,132.95,264.79,42.75,420.75,0.76,217.0,100500.0
20180419:1000,28.69,67.6,6.0,23.74,3.75,420.75,0.28,139.0,100510.0
20180419:1100,28.1,74.4,0.0,-0.0,0.0,423.85,1.72,75.0,100630.0
20180419:1200,27.54,76.8,0.0,-0.0,0.0,418.8,2.07,80.0,100670.0
20180419:1300,27.19,79.35,0.0,-0.0,0.0,416.65,1.59,96.0,100770.0
20180419:1400,26.8,84.6,0.0,-0.0,0.0,425.4,1.24,140.0,100830.0
20180419:1500,26.38,84.55,0.0,-0.0,0.0,420.9,1.24,170.0,100850.0
20180419:1600,25.94,87.3,0.0,-0.0,0.0,419.0,1.17,172.0,100860.0
20180419:1700,25.95,87.3,0.0,-0.0,0.0,418.8,1.59,172.0,100830.0
20180419:1800,25.75,87.3,0.0,-0.0,0.0,414.35,1.66,180.0,100760.0
20180419:1900,25.65,90.2,0.0,-0.0,0.0,414.35,1.38,199.0,100690.0
20180419:2000,25.26,90.2,0.0,-0.0,0.0,411.45,1.31,190.0,100670.0
20180419:2100,25.05,90.15,0.0,-0.0,0.0,409.1,1.45,174.0,100700.0
20180419:2200,25.08,90.15,0.0,-0.0,0.0,408.75,1.72,174.0,100700.0
20180419:2300,25.33,90.2,155.4,910.67,55.15,413.75,1.72,171.0,100750.0
20180420:0000,27.05,81.9,380.65,822.74,88.9,414.9,1.45,146.0,100780.0
20180420:0100,28.17,74.5,584.05,853.11,95.05,418.15,1.93,117.0,100810.0
20180420:0200,28.99,74.55,620.15,621.18,153.65,421.9,2.28,105.0,100830.0
20180420:0300,29.41,72.25,725.75,644.2,161.5,431.0,2.28,97.0,100820.0
20180420:0400,29.89,74.65,713.8,578.58,170.3,436.2,2.07,94.0,100770.0
20180420:0500,30.26,74.7,747.65,575.39,208.45,431.95,1.72,90.0,100700.0
20180420:0600,30.81,72.4,646.9,576.53,145.75,434.1,1.45,91.0,100630.0
20180420:0700,31.39,63.7,498.45,534.02,103.05,441.45,1.38,63.0,100550.0
20180420:0800,30.48,65.6,268.15,301.92,99.25,443.0,2.14,67.0,100510.0
20180420:0900,28.78,69.85,69.0,95.4,36.7,436.6,3.03,47.0,100590.0
20180420:1000,27.96,74.4,4.4,11.84,3.3,438.75,2.69,40.0,100620.0
20180420:1100,27.54,79.35,0.0,-0.0,0.0,426.35,2.21,43.0,100700.0
20180420:1200,27.19,79.35,0.0,-0.0,0.0,426.9,1.31,46.0,100800.0
20180420:1300,26.67,84.6,0.0,-0.0,0.0,428.3,0.9,94.0,100870.0
20180420:1400,26.4,87.35,0.0,-0.0,0.0,423.65,1.31,132.0,100950.0
20180420:1500,25.77,87.3,0.0,-0.0,0.0,426.55,1.66,143.0,100970.0
20180420:1600,25.77,87.3,0.0,-0.0,0.0,420.55,1.59,151.0,100930.0
20180420:1700,25.88,87.3,0.0,-0.0,0.0,419.4,1.86,163.0,100870.0
20180420:1800,25.71,87.3,0.0,-0.0,0.0,419.2,1.45,177.0,100800.0
20180420:1900,25.53,90.2,0.0,-0.0,0.0,428.65,1.03,168.0,100770.0
20180420:2000,25.39,93.15,0.0,-0.0,0.0,422.65,0.83,177.0,100750.0
20180420:2100,25.4,90.2,0.0,-0.0,0.0,426.55,0.97,219.0,100770.0
20180420:2200,25.16,90.2,0.0,-0.0,0.0,419.4,0.97,239.0,100800.0
20180420:2300,25.03,93.15,145.75,835.84,53.7,414.35,0.9,242.0,100830.0
20180421:0000,26.75,84.6,304.75,598.72,92.65,414.95,0.21,240.0,100900.0
20180421:0100,27.42,81.95,510.2,659.09,132.9,423.95,0.41,79.0,100950.0
20180421:0200,28.58,76.95,688.85,694.93,167.75,429.05,0.97,83.0,101000.0
20180421:0300,29.43,74.65,729.1,595.9,208.05,432.55,1.17,70.0,100940.0
20180421:0400,30.05,74.65,770.6,600.93,207.2,437.95,1.31,51.0,100820.0
20180421:0500,30.33,74.7,693.6,554.52,175.1,435.85,2.0,45.0,100730.0
20180421:0600,30.39,72.35,609.8,555.45,128.2,438.9,1.52,27.0,100650.0
20180421:0700,30.91,67.85,461.85,470.82,114.3,443.35,2.41,69.0,100530.0
20180421:0800,30.6,67.8,233.05,235.27,101.95,441.65,1.1,42.0,100520.0
20180421:0900,28.74,69.85,74.6,66.12,52.35,436.6,1.66,36.0,100640.0
20180421:1000,27.34,76.8,3.6,0.55,3.55,442.8,1.03,38.0,100680.0
20180421:1100,26.99,81.9,0.0,-0.0,0.0,434.65,0.9,30.0,100710.0
20180421:1200,26.99,84.6,0.0,-0.0,0.0,438.55,0.28,39.0,100730.0
20180421:1300,27.19,79.35,0.0,-0.0,0.0,431.4,0.21,5.0,100790.0
20180421:1400,26.56,87.35,0.0,-0.0,0.0,426.15,0.55,346.0,100840.0
20180421:1500,26.92,81.9,0.0,-0.0,0.0,427.1,0.21,335.0,100850.0
20180421:1600,26.71,81.9,0.0,-0.0,0.0,430.0,0.28,137.0,100860.0
20180421:1700,25.66,90.2,0.0,-0.0,0.0,422.85,0.55,147.0,100820.0
20180421:1800,26.28,81.85,0.0,-0.0,0.0,423.25,0.34,162.0,100750.0
20180421:1900,25.7,90.2,0.0,-0.0,0.0,424.2,1.79,128.0,100750.0
20180421:2000,25.59,93.15,0.0,-0.0,0.0,425.75,1.52,141.0,100700.0
20180421:2100,25.64,90.2,0.0,-0.0,0.0,431.2,1.45,139.0,100690.0
20180421:2200,25.66,87.3,0.0,-0.0,0.0,426.55,1.86,138.0,100690.0
20180421:2300,25.89,90.2,94.55,106.68,82.8,428.1,1.79,142.0,100730.0
20180422:0000,26.66,84.6,214.5,117.56,172.9,423.85,1.72,142.0,100800.0
20180422:0100,27.45,81.95,419.2,315.21,239.0,430.15,1.31,136.0,100830.0
20180422:0200,28.46,79.5,549.65,326.64,305.1,431.0,1.1,125.0,100890.0
20180422:0300,29.31,74.65,592.95,301.88,329.45,436.6,2.0,124.0,100830.0
20180422:0400,29.45,72.25,473.35,139.09,343.2,434.3,3.38,98.0,100740.0
20180422:0500,28.84,74.55,395.85,89.28,312.55,436.6,4.07,83.0,100620.0
20180422:0600,28.92,74.55,426.0,197.9,254.85,437.35,3.38,99.0,100590.0
20180422:0700,28.77,74.55,395.45,205.66,244.1,434.85,3.17,90.0,100470.0
20180422:0800,29.22,72.25,169.0,86.12,121.2,433.5,2.48,107.0,100480.0
20180422:0900,28.85,74.55,55.6,20.48,48.75,434.65,2.41,110.0,100530.0
20180422:1000,27.74,76.85,2.15,0.0,2.15,432.75,2.83,108.0,100590.0
20180422:1100,26.96,84.6,0.0,-0.0,0.0,434.45,2.83,111.0,100650.0
20180422:1200,26.79,84.6,0.0,-0.0,0.0,433.7,2.48,117.0,100670.0
20180422:1300,26.67,84.6,0.0,-0.0,0.0,429.45,2.34,120.0,100740.0
20180422:1400,26.35,87.35,0.0,-0.0,0.0,427.1,2.76,107.0,100810.0
20180422:1500,26.13,87.35,0.0,-0.0,0.0,420.55,2.41,105.0,100800.0
20180422:1600,25.86,90.2,0.0,-0.0,0.0,425.2,2.55,108.0,100800.0
20180422:1700,25.85,90.2,0.0,-0.0,0.0,432.15,2.76,106.0,100770.0
20180422:1800,25.66,90.2,0.0,-0.0,0.0,432.75,3.31,103.0,100730.0
20180422:1900,25.54,90.2,0.0,-0.0,0.0,422.85,2.48,117.0,100630.0
20180422:2000,25.34,93.15,0.0,-0.0,0.0,420.9,2.34,139.0,100600.0
20180422:2100,25.38,93.15,0.0,-0.0,0.0,426.55,1.93,142.0,100620.0
20180422:2200,25.35,93.15,0.0,-0.0,0.0,426.15,1.45,159.0,100640.0
20180422:2300,25.23,93.15,147.55,745.49,65.45,417.85,1.17,178.0,100740.0
20180423:0000,26.41,90.25,337.65,591.87,128.45,412.4,0.9,173.0,100820.0
20180423:0100,27.64,82.05,520.05,620.11,166.05,422.4,1.03,133.0,100890.0
20180423:0200,28.53,79.5,733.05,760.68,164.45,425.55,2.14,118.0,100880.0
20180423:0300,29.45,74.65,717.45,600.25,194.45,435.05,2.76,95.0,100840.0
20180423:0400,29.69,77.1,659.9,552.43,144.0,429.65,3.38,77.0,100800.0
20180423:0500,29.66,77.1,704.8,516.27,224.2,438.55,3.24,76.0,100720.0
20180423:0600,29.9,79.6,712.0,689.86,116.9,446.85,2.55,88.0,100620.0
20180423:0700,30.74,70.1,478.3,513.83,101.3,432.15,3.17,80.0,100510.0
20180423:0800,30.06,72.25,299.3,375.3,91.8,433.7,3.52,85.0,100460.0
20180423:0900,29.11,72.15,111.55,188.41,48.9,432.35,2.69,100.0,100500.0
20180423:1000,28.78,72.15,4.85,10.27,3.95,423.25,1.79,106.0,100580.0
20180423:1100,28.17,74.5,0.0,-0.0,0.0,419.55,1.86,119.0,100640.0
20180423:1200,27.65,79.4,0.0,-0.0,0.0,418.4,1.66,130.0,100700.0
20180423:1300,27.02,87.4,0.0,-0.0,0.0,420.9,1.24,143.0,100800.0
20180423:1400,26.15,87.35,0.0,-0.0,0.0,417.25,1.24,111.0,100890.0
20180423:1500,26.95,81.9,0.0,-0.0,0.0,420.15,0.34,158.0,100900.0
20180423:1600,25.6,90.2,0.0,-0.0,0.0,419.95,1.03,227.0,100900.0
20180423:1700,25.42,93.15,0.0,-0.0,0.0,422.45,1.03,205.0,100880.0
20180423:1800,25.22,90.2,0.0,-0.0,0.0,420.9,1.1,177.0,100810.0
20180423:1900,25.82,90.2,0.0,-0.0,0.0,419.0,0.9,179.0,100670.0
20180423:2000,25.34,90.2,0.0,-0.0,0.0,412.8,1.31,180.0,100630.0
20180423:2100,25.53,90.2,0.0,-0.0,0.0,415.3,1.17,186.0,100640.0
20180423:2200,24.87,93.15,0.0,-0.0,0.0,411.05,1.17,203.0,100650.0
20180423:2300,25.3,90.2,156.05,808.03,67.1,411.05,1.03,224.0,100740.0
20180424:0000,27.31,81.95,373.2,701.41,125.6,412.6,0.76,265.0,100800.0
20180424:0100,28.3,76.95,574.4,734.28,155.85,416.8,1.03,298.0,100880.0
20180424:0200,29.21,72.25,733.55,751.88,172.45,421.5,0.83,308.0,100880.0
20180424:0300,29.96,69.95,724.1,546.38,248.9,428.45,0.14,357.0,100800.0
20180424:0400,30.44,65.6,747.1,547.75,236.6,442.2,0.41,58.0,100710.0
20180424:0500,30.74,63.6,728.7,605.87,165.95,442.0,0.48,21.0,100600.0
20180424:0600,30.83,63.6,662.75,595.51,150.35,441.25,1.03,314.0,100530.0
20180424:0700,30.89,63.6,510.8,498.23,146.35,436.8,1.59,26.0,100510.0
20180424:0800,30.48,65.6,318.2,398.27,98.85,434.65,0.83,7.0,100460.0
20180424:0900,30.13,67.7,108.65,162.45,54.95,434.1,0.14,14.0,100490.0
20180424:1000,29.56,67.7,4.6,8.73,3.85,426.15,0.07,107.0,100570.0
20180424:1100,28.17,74.5,0.0,-0.0,0.0,428.85,0.62,24.0,100670.0
20180424:1200,27.9,72.0,0.0,-0.0,0.0,427.1,0.28,55.0,100780.0
20180424:1300,26.98,84.6,0.0,-0.0,0.0,423.45,0.69,200.0,100860.0
20180424:1400,26.69,81.9,0.0,-0.0,0.0,425.4,1.24,205.0,100910.0
20180424:1500,26.41,84.55,0.0,-0.0,0.0,430.4,1.1,180.0,100930.0
20180424:1600,26.03,87.3,0.0,-0.0,0.0,420.35,1.1,165.0,100910.0
20180424:1700,25.76,87.3,0.0,-0.0,0.0,417.25,1.24,185.0,100860.0
20180424:1800,25.53,87.3,0.0,-0.0,0.0,420.75,1.17,211.0,100790.0
20180424:1900,25.57,90.2,0.0,-0.0,0.0,418.8,1.24,175.0,100720.0
20180424:2000,25.34,90.2,0.0,-0.0,0.0,413.55,1.31,170.0,100650.0
20180424:2100,25.08,93.15,0.0,-0.0,0.0,411.25,1.1,178.0,100690.0
20180424:2200,24.81,90.15,0.0,-0.0,0.0,409.7,1.03,192.0,100730.0
20180424:2300,24.82,90.15,158.4,905.41,58.8,407.95,1.17,201.0,100800.0
20180425:0000,27.22,79.35,371.35,793.15,91.75,405.85,0.97,211.0,100860.0
20180425:0100,28.23,74.5,584.65,824.49,115.4,410.95,0.69,206.0,100920.0
20180425:0200,29.22,67.7,771.3,873.15,120.8,420.15,0.34,134.0,100940.0
20180425:0300,29.98,67.7,839.85,779.84,162.85,424.2,0.9,77.0,100900.0
20180425:0400,30.45,65.6,792.85,643.42,194.4,434.45,1.31,60.0,100790.0
20180425:0500,30.5,63.5,667.0,493.61,209.55,431.95,1.38,54.0,100690.0
20180425:0600,30.46,63.5,633.45,579.26,136.3,437.55,1.03,40.0,100590.0
20180425:0700,30.44,63.5,530.9,564.53,119.2,429.25,1.93,38.0,100570.0
20180425:0800,30.14,65.6,305.25,391.05,90.7,427.1,2.0,24.0,100510.0
20180425:0900,29.76,67.7,116.85,220.9,44.25,426.75,2.07,25.0,100550.0
20180425:1000,29.1,67.6,4.45,14.24,3.25,416.85,1.31,10.0,100660.0
20180425:1100,28.18,79.5,0.0,-0.0,0.0,424.0,0.69,275.0,100700.0
20180425:1200,27.36,76.8,0.0,-0.0,0.0,420.15,1.59,251.0,100830.0
20180425:1300,26.41,81.85,0.0,-0.0,0.0,415.1,1.59,250.0,100920.0
20180425:1400,26.04,81.8,0.0,-0.0,0.0,427.7,1.24,254.0,100970.0
20180425:1500,25.81,81.8,0.0,-0.0,0.0,423.45,1.31,258.0,101020.0
20180425:1600,25.42,84.45,0.0,-0.0,0.0,423.45,1.72,237.0,100990.0
20180425:1700,25.04,87.25,0.0,-0.0,0.0,416.1,1.72,213.0,100960.0
20180425:1800,24.88,87.25,0.0,-0.0,0.0,415.3,1.79,201.0,100900.0
20180425:1900,24.95,87.25,0.0,-0.0,0.0,414.75,1.45,131.0,100820.0
20180425:2000,24.81,87.25,0.0,-0.0,0.0,411.45,1.52,147.0,100770.0
20180425:2100,24.95,87.25,0.0,-0.0,0.0,407.55,1.52,156.0,100760.0
20180425:2200,24.57,90.1,0.0,-0.0,0.0,406.0,1.31,167.0,100800.0
20180425:2300,24.22,90.1,151.55,736.6,70.6,401.55,1.1,176.0,100870.0
20180426:0000,26.06,84.5,382.0,797.59,101.25,401.4,0.76,170.0,100960.0
20180426:0100,27.24,76.8,601.9,808.04,142.75,402.85,0.83,153.0,101000.0
20180426:0200,28.52,72.1,768.1,875.47,117.0,407.55,0.9,125.0,101000.0
20180426:0300,29.6,65.5,821.95,806.75,122.9,415.9,1.59,95.0,100950.0
20180426:0400,30.0,65.5,868.45,776.0,148.15,420.55,2.21,82.0,100840.0
20180426:0500,30.22,63.5,829.8,752.33,134.15,419.95,2.55,76.0,100740.0
20180426:0600,30.27,63.5,681.85,648.61,126.6,422.85,2.62,69.0,100640.0
20180426:0700,30.06,67.7,521.35,555.9,117.15,426.15,2.97,74.0,100580.0
20180426:0800,29.8,67.7,345.55,465.53,91.1,426.75,2.9,75.0,100540.0
20180426:0900,29.36,67.7,120.25,231.04,44.75,422.65,2.69,76.0,100590.0
20180426:1000,28.7,67.6,4.3,12.09,3.3,420.55,2.55,83.0,100670.0
20180426:1100,28.14,69.75,0.0,-0.0,0.0,424.6,2.41,98.0,100740.0
20180426:1200,27.66,74.4,0.0,-0.0,0.0,420.35,2.48,117.0,100850.0
20180426:1300,26.84,79.3,0.0,-0.0,0.0,410.45,2.69,130.0,100920.0
20180426:1400,26.54,81.85,0.0,-0.0,0.0,412.2,2.55,134.0,100980.0
20180426:1500,26.41,84.55,0.0,-0.0,0.0,408.55,2.48,137.0,100980.0
20180426:1600,26.32,84.55,0.0,-0.0,0.0,412.6,2.21,142.0,100960.0
20180426:1700,26.11,81.85,0.0,-0.0,0.0,409.5,2.0,147.0,100920.0
20180426:1800,25.73,84.5,0.0,-0.0,0.0,402.35,1.79,149.0,100840.0
20180426:1900,25.44,90.2,0.0,-0.0,0.0,403.5,1.66,167.0,100770.0
20180426:2000,25.23,87.3,0.0,-0.0,0.0,405.25,1.72,157.0,100770.0
20180426:2100,24.95,90.15,0.0,-0.0,0.0,401.0,1.72,155.0,100780.0
20180426:2200,24.8,87.25,0.0,-0.0,0.0,402.55,1.72,157.0,100850.0
20180426:2300,24.83,87.25,158.4,982.63,50.55,398.85,1.72,158.0,100940.0
20180427:0000,27.14,76.8,367.9,841.81,72.05,410.1,1.86,140.0,100980.0
20180427:0100,28.31,72.1,616.35,909.33,100.5,407.1,3.1,122.0,101010.0
20180427:0200,29.25,67.7,721.25,777.61,143.95,412.6,3.59,117.0,101000.0
20180427:0300,29.94,65.5,839.0,827.99,122.9,417.25,3.66,116.0,100960.0
20180427:0400,30.38,63.5,867.65,774.69,150.05,422.45,3.59,111.0,100890.0
20180427:0500,30.63,63.5,805.4,738.97,123.65,428.65,3.31,103.0,100800.0
20180427:0600,30.78,61.55,654.0,617.53,126.7,426.15,3.31,94.0,100770.0
20180427:0700,30.4,65.6,531.3,593.28,101.2,428.3,3.24,86.0,100720.0
20180427:0800,30.3,65.6,313.9,411.82,89.65,430.6,3.24,83.0,100710.0
20180427:0900,29.71,67.7,92.25,164.02,38.95,426.35,3.45,88.0,100720.0
20180427:1000,28.86,69.85,3.85,13.55,2.75,421.5,3.1,97.0,100790.0
20180427:1100,28.09,76.85,0.0,-0.0,0.0,413.95,2.76,107.0,100870.0
20180427:1200,27.3,79.35,0.0,-0.0,0.0,421.1,2.55,117.0,100960.0
20180427:1300,27.03,84.6,0.0,-0.0,0.0,412.0,2.14,123.0,101060.0
20180427:1400,26.66,84.6,0.0,-0.0,0.0,413.55,2.21,129.0,101120.0
20180427:1500,26.4,87.35,0.0,-0.0,0.0,411.45,2.07,130.0,101130.0
20180427:1600,26.12,87.35,0.0,-0.0,0.0,411.05,1.93,150.0,101130.0
20180427:1700,25.81,90.2,0.0,-0.0,0.0,411.85,1.93,158.0,101070.0
20180427:1800,25.5,90.2,0.0,-0.0,0.0,410.85,1.66,166.0,101010.0
20180427:1900,25.24,90.2,0.0,-0.0,0.0,401.55,1.38,171.0,100940.0
20180427:2000,24.95,93.15,0.0,-0.0,0.0,406.0,1.38,187.0,100930.0
20180427:2100,24.67,90.15,0.0,-0.0,0.0,402.9,1.45,202.0,100960.0
20180427:2200,24.45,93.1,0.0,-0.0,0.0,402.75,1.45,210.0,100980.0
20180427:2300,24.46,93.1,161.5,1016.11,50.15,401.95,1.38,214.0,101050.0
20180428:0000,27.03,81.9,391.35,893.52,77.85,405.85,0.97,216.0,101120.0
20180428:0100,28.3,72.1,597.45,876.19,101.25,405.55,0.76,206.0,101170.0
20180428:0200,29.41,67.7,776.0,886.9,118.75,413.75,0.55,201.0,101160.0
20180428:0300,30.48,63.5,776.75,683.5,186.75,421.3,0.0,271.0,101130.0
20180428:0400,30.96,61.55,891.35,824.97,128.75,426.55,0.41,354.0,101030.0
20180428:0500,31.58,59.65,805.55,738.74,125.55,424.0,0.83,358.0,100910.0
20180428:0600,31.86,57.85,697.4,660.43,134.9,432.55,1.17,12.0,100790.0
20180428:0700,31.47,59.65,478.8,510.99,109.45,437.0,0.69,337.0,100780.0
20180428:0800,30.5,63.5,309.4,388.0,98.9,434.1,1.66,240.0,100730.0
20180428:0900,28.97,67.6,114.2,211.97,45.7,421.9,2.21,226.0,100760.0
20180428:1000,28.75,65.4,4.1,16.32,2.8,422.3,0.62,229.0,100810.0
20180428:1100,28.13,74.5,0.0,-0.0,0.0,422.65,0.69,64.0,100870.0
20180428:1200,28.12,69.75,0.0,-0.0,0.0,419.0,0.69,41.0,100940.0
20180428:1300,28.11,72.0,0.0,-0.0,0.0,419.75,0.55,337.0,101020.0
20180428:1400,26.52,81.85,0.0,-0.0,0.0,418.2,1.1,270.0,101070.0
20180428:1500,25.96,84.5,0.0,-0.0,0.0,412.2,1.38,243.0,101070.0
20180428:1600,25.44,87.3,0.0,-0.0,0.0,410.3,1.24,226.0,101090.0
20180428:1700,25.21,87.3,0.0,-0.0,0.0,411.25,1.31,217.0,101060.0
20180428:1800,24.87,90.15,0.0,-0.0,0.0,404.3,1.45,213.0,100990.0
20180428:1900,24.77,87.25,0.0,-0.0,0.0,397.9,1.72,194.0,100870.0
20180428:2000,24.48,90.1,0.0,-0.0,0.0,394.6,1.79,193.0,100850.0
20180428:2100,24.13,90.1,0.0,-0.0,0.0,389.75,1.79,197.0,100880.0
20180428:2200,23.65,93.1,0.0,-0.0,0.0,384.15,1.72,206.0,100920.0
20180428:2300,23.4,93.05,181.35,1211.36,48.85,375.25,1.66,204.0,100990.0
20180429:0000,25.87,81.8,421.0,992.6,73.35,375.85,1.38,199.0,101040.0
20180429:0100,27.93,67.4,643.0,984.41,86.5,378.25,1.31,175.0,101090.0
20180429:0200,29.43,55.5,810.95,961.74,99.55,381.45,1.45,157.0,101100.0
20180429:0300,30.65,48.75,925.4,957.2,100.75,386.45,1.38,140.0,101030.0
20180429:0400,31.58,44.2,909.45,861.87,114.4,390.35,1.52,113.0,100940.0
20180429:0500,32.2,41.55,856.85,813.16,110.05,394.6,1.79,91.0,100840.0
20180429:0600,32.48,41.55,662.5,622.66,133.5,397.9,2.21,81.0,100740.0
20180429:0700,32.04,45.85,506.25,534.48,121.05,409.7,2.28,67.0,100690.0
20180429:0800,31.6,47.25,342.15,481.27,82.0,413.4,2.55,64.0,100640.0
20180429:0900,31.0,50.45,133.5,281.58,43.0,407.75,2.76,68.0,100650.0
20180429:1000,29.86,57.4,4.35,19.82,2.8,407.0,2.07,77.0,100680.0
20180429:1100,28.47,67.5,0.0,-0.0,0.0,407.75,1.45,99.0,100710.0
20180429:1200,27.44,74.3,0.0,-0.0,0.0,408.35,1.59,122.0,100790.0
20180429:1300,26.93,74.25,0.0,-0.0,0.0,404.3,2.0,127.0,100860.0
20180429:1400,26.53,79.2,0.0,-0.0,0.0,400.8,2.21,130.0,100930.0
20180429:1500,26.14,79.2,0.0,-0.0,0.0,397.9,2.34,130.0,100960.0
20180429:1600,25.78,81.8,0.0,-0.0,0.0,394.8,2.21,127.0,100970.0
20180429:1700,25.32,84.45,0.0,-0.0,0.0,393.65,1.93,142.0,100930.0
20180429:1800,24.7,87.25,0.0,-0.0,0.0,391.3,1.72,165.0,100870.0
20180429:1900,24.63,87.25,0.0,-0.0,0.0,397.5,1.79,162.0,100800.0
20180429:2000,24.17,90.1,0.0,-0.0,0.0,390.75,1.72,170.0,100800.0
20180429:2100,23.92,93.1,0.0,-0.0,0.0,394.4,1.66,176.0,100810.0
20180429:2200,23.62,93.1,0.0,-0.0,0.0,388.8,1.72,189.0,100870.0
20180429:2300,23.58,93.05,180.0,1213.25,47.58,383.55,1.86,197.0,100900.0
20180430:0000,26.22,79.2,410.8,956.68,76.35,382.6,1.72,193.0,100990.0
20180430:0100,28.2,63.2,639.6,981.33,85.85,390.25,1.86,170.0,101020.0
20180430:0200,29.53,53.7,811.85,968.9,96.5,391.5,1.86,145.0,101050.0
20180430:0300,30.6,50.3,923.1,959.67,97.95,394.8,2.07,123.0,101000.0
20180430:0400,31.39,45.7,952.7,922.12,103.85,399.05,2.41,104.0,100930.0
20180430:0500,31.88,44.3,903.2,876.56,100.0,399.85,2.76,91.0,100840.0
20180430:0600,32.06,42.85,751.35,761.76,105.8,400.6,2.97,83.0,100760.0
20180430:0700,31.89,42.85,498.2,534.29,114.25,403.5,3.24,85.0,100740.0
20180430:0800,31.32,45.7,347.2,502.13,76.75,409.7,3.31,81.0,100730.0
20180430:0900,30.63,50.3,119.6,253.84,38.45,406.0,3.38,81.0,100730.0
20180430:1000,29.57,55.5,4.4,18.23,3.0,409.9,2.9,88.0,100780.0
20180430:1100,28.62,63.2,0.0,-0.0,0.0,401.0,2.55,109.0,100830.0
20180430:1200,27.87,67.4,0.0,-0.0,0.0,398.85,2.69,128.0,100870.0
20180430:1300,27.61,69.6,0.0,-0.0,0.0,418.4,2.55,130.0,100940.0
20180430:1400,27.14,71.9,0.0,-0.0,0.0,407.2,2.28,121.0,101020.0
20180430:1500,26.63,76.7,0.0,-0.0,0.0,396.75,2.34,126.0,101040.0
20180430:1600,23.69,88.24,0.0,-0.0,0.0,378.77,1.85,135.0,101000.0
20180430:1700,24.1,87.23,0.0,-0.0,0.0,382.55,1.85,142.0,100980.0
20180430:1800,24.51,86.23,0.0,-0.0,0.0,386.33,1.85,157.0,100910.0
20180430:1900,24.91,85.22,0.0,-0.0,0.0,390.11,1.85,168.0,100870.0
20180430:2000,25.32,84.22,0.0,-0.0,0.0,393.89,1.85,177.0,100840.0
20180430:2100,25.72,83.21,0.0,-0.0,0.0,397.67,1.85,183.0,100850.0
20180430:2200,26.13,82.21,0.0,-0.0,0.0,401.45,1.85,188.0,100890.0
20180430:2300,26.53,81.2,178.25,1188.04,48.9,405.23,1.85,189.0,100930.0
20140501:0000,26.94,80.2,336.75,661.63,105.9,409.01,1.84,189.0,100930.0
20140501:0100,27.35,79.19,546.6,744.64,127.2,412.79,1.84,98.0,100960.0
20140501:0200,27.75,78.19,686.3,711.9,161.7,416.57,1.84,73.0,100960.0
20140501:0300,28.16,77.18,738.55,672.75,161.25,420.35,1.84,60.0,100900.0
20140501:0400,28.56,76.18,784.65,681.25,158.85,424.13,1.84,58.0,100830.0
20140501:0500,28.97,75.17,697.05,571.51,174.55,427.91,1.84,59.0,100760.0
20140501:0600,29.37,74.17,595.85,534.23,144.25,431.69,1.84,58.0,100650.0
20140501:0700,29.78,73.16,412.65,389.23,133.75,435.47,1.84,51.0,100630.0
20140501:0800,29.73,70.0,275.45,351.13,87.0,431.2,1.86,55.0,100590.0
20140501:0900,29.09,74.55,99.85,202.18,35.55,431.4,1.17,54.0,100590.0
20140501:1000,28.44,76.95,3.3,8.62,2.65,426.55,1.38,77.0,100640.0
20140501:1100,27.38,81.95,0.0,-0.0,0.0,421.9,1.66,109.0,100710.0
20140501:1200,26.76,84.6,0.0,-0.0,0.0,424.8,1.24,145.0,100840.0
20140501:1300,25.94,90.2,0.0,-0.0,0.0,424.4,1.17,178.0,100990.0
20140501:1400,25.53,93.15,0.0,-0.0,0.0,420.55,1.66,190.0,101030.0
20140501:1500,25.49,93.15,0.0,-0.0,0.0,424.4,1.59,175.0,101040.0
20140501:1600,25.37,93.15,0.0,-0.0,0.0,421.7,1.38,178.0,101070.0
20140501:1700,25.46,90.2,0.0,-0.0,0.0,423.65,1.45,197.0,101000.0
20140501:1800,25.15,90.2,0.0,-0.0,0.0,425.0,1.86,205.0,100900.0
20140501:1900,25.61,93.15,0.0,-0.0,0.0,419.55,1.86,166.0,100870.0
20140501:2000,25.41,93.15,0.0,-0.0,0.0,413.95,1.86,158.0,100800.0
20140501:2100,25.56,93.15,0.0,-0.0,0.0,420.35,1.79,156.0,100840.0
20140501:2200,25.31,93.15,0.0,-0.0,0.0,417.05,1.66,161.0,100870.0
20140501:2300,25.17,93.15,125.85,653.45,54.9,414.75,1.52,167.0,100950.0
20140502:0000,26.34,87.35,326.95,663.7,95.85,413.75,1.52,159.0,101020.0
20140502:0100,27.71,79.4,572.7,813.15,115.6,417.35,2.14,142.0,101050.0
20140502:0200,28.9,74.55,722.35,804.99,130.3,419.2,2.62,124.0,101060.0
20140502:0300,29.73,70.0,756.55,674.05,179.3,423.25,2.97,111.0,101010.0
20140502:0400,30.09,70.0,791.75,707.68,143.05,432.35,3.17,105.0,100930.0
20140502:0500,30.18,70.0,750.95,664.68,144.65,431.95,3.38,103.0,100860.0
20140502:0600,30.34,67.85,632.6,613.48,115.3,429.65,3.31,102.0,100750.0
20140502:0700,30.27,67.85,519.9,559.33,120.25,428.3,3.24,99.0,100730.0
20140502:0800,30.19,67.8,335.05,483.14,76.65,423.25,3.31,103.0,100690.0
20140502:0900,29.79,67.8,123.9,261.37,41.2,423.85,3.24,106.0,100690.0
20140502:1000,29.01,74.55,4.1,18.21,2.75,416.45,2.62,108.0,100740.0
20140502:1100,28.16,79.4,0.0,-0.0,0.0,414.75,2.34,122.0,100790.0
20140502:1200,27.44,81.95,0.0,-0.0,0.0,403.7,2.55,124.0,100870.0
20140502:1300,27.0,84.6,0.0,-0.0,0.0,404.45,2.28,130.0,100970.0
20140502:1400,26.61,87.35,0.0,-0.0,0.0,405.05,2.0,142.0,101030.0
20140502:1500,26.21,87.35,0.0,-0.0,0.0,403.1,1.86,147.0,101060.0
20140502:1600,25.87,90.2,0.0,-0.0,0.0,406.0,1.72,152.0,101050.0
20140502:1700,25.65,93.15,0.0,-0.0,0.0,409.1,1.66,160.0,101010.0
20140502:1800,25.33,93.15,0.0,-0.0,0.0,406.6,1.66,168.0,100890.0
20140502:1900,25.36,93.15,0.0,-0.0,0.0,410.1,1.45,172.0,100890.0
20140502:2000,24.85,96.2,0.0,-0.0,0.0,407.2,1.24,179.0,100850.0
20140502:2100,24.91,93.15,0.0,-0.0,0.0,411.45,1.52,183.0,100860.0
20140502:2200,24.82,93.15,0.0,-0.0,0.0,407.2,1.66,185.0,100870.0
20140502:2300,24.95,93.15,136.85,817.13,48.4,408.55,1.59,183.0,100900.0
20140503:0000,27.02,84.6,369.3,784.84,96.6,413.55,1.52,172.0,100970.0
20140503:0100,28.38,76.95,602.4,909.32,92.25,416.4,2.21,131.0,100990.0
20140503:0200,29.31,72.25,614.2,665.58,125.65,415.9,3.31,108.0,101030.0
20140503:0300,29.64,72.25,677.6,628.2,140.7,422.85,4.07,99.0,100980.0
20140503:0400,29.77,70.0,718.95,642.16,131.55,431.0,4.07,97.0,100890.0
20140503:0500,29.72,72.35,685.85,595.2,144.15,439.7,4.14,95.0,100820.0
20140503:0600,29.9,72.35,581.6,514.95,148.45,431.55,4.0,98.0,100700.0
20140503:0700,29.83,70.0,475.25,493.32,123.75,437.35,3.52,100.0,100650.0
20140503:0800,28.73,74.55,250.55,301.78,89.7,431.55,3.24,101.0,100590.0
20140503:0900,28.58,76.95,106.95,214.24,39.5,427.1,2.28,115.0,100650.0
20140503:1000,27.39,79.35,2.8,7.55,2.25,423.45,2.21,106.0,100720.0
20140503:1100,27.0,84.6,0.0,-0.0,0.0,419.95,1.52,119.0,100760.0
20140503:1200,26.62,87.35,0.0,-0.0,0.0,419.4,1.59,121.0,100870.0
20140503:1300,26.32,87.35,0.0,-0.0,0.0,423.85,1.93,128.0,100890.0
20140503:1400,26.1,90.2,0.0,-0.0,0.0,419.4,1.72,130.0,100920.0
20140503:1500,25.75,90.2,0.0,-0.0,0.0,418.6,1.79,122.0,100920.0
20140503:1600,25.64,93.15,0.0,-0.0,0.0,419.55,2.14,120.0,100920.0
20140503:1700,25.51,93.15,0.0,-0.0,0.0,419.75,2.41,114.0,100890.0
20140503:1800,25.42,93.15,0.0,-0.0,0.0,418.6,2.28,138.0,100820.0
20140503:1900,25.42,90.2,0.0,-0.0,0.0,416.3,2.34,144.0,100740.0
20140503:2000,25.28,90.2,0.0,-0.0,0.0,411.45,2.55,129.0,100730.0
20140503:2100,25.29,90.2,0.0,-0.0,0.0,412.2,3.24,127.0,100720.0
20140503:2200,25.51,90.2,0.0,-0.0,0.0,414.15,2.69,131.0,100740.0
20140503:2300,25.46,93.15,138.65,729.51,59.95,410.1,2.21,127.0,100790.0
20140504:0000,26.39,87.35,276.6,456.32,118.4,414.9,2.34,121.0,100870.0
20140504:0100,27.26,81.95,424.8,516.18,135.8,422.0,2.62,115.0,100940.0
20140504:0200,28.0,82.05,578.25,500.78,211.4,420.35,2.48,112.0,100950.0
20140504:0300,28.68,82.1,514.3,345.17,219.9,431.2,2.48,105.0,100910.0
20140504:0400,28.87,74.55,562.3,315.41,274.4,445.5,3.38,104.0,100830.0
20140504:0500,28.92,77.0,574.6,297.11,304.8,436.6,3.03,104.0,100720.0
20140504:0600,29.2,74.65,510.8,372.01,198.65,434.85,3.17,105.0,100600.0
20140504:0700,29.68,74.65,241.7,96.33,173.25,433.9,3.17,113.0,100530.0
20140504:0800,28.41,76.95,213.1,190.98,111.65,435.25,2.48,123.0,100580.0
20140504:0900,28.07,79.4,56.95,22.5,49.9,432.15,2.28,112.0,100590.0
20140504:1000,27.71,79.4,2.15,0.0,2.15,430.6,2.14,116.0,100650.0
20140504:1100,27.06,84.6,0.0,-0.0,0.0,422.1,2.48,118.0,100680.0
20140504:1200,26.69,84.6,0.0,-0.0,0.0,423.85,2.48,122.0,100760.0
20140504:1300,26.42,87.35,0.0,-0.0,0.0,424.4,2.76,121.0,100850.0
20140504:1400,26.07,90.2,0.0,-0.0,0.0,425.2,2.69,133.0,100920.0
20140504:1500,25.68,90.2,0.0,-0.0,0.0,420.55,2.76,132.0,100920.0
20140504:1600,25.78,90.2,0.0,-0.0,0.0,428.65,2.9,129.0,100920.0
20140504:1700,25.6,93.15,0.0,-0.0,0.0,425.55,2.21,125.0,100880.0
20140504:1800,25.36,90.2,0.0,-0.0,0.0,421.1,2.07,111.0,100850.0
20140504:1900,25.76,90.2,0.0,-0.0,0.0,420.9,2.55,135.0,100780.0
20140504:2000,25.65,93.15,0.0,-0.0,0.0,424.2,2.41,135.0,100740.0
20140504:2100,25.6,93.15,0.0,-0.0,0.0,423.85,2.55,137.0,100740.0
20140504:2200,25.73,90.2,0.0,-0.0,0.0,419.0,2.62,142.0,100770.0
20140504:2300,25.61,93.15,118.15,534.49,60.7,419.95,2.41,143.0,100810.0
20140505:0000,26.57,87.35,238.05,325.69,125.4,420.75,2.97,126.0,100890.0
20140505:0100,27.34,81.95,439.95,490.94,165.65,427.4,3.72,121.0,100960.0
20140505:0200,28.28,76.95,545.5,460.77,208.65,430.4,3.31,113.0,100950.0
20140505:0300,28.85,77.0,604.9,365.26,294.0,433.1,3.17,107.0,100930.0
20140505:0400,29.02,79.55,584.5,303.29,308.25,434.45,3.03,102.0,100830.0
20140505:0500,29.44,74.65,445.85,168.54,293.15,434.1,2.83,101.0,100750.0
20140505:0600,28.82,74.55,407.85,271.43,180.65,438.35,3.03,94.0,100690.0
20140505:0700,28.78,77.0,305.4,186.21,173.45,433.7,3.24,101.0,100670.0
20140505:0800,28.53,79.5,203.45,151.94,123.0,431.75,3.24,107.0,100630.0
20140505:0900,28.26,79.5,72.75,56.12,55.25,428.1,2.76,124.0,100660.0
20140505:1000,27.65,81.95,2.65,0.71,2.6,427.9,2.69,129.0,100690.0
20140505:1100,27.15,84.6,0.0,-0.0,0.0,426.35,2.28,144.0,100750.0
20140505:1200,26.88,84.6,0.0,-0.0,0.0,427.5,2.14,149.0,100830.0
20140505:1300,26.77,84.6,0.0,-0.0,0.0,422.65,2.34,140.0,100850.0
20140505:1400,26.68,84.6,0.0,-0.0,0.0,417.65,2.41,138.0,100910.0
20140505:1500,26.62,87.35,0.0,-0.0,0.0,417.65,2.48,137.0,100900.0
20140505:1600,26.47,87.35,0.0,-0.0,0.0,410.45,2.48,136.0,100920.0
20140505:1700,26.35,87.35,0.0,-0.0,0.0,412.2,2.55,138.0,100870.0
20140505:1800,26.24,87.35,0.0,-0.0,0.0,410.85,2.48,138.0,100840.0
20140505:1900,26.3,87.35,0.0,-0.0,0.0,410.85,2.41,150.0,100770.0
20140505:2000,26.07,90.2,0.0,-0.0,0.0,405.25,2.48,155.0,100760.0
20140505:2100,25.87,87.3,0.0,-0.0,0.0,405.45,2.55,158.0,100760.0
20140505:2200,25.69,84.5,0.0,-0.0,0.0,405.65,2.62,159.0,100790.0
20140505:2300,25.64,87.3,157.05,959.28,54.35,400.0,2.62,157.0,100860.0
20140506:0000,26.86,79.3,374.0,829.28,87.85,403.1,2.9,150.0,100880.0
20140506:0100,28.3,74.5,578.45,845.68,106.95,404.0,3.86,136.0,100920.0
20140506:0200,29.32,69.95,742.8,816.86,146.85,408.55,4.41,120.0,100940.0
20140506:0300,30.04,67.8,844.45,831.22,138.4,415.3,4.41,115.0,100890.0
20140506:0400,30.54,65.7,879.0,835.56,119.55,416.45,4.34,114.0,100800.0
20140506:0500,30.88,65.7,854.4,810.28,121.9,419.95,4.14,111.0,100710.0
20140506:0600,31.09,63.6,730.35,736.12,115.65,415.9,3.66,104.0,100660.0
20140506:0700,30.96,61.55,577.6,694.34,86.9,409.1,3.38,102.0,100580.0
20140506:0800,30.73,61.55,342.7,514.43,71.2,406.6,3.1,100.0,100560.0
20140506:0900,30.13,65.6,126.2,276.11,40.5,404.85,2.83,101.0,100580.0
20140506:1000,29.13,72.15,3.45,15.13,2.4,403.3,2.21,113.0,100620.0
20140506:1100,28.01,79.4,0.0,-0.0,0.0,403.7,2.41,125.0,100680.0
20140506:1200,27.32,81.95,0.0,-0.0,0.0,405.05,2.62,128.0,100740.0
20140506:1300,26.88,87.4,0.0,-0.0,0.0,406.4,2.55,128.0,100810.0
20140506:1400,26.66,90.25,0.0,-0.0,0.0,411.45,2.34,131.0,100850.0
20140506:1500,26.48,90.25,0.0,-0.0,0.0,414.35,2.34,133.0,100880.0
20140506:1600,26.22,87.35,0.0,-0.0,0.0,413.55,2.21,138.0,100870.0
20140506:1700,26.01,90.2,0.0,-0.0,0.0,416.65,2.21,140.0,100850.0
20140506:1800,25.69,90.2,0.0,-0.0,0.0,410.1,2.0,146.0,100760.0
20140506:1900,25.73,90.2,0.0,-0.0,0.0,410.45,1.72,165.0,100690.0
20140506:2000,25.33,93.15,0.0,-0.0,0.0,405.85,1.72,166.0,100640.0
20140506:2100,25.09,96.2,0.0,-0.0,0.0,404.85,1.66,167.0,100660.0
20140506:2200,24.85,96.2,0.0,-0.0,0.0,403.7,1.59,172.0,100720.0
20140506:2300,24.73,96.2,150.1,895.86,54.6,399.65,1.45,185.0,100790.0
20140507:0000,26.84,84.6,390.4,889.6,84.2,397.1,1.24,181.0,100840.0
20140507:0100,28.37,76.95,611.1,925.17,96.4,398.0,1.45,142.0,100920.0
20140507:0200,29.48,72.25,772.8,905.99,113.2,402.95,1.79,118.0,100940.0
20140507:0300,30.34,67.85,813.05,812.96,123.95,405.05,2.0,112.0,100910.0
20140507:0400,30.85,65.7,904.5,865.62,119.4,410.85,2.21,114.0,100820.0
20140507:0500,31.36,61.65,809.9,770.94,114.5,413.75,2.28,114.0,100740.0
20140507:0600,31.57,61.65,714.15,729.47,106.45,416.45,2.41,111.0,100650.0
20140507:0700,31.52,59.65,503.45,585.01,91.1,419.95,3.52,95.0,100620.0
20140507:0800,30.68,63.6,310.2,447.15,74.95,419.75,3.86,86.0,100600.0
20140507:0900,29.53,69.95,107.35,223.14,38.4,422.85,3.66,83.0,100650.0
20140507:1000,28.81,72.15,2.95,10.97,2.2,420.15,2.83,93.0,100710.0
20140507:1100,28.11,79.4,0.0,-0.0,0.0,411.85,2.41,111.0,100760.0
20140507:1200,27.58,81.95,0.0,-0.0,0.0,408.9,2.14,121.0,100840.0
20140507:1300,27.1,84.6,0.0,-0.0,0.0,409.3,1.86,134.0,100920.0
20140507:1400,26.67,87.4,0.0,-0.0,0.0,411.85,1.72,150.0,100960.0
20140507:1500,26.21,90.25,0.0,-0.0,0.0,411.25,1.52,167.0,101000.0
20140507:1600,25.76,90.2,0.0,-0.0,0.0,407.75,1.52,186.0,100970.0
20140507:1700,25.5,93.15,0.0,-0.0,0.0,410.65,1.59,199.0,100900.0
20140507:1800,25.22,93.15,0.0,-0.0,0.0,407.55,1.59,216.0,100800.0
20140507:1900,25.37,93.15,0.0,-0.0,0.0,407.0,1.31,185.0,100750.0
20140507:2000,25.03,96.2,0.0,-0.0,0.0,406.6,1.31,186.0,100730.0
20140507:2100,24.6,99.4,0.0,-0.0,0.0,401.4,1.31,192.0,100730.0
20140507:2200,24.28,96.2,0.0,-0.0,0.0,399.25,1.38,201.0,100780.0
20140507:2300,24.26,96.2,164.5,1089.87,48.85,398.3,1.31,204.0,100830.0
20140508:0000,27.2,81.95,391.15,909.37,78.95,400.0,1.1,192.0,100870.0
20140508:0100,28.65,76.95,601.55,916.5,92.8,405.55,1.1,160.0,100910.0
20140508:0200,29.85,67.8,753.15,895.85,102.3,412.8,1.31,138.0,100930.0
20140508:0300,30.8,63.6,853.55,882.45,107.1,420.15,1.59,121.0,100880.0
20140508:0400,31.45,59.65,834.45,807.07,104.0,422.45,1.86,108.0,100790.0
20140508:0500,31.73,57.85,815.25,771.31,121.05,426.15,2.14,94.0,100710.0
20140508:0600,31.92,57.85,671.4,676.74,108.95,426.9,2.34,80.0,100630.0
20140508:0700,31.64,61.65,498.9,570.67,97.7,431.75,2.48,71.0,100620.0
20140508:0800,31.17,65.7,315.05,451.58,78.2,434.45,2.34,79.0,100550.0
20140508:0900,30.7,65.7,118.4,260.34,38.3,424.2,2.07,94.0,100580.0
20140508:1000,29.92,67.8,3.15,12.62,2.3,424.2,1.45,106.0,100640.0
20140508:1100,28.72,77.0,0.0,-0.0,0.0,418.4,1.17,105.0,100700.0
20140508:1200,27.87,82.05,0.0,-0.0,0.0,416.65,1.03,118.0,100800.0
20140508:1300,27.55,81.95,0.0,-0.0,0.0,413.75,1.03,158.0,100870.0
20140508:1400,26.87,84.6,0.0,-0.0,0.0,412.6,1.1,173.0,100940.0
20140508:1500,26.28,87.35,0.0,-0.0,0.0,412.4,1.17,186.0,100970.0
20140508:1600,25.9,90.2,0.0,-0.0,0.0,413.55,1.45,201.0,100970.0
20140508:1700,25.67,90.2,0.0,-0.0,0.0,416.45,1.38,199.0,100940.0
20140508:1800,25.44,93.15,0.0,-0.0,0.0,412.8,1.31,177.0,100870.0
20140508:1900,25.67,90.2,0.0,-0.0,0.0,415.1,1.03,184.0,100790.0
20140508:2000,25.25,93.15,0.0,-0.0,0.0,414.35,1.17,163.0,100760.0
20140508:2100,24.99,96.2,0.0,-0.0,0.0,411.45,1.17,179.0,100780.0
20140508:2200,24.86,93.15,0.0,-0.0,0.0,412.0,1.24,210.0,100810.0
20140508:2300,24.99,93.15,133.6,790.27,50.15,411.25,1.31,230.0,100890.0
20140509:0000,27.35,81.95,365.5,821.54,84.2,415.5,1.31,260.0,100970.0
20140509:0100,28.46,76.95,578.0,858.62,102.45,414.65,1.59,270.0,101010.0
20140509:0200,29.42,72.25,637.85,693.68,134.95,419.55,1.31,267.0,101000.0
20140509:0300,29.99,70.0,693.8,651.63,143.75,431.75,0.83,285.0,100950.0
20140509:0400,30.48,65.7,744.45,664.28,144.5,435.85,0.48,320.0,100860.0
20140509:0500,30.84,65.7,787.15,721.05,139.6,442.6,0.55,359.0,100740.0
20140509:0600,30.99,67.85,547.3,488.06,142.6,438.9,0.62,8.0,100620.0
20140509:0700,30.3,65.7,371.75,324.85,143.95,447.65,0.07,317.0,100650.0
20140509:0800,30.02,67.8,277.1,358.27,89.75,442.2,0.69,207.0,100640.0
20140509:0900,30.06,67.8,94.6,182.45,38.7,429.85,1.1,203.0,100620.0
20140509:1000,29.37,69.95,2.35,6.78,1.9,431.4,1.52,134.0,100670.0
20140509:1100,28.52,76.95,0.0,-0.0,0.0,419.75,1.31,111.0,100720.0
20140509:1200,27.63,84.65,0.0,-0.0,0.0,424.2,1.1,133.0,100820.0
20140509:1300,27.09,84.6,0.0,-0.0,0.0,420.9,1.31,140.0,100890.0
20140509:1400,26.56,87.35,0.0,-0.0,0.0,416.45,1.38,142.0,100950.0
20140509:1500,26.39,87.35,0.0,-0.0,0.0,424.0,1.38,145.0,100990.0
20140509:1600,26.26,87.35,0.0,-0.0,0.0,421.5,1.52,150.0,100960.0
20140509:1700,26.14,90.2,0.0,-0.0,0.0,425.95,1.45,159.0,100930.0
20140509:1800,25.77,90.2,0.0,-0.0,0.0,419.95,1.31,174.0,100850.0
20140509:1900,25.68,90.2,0.0,-0.0,0.0,417.45,0.97,191.0,100780.0
20140509:2000,25.33,93.15,0.0,-0.0,0.0,413.75,0.97,195.0,100740.0
20140509:2100,24.94,96.2,0.0,-0.0,0.0,413.0,1.17,192.0,100740.0
20140509:2200,24.62,96.2,0.0,-0.0,0.0,405.05,1.31,193.0,100760.0
20140509:2300,24.62,96.2,164.35,1107.1,48.05,405.45,1.31,196.0,100800.0
20140510:0000,27.13,84.6,368.05,839.31,81.45,405.85,1.03,190.0,100860.0
20140510:0100,28.26,74.5,592.45,901.13,94.5,409.25,1.17,147.0,100910.0
20140510:0200,29.46,67.7,763.45,910.81,104.55,409.3,1.72,128.0,100940.0
20140510:0300,30.39,63.6,851.8,881.7,109.1,414.55,2.21,117.0,100900.0
20140510:0400,30.97,61.55,893.4,869.23,110.0,417.25,2.55,109.0,100800.0
20140510:0500,31.39,59.65,813.25,754.75,136.9,416.3,2.69,104.0,100700.0
20140510:0600,31.55,57.75,689.9,672.48,133.55,418.2,2.83,96.0,100590.0
20140510:0700,31.52,57.75,495.2,535.6,120.55,427.7,2.55,75.0,100540.0
20140510:0800,31.25,57.75,323.6,465.0,81.15,429.85,2.83,66.0,100500.0
20140510:0900,30.71,59.55,120.55,259.7,41.3,414.9,2.9,65.0,100540.0
20140510:1000,29.8,63.5,2.95,12.21,2.15,419.95,2.34,77.0,100580.0
20140510:1100,28.85,69.85,0.0,-0.0,0.0,417.45,2.07,96.0,100640.0
20140510:1200,28.14,76.85,0.0,-0.0,0.0,413.95,2.21,112.0,100740.0
20140510:1300,27.69,79.4,0.0,-0.0,0.0,416.65,2.34,118.0,100820.0
20140510:1400,27.36,81.95,0.0,-0.0,0.0,418.4,2.21,124.0,100890.0
20140510:1500,26.83,84.6,0.0,-0.0,0.0,413.95,2.14,124.0,100940.0
20140510:1600,26.47,87.35,0.0,-0.0,0.0,407.0,2.0,132.0,100960.0
20140510:1700,26.16,87.35,0.0,-0.0,0.0,410.85,2.0,137.0,100930.0
20140510:1800,25.81,90.2,0.0,-0.0,0.0,406.8,1.79,129.0,100880.0
20140510:1900,25.81,90.2,0.0,-0.0,0.0,408.55,1.66,140.0,100810.0
20140510:2000,25.32,93.15,0.0,-0.0,0.0,404.65,1.45,127.0,100790.0
20140510:2100,25.16,90.2,0.0,-0.0,0.0,408.75,1.45,122.0,100820.0
20140510:2200,25.09,93.15,0.0,-0.0,0.0,410.1,1.52,136.0,100830.0
20140510:2300,25.15,93.15,147.05,918.42,51.1,407.75,1.52,148.0,100890.0
20140511:0000,27.33,81.95,375.0,864.72,80.55,407.0,1.52,139.0,100950.0
20140511:0100,28.52,74.5,589.6,894.79,96.3,409.4,1.79,135.0,101000.0
20140511:0200,29.68,67.7,741.85,863.87,118.25,413.95,1.86,125.0,101020.0
20140511:0300,30.59,61.55,821.75,837.81,117.5,417.65,2.14,108.0,100980.0
20140511:0400,31.19,61.55,866.25,826.19,123.2,420.75,2.41,97.0,100910.0
20140511:0500,31.58,57.75,823.8,790.93,116.55,425.0,2.62,91.0,100800.0
20140511:0600,31.65,57.75,709.2,723.54,111.95,422.1,2.76,90.0,100720.0
20140511:0700,31.88,54.15,515.2,598.82,97.35,419.4,2.55,71.0,100720.0
20140511:0800,31.47,55.85,331.45,498.92,72.05,417.25,2.34,74.0,100640.0
20140511:0900,30.98,57.6,116.4,248.21,40.95,415.3,2.21,84.0,100670.0
20140511:1000,29.96,61.45,3.0,12.37,2.2,409.9,2.14,88.0,100740.0
20140511:1100,28.86,69.85,0.0,-0.0,0.0,403.1,2.14,90.0,100830.0
20140511:1200,28.08,76.85,0.0,-0.0,0.0,403.3,2.14,100.0,100960.0
20140511:1300,27.51,81.95,0.0,-0.0,0.0,404.85,2.14,109.0,101050.0
20140511:1400,27.15,84.6,0.0,-0.0,0.0,409.7,2.21,115.0,101110.0
20140511:1500,26.81,84.6,0.0,-0.0,0.0,412.2,2.48,121.0,101120.0
20140511:1600,26.41,87.35,0.0,-0.0,0.0,405.25,2.41,135.0,101060.0
20140511:1700,26.11,87.3,0.0,-0.0,0.0,409.5,2.21,145.0,101020.0
20140511:1800,25.53,90.2,0.0,-0.0,0.0,399.25,1.79,160.0,100950.0
20140511:1900,25.65,90.2,0.0,-0.0,0.0,407.0,1.31,167.0,100900.0
20140511:2000,25.22,90.2,0.0,-0.0,0.0,407.2,1.17,168.0,100880.0
20140511:2100,25.09,93.15,0.0,-0.0,0.0,405.05,1.1,155.0,100910.0
20140511:2200,24.92,93.15,0.0,-0.0,0.0,410.85,1.1,142.0,100950.0
20140511:2300,24.79,93.15,132.35,671.53,62.6,406.2,1.1,145.0,101000.0
20140512:0000,27.44,79.35,360.9,786.67,93.8,411.25,1.24,152.0,101030.0
20140512:0100,28.67,74.5,579.5,848.36,112.9,413.85,1.52,146.0,101060.0
20140512:0200,29.81,65.6,692.35,741.01,158.6,418.2,1.52,134.0,101070.0
20140512:0300,30.6,61.55,787.65,750.57,158.05,425.95,1.72,90.0,101030.0
20140512:0400,31.22,61.65,756.75,641.56,180.95,428.85,2.62,70.0,100970.0
20140512:0500,31.32,63.7,668.35,574.97,155.3,434.65,3.17,68.0,100900.0
20140512:0600,31.15,65.7,486.3,360.3,189.55,438.15,3.03,86.0,100800.0
20140512:0700,30.17,65.6,398.25,287.45,198.15,436.4,1.38,39.0,100820.0
20140512:0800,29.74,65.6,198.05,86.11,153.4,436.0,1.45,20.0,100820.0
20140512:0900,28.93,69.85,51.0,15.02,46.45,434.65,2.07,26.0,100840.0
20140512:1000,28.01,72.0,1.5,0.0,1.5,428.65,2.0,53.0,100920.0
20140512:1100,27.65,76.8,0.0,-0.0,0.0,428.45,1.86,84.0,100960.0
20140512:1200,27.26,76.8,0.0,-0.0,0.0,423.05,1.72,106.0,100980.0
20140512:1300,26.94,79.3,0.0,-0.0,0.0,420.9,1.86,125.0,101040.0
20140512:1400,26.73,79.3,0.0,-0.0,0.0,424.0,2.41,118.0,101050.0
20140512:1500,26.45,81.85,0.0,-0.0,0.0,420.75,2.55,120.0,101050.0
20140512:1600,26.39,84.55,0.0,-0.0,0.0,426.75,2.34,116.0,101020.0
20140512:1700,26.01,87.3,0.0,-0.0,0.0,422.3,2.34,108.0,100990.0
20140512:1800,25.69,87.3,0.0,-0.0,0.0,426.75,2.21,106.0,100930.0
20140512:1900,25.99,87.3,0.0,-0.0,0.0,424.2,2.07,141.0,100800.0
20140512:2000,25.96,87.3,0.0,-0.0,0.0,425.4,2.14,142.0,100760.0
20140512:2100,25.9,87.3,0.0,-0.0,0.0,426.35,2.0,149.0,100760.0
20140512:2200,25.72,87.3,0.0,-0.0,0.0,420.9,1.93,155.0,100790.0
20140512:2300,25.69,87.3,87.15,187.92,67.75,421.7,1.79,154.0,100840.0
20140513:0000,26.55,84.55,263.3,293.77,163.85,422.1,1.86,148.0,100900.0
20140513:0100,27.97,79.4,470.45,515.87,187.4,426.05,2.76,133.0,100940.0
20140513:0200,29.03,72.15,631.95,664.09,154.65,426.35,3.03,124.0,100960.0
20140513:0300,30.04,70.0,740.55,680.59,170.85,431.55,2.83,110.0,100900.0
20140513:0400,30.75,67.85,809.15,716.19,167.7,435.25,2.83,93.0,100830.0
20140513:0500,31.28,65.8,664.85,539.34,184.6,437.35,2.97,85.0,100730.0
20140513:0600,30.98,67.85,590.1,528.57,155.7,444.55,3.72,82.0,100600.0
20140513:0700,30.64,67.85,364.9,309.43,150.0,449.75,3.1,72.0,100640.0
20140513:0800,28.95,72.15,223.05,266.28,85.35,443.95,2.76,90.0,100630.0
20140513:0900,28.42,74.5,78.35,122.11,41.5,430.8,2.34,106.0,100680.0
20140513:1000,27.97,76.85,1.8,3.17,1.6,431.0,2.9,123.0,100750.0
20140513:1100,26.92,81.9,0.0,-0.0,0.0,427.3,2.97,119.0,100800.0
20140513:1200,26.87,81.9,0.0,-0.0,0.0,428.65,2.97,134.0,100850.0
20140513:1300,26.72,81.9,0.0,-0.0,0.0,426.15,2.83,136.0,100920.0
20140513:1400,26.66,84.55,0.0,-0.0,0.0,427.1,2.07,129.0,100970.0
20140513:1500,26.46,84.55,0.0,-0.0,0.0,426.35,1.66,130.0,100960.0
20140513:1600,26.19,87.35,0.0,-0.0,0.0,431.35,1.24,134.0,100950.0
20140513:1700,26.3,84.55,0.0,-0.0,0.0,426.55,0.76,145.0,100900.0
20140513:1800,25.76,87.3,0.0,-0.0,0.0,428.45,1.03,96.0,100850.0
20140513:1900,25.42,90.2,0.0,-0.0,0.0,424.4,0.62,104.0,100850.0
20140513:2000,25.26,90.2,0.0,-0.0,0.0,426.15,1.1,103.0,100800.0
20140513:2100,25.33,90.2,0.0,-0.0,0.0,424.4,1.45,129.0,100780.0
20140513:2200,25.25,90.2,0.0,-0.0,0.0,419.95,1.79,138.0,100790.0
20140513:2300,25.48,93.15,117.7,538.14,62.5,422.65,1.93,135.0,100820.0
20140514:0000,26.05,90.2,275.0,479.69,113.1,418.6,1.93,133.0,100880.0
20140514:0100,26.97,84.6,473.3,535.66,180.1,427.6,2.21,120.0,100960.0
20140514:0200,27.96,79.4,648.7,666.8,170.5,423.25,2.28,112.0,100960.0
20140514:0300,28.79,74.55,703.9,648.73,162.0,423.85,2.41,101.0,100880.0
20140514:0400,29.53,72.25,775.7,688.52,160.3,427.1,2.48,91.0,100770.0
20140514:0500,30.17,72.35,737.05,652.71,157.05,433.1,2.55,83.0,100640.0
20140514:0600,30.59,70.1,563.55,508.05,146.9,434.85,2.62,77.0,100540.0
20140514:0700,29.94,70.0,391.8,371.53,134.35,438.9,2.41,75.0,100560.0
20140514:0800,29.37,72.25,237.5,300.8,82.35,438.35,2.14,70.0,100490.0
20140514:0900,28.38,76.95,92.6,173.73,40.35,432.75,2.0,55.0,100560.0
20140514:1000,27.14,81.9,1.95,3.2,1.75,421.7,1.52,97.0,100580.0
20140514:1100,26.54,84.55,0.0,-0.0,0.0,424.8,2.14,131.0,100670.0
20140514:1200,26.41,84.55,0.0,-0.0,0.0,425.55,1.86,143.0,100780.0
20140514:1300,26.3,84.55,0.0,-0.0,0.0,426.75,1.79,139.0,100870.0
20140514:1400,26.13,90.2,0.0,-0.0,0.0,423.25,1.79,144.0,100930.0
20140514:1500,25.9,90.2,0.0,-0.0,0.0,415.9,1.59,156.0,100930.0
20140514:1600,25.6,93.15,0.0,-0.0,0.0,418.4,1.38,172.0,100920.0
20140514:1700,25.41,90.2,0.0,-0.0,0.0,417.45,1.38,175.0,100850.0
20140514:1800,24.95,93.15,0.0,-0.0,0.0,409.7,1.31,182.0,100770.0
20140514:1900,24.71,93.15,0.0,-0.0,0.0,412.4,1.17,210.0,100730.0
20140514:2000,24.82,90.15,0.0,-0.0,0.0,414.55,1.38,211.0,100650.0
20140514:2100,25.24,87.3,0.0,-0.0,0.0,418.6,1.45,218.0,100670.0
20140514:2200,24.78,90.15,0.0,-0.0,0.0,410.65,1.31,228.0,100740.0
20140514:2300,24.62,93.1,146.0,885.26,55.8,411.25,0.97,228.0,100790.0
20140515:0000,26.69,81.9,346.05,803.06,75.85,407.4,0.34,236.0,100890.0
20140515:0100,27.76,74.4,537.0,787.6,106.95,412.3,0.28,33.0,100960.0
20140515:0200,28.69,74.55,635.95,632.07,183.65,416.1,1.24,36.0,100980.0
20140515:0300,29.32,72.25,731.4,708.15,141.1,428.85,2.21,34.0,100960.0
20140515:0400,29.56,72.25,745.5,678.94,139.9,426.15,2.55,41.0,100850.0
20140515:0500,29.86,70.0,676.2,608.37,136.7,426.9,2.55,44.0,100750.0
20140515:0600,30.0,70.0,530.2,449.36,162.45,430.6,2.21,41.0,100610.0
20140515:0700,30.1,67.8,366.85,404.1,87.45,437.55,2.14,46.0,100590.0
20140515:0800,28.72,72.15,178.4,200.19,75.4,436.0,2.69,39.0,100560.0
20140515:0900,27.84,76.85,61.35,102.58,30.6,436.0,2.76,42.0,100630.0
20140515:1000,26.7,84.6,1.35,1.62,1.25,432.15,2.14,49.0,100670.0
20140515:1100,26.39,84.55,0.0,-0.0,0.0,434.3,1.93,56.0,100740.0
20140515:1200,26.2,84.55,0.0,-0.0,0.0,431.35,2.07,93.0,100770.0
20140515:1300,26.09,87.3,0.0,-0.0,0.0,424.6,2.21,123.0,100860.0
20140515:1400,25.91,87.3,0.0,-0.0,0.0,424.6,2.41,140.0,100900.0
20140515:1500,25.6,90.2,0.0,-0.0,0.0,414.55,2.48,145.0,100930.0
20140515:1600,25.42,90.2,0.0,-0.0,0.0,413.95,2.34,146.0,100920.0
20140515:1700,25.31,90.2,0.0,-0.0,0.0,417.05,2.41,144.0,100860.0
20140515:1800,25.25,90.2,0.0,-0.0,0.0,413.95,2.34,143.0,100800.0
20140515:1900,25.81,87.3,0.0,-0.0,0.0,415.5,1.93,155.0,100750.0
20140515:2000,25.53,90.2,0.0,-0.0,0.0,412.4,1.72,160.0,100710.0
20140515:2100,25.33,90.2,0.0,-0.0,0.0,417.25,1.52,160.0,100740.0
20140515:2200,25.12,93.15,0.0,-0.0,0.0,413.0,1.59,150.0,100740.0
20140515:2300,25.13,93.15,100.45,245.6,75.6,414.15,1.52,148.0,100760.0
20140516:0000,26.67,84.6,259.75,271.31,168.75,412.6,1.72,135.0,100850.0
20140516:0100,27.83,79.4,455.15,446.5,211.95,414.05,2.62,122.0,100930.0
20140516:0200,28.81,74.55,633.05,577.79,220.5,417.45,3.1,114.0,100910.0
20140516:0300,29.71,67.8,700.1,589.35,209.85,421.3,3.52,108.0,100870.0
20140516:0400,30.3,65.7,773.7,642.57,201.7,423.65,3.93,106.0,100770.0
20140516:0500,30.68,63.6,768.6,700.27,148.85,432.75,4.14,104.0,100690.0
20140516:0600,30.84,63.6,641.75,631.68,125.85,431.4,4.21,100.0,100590.0
20140516:0700,30.99,63.6,491.15,580.35,90.75,430.4,3.52,91.0,100580.0
20140516:0800,30.7,63.6,292.45,419.35,77.2,430.8,3.45,92.0,100550.0
20140516:0900,30.23,63.6,102.1,209.46,39.5,429.45,3.59,95.0,100570.0
20140516:1000,29.33,69.95,2.2,5.72,1.85,422.65,3.24,101.0,100590.0
20140516:1100,28.63,74.5,0.0,-0.0,0.0,422.65,2.9,108.0,100650.0
20140516:1200,28.03,79.4,0.0,-0.0,0.0,412.2,2.55,107.0,100720.0
20140516:1300,27.58,81.95,0.0,-0.0,0.0,410.85,2.28,104.0,100800.0
20140516:1400,27.15,84.6,0.0,-0.0,0.0,408.15,2.0,103.0,100860.0
20140516:1500,26.72,84.6,0.0,-0.0,0.0,414.15,1.59,118.0,100900.0
20140516:1600,25.89,90.2,0.0,-0.0,0.0,409.9,1.45,136.0,100900.0
20140516:1700,25.37,93.15,0.0,-0.0,0.0,411.85,1.24,152.0,100870.0
20140516:1800,25.06,93.15,0.0,-0.0,0.0,413.75,1.38,150.0,100770.0
20140516:1900,25.46,93.15,0.0,-0.0,0.0,414.15,1.52,140.0,100770.0
20140516:2000,25.38,93.15,0.0,-0.0,0.0,420.35,1.31,130.0,100730.0
20140516:2100,25.06,96.2,0.0,-0.0,0.0,410.85,1.38,157.0,100760.0
20140516:2200,24.97,93.15,0.0,-0.0,0.0,413.0,1.66,161.0,100790.0
20140516:2300,25.16,90.2,119.4,597.84,59.35,413.95,1.52,153.0,100840.0
20140517:0000,26.69,81.9,312.25,643.98,96.95,419.55,1.66,142.0,100910.0
20140517:0100,27.75,79.4,459.25,593.38,136.85,420.25,2.21,122.0,100970.0
20140517:0200,28.61,76.95,644.55,686.52,155.45,425.75,2.76,115.0,100960.0
20140517:0300,29.58,72.25,793.5,792.88,135.3,424.8,2.9,115.0,100900.0
20140517:0400,30.56,65.7,750.05,674.86,150.5,425.75,3.1,110.0,100810.0
20140517:0500,30.93,63.6,747.9,686.82,141.25,432.55,3.03,104.0,100730.0
20140517:0600,31.29,61.65,650.2,621.71,143.45,432.55,3.24,102.0,100640.0
20140517:0700,31.38,61.65,500.5,568.92,108.8,434.45,3.31,99.0,100630.0
20140517:0800,31.04,59.55,283.5,382.52,87.6,426.75,3.59,98.0,100580.0
20140517:0900,30.4,61.55,98.95,189.26,42.55,426.35,3.17,96.0,100620.0
20140517:1000,29.52,67.7,2.3,4.94,2.0,421.9,2.97,103.0,100630.0
20140517:1100,28.77,72.15,0.0,-0.0,0.0,413.4,2.41,109.0,100670.0
20140517:1200,28.12,79.4,0.0,-0.0,0.0,407.95,2.28,107.0,100760.0
20140517:1300,27.56,81.95,0.0,-0.0,0.0,408.9,2.07,119.0,100810.0
20140517:1400,26.9,84.6,0.0,-0.0,0.0,405.65,1.79,130.0,100880.0
20140517:1500,26.13,90.2,0.0,-0.0,0.0,403.1,1.45,145.0,100930.0
20140517:1600,25.46,93.15,0.0,-0.0,0.0,401.2,1.38,167.0,100940.0
20140517:1700,24.97,96.2,0.0,-0.0,0.0,402.35,1.38,189.0,100920.0
20140517:1800,24.62,96.2,0.0,-0.0,0.0,402.35,1.38,201.0,100860.0
20140517:1900,25.31,90.2,0.0,-0.0,0.0,410.85,1.17,199.0,100840.0
20140517:2000,24.84,93.15,0.0,-0.0,0.0,408.75,1.52,205.0,100810.0
20140517:2100,24.88,93.15,0.0,-0.0,0.0,410.3,1.66,204.0,100830.0
20140517:2200,24.69,93.15,0.0,-0.0,0.0,407.75,1.59,209.0,100840.0
20140517:2300,24.49,96.2,130.7,837.14,47.25,401.55,1.38,211.0,100890.0
20140518:0000,27.11,81.9,301.75,610.69,98.25,405.25,0.9,196.0,100940.0
20140518:0100,28.35,74.5,446.9,604.56,119.25,413.5,0.97,147.0,101010.0
20140518:0200,29.49,67.7,627.1,668.48,151.9,418.8,1.52,131.0,100990.0
20140518:0300,30.51,59.55,724.65,720.15,128.05,421.3,2.14,126.0,100940.0
20140518:0400,31.31,55.85,792.7,710.25,162.95,420.55,2.41,119.0,100860.0
20140518:0500,31.88,52.4,771.2,712.03,143.5,422.3,2.55,110.0,100770.0
20140518:0600,32.14,50.7,613.4,540.93,173.35,429.85,2.55,101.0,100670.0
20140518:0700,31.69,52.25,492.05,533.83,125.25,434.1,2.62,99.0,100640.0
20140518:0800,31.55,50.55,310.25,443.34,83.7,427.3,2.55,96.0,100630.0
20140518:0900,30.98,52.15,107.8,234.36,38.15,422.45,2.34,91.0,100620.0
20140518:1000,29.84,55.6,2.3,8.3,1.8,409.9,2.21,88.0,100670.0
20140518:1100,28.71,63.3,0.0,-0.0,0.0,410.1,1.93,93.0,100750.0
20140518:1200,27.78,69.65,0.0,-0.0,0.0,413.4,1.79,100.0,100800.0
20140518:1300,26.9,76.7,0.0,-0.0,0.0,406.6,1.66,111.0,100890.0
20140518:1400,26.6,76.65,0.0,-0.0,0.0,413.75,1.79,114.0,100940.0
20140518:1500,26.24,79.2,0.0,-0.0,0.0,413.95,1.66,135.0,100980.0
20140518:1600,26.15,79.15,0.0,-0.0,0.0,420.75,1.66,158.0,100970.0
20140518:1700,25.61,81.75,0.0,-0.0,0.0,411.65,1.59,163.0,100960.0
20140518:1800,25.21,81.75,0.0,-0.0,0.0,413.4,1.38,194.0,100890.0
20140518:1900,25.09,84.4,0.0,-0.0,0.0,411.65,1.45,199.0,100850.0
20140518:2000,24.81,84.4,0.0,-0.0,0.0,404.1,1.66,199.0,100800.0
20140518:2100,24.56,87.2,0.0,-0.0,0.0,406.8,1.59,203.0,100830.0
20140518:2200,24.21,87.2,0.0,-0.0,0.0,402.9,1.45,211.0,100870.0
20140518:2300,24.16,87.2,136.5,809.89,56.4,403.1,1.31,216.0,100930.0
20140519:0000,26.92,74.25,275.15,446.37,126.9,404.3,1.03,213.0,100980.0
20140519:0100,28.15,65.2,535.5,743.91,133.35,420.65,0.9,195.0,100990.0
20140519:0200,29.51,55.5,697.0,779.43,144.15,421.3,0.69,159.0,101010.0
20140519:0300,30.51,52.15,805.8,781.25,159.9,416.85,0.62,103.0,101000.0
20140519:0400,31.29,50.55,805.05,676.66,206.25,421.3,0.9,59.0,100940.0
20140519:0500,31.73,49.0,716.65,623.94,167.65,423.05,1.31,40.0,100870.0
20140519:0600,31.8,50.7,616.15,591.71,135.7,422.45,1.17,28.0,100740.0
20140519:0700,31.69,54.05,475.65,523.13,116.9,427.3,1.59,43.0,100670.0
20140519:0800,31.39,54.05,297.75,438.09,74.35,425.0,1.24,26.0,100630.0
20140519:0900,30.99,55.75,94.75,185.54,39.75,422.65,1.24,16.0,100670.0
20140519:1000,29.95,61.45,2.2,4.18,1.95,426.55,1.52,10.0,100720.0
20140519:1100,28.69,69.85,0.0,-0.0,0.0,414.9,1.52,18.0,100790.0
20140519:1200,28.02,74.4,0.0,-0.0,0.0,417.65,1.17,32.0,100860.0
20140519:1300,27.06,76.7,0.0,-0.0,0.0,416.1,1.45,43.0,100940.0
20140519:1400,27.36,74.3,0.0,-0.0,0.0,418.2,1.17,66.0,100990.0
20140519:1500,28.66,65.3,0.0,-0.0,0.0,418.0,0.48,72.0,101030.0
20140519:1600,28.27,67.5,0.0,-0.0,0.0,419.55,0.55,263.0,101030.0
20140519:1700,26.05,84.5,0.0,-0.0,0.0,418.2,1.59,254.0,101000.0
20140519:1800,25.9,84.5,0.0,-0.0,0.0,421.5,1.66,250.0,100950.0
20140519:1900,25.45,87.3,0.0,-0.0,0.0,412.4,1.17,229.0,100940.0
20140519:2000,25.15,87.3,0.0,-0.0,0.0,414.35,1.1,243.0,100870.0
20140519:2100,24.84,90.15,0.0,-0.0,0.0,411.25,1.31,244.0,100890.0
20140519:2200,24.66,90.15,0.0,-0.0,0.0,409.7,1.52,243.0,100880.0
20140519:2300,24.58,93.1,146.65,977.08,50.8,405.85,1.45,247.0,100930.0
20140520:0000,26.86,79.3,341.2,732.02,98.9,409.3,1.1,256.0,100960.0
20140520:0100,28.18,74.4,569.9,867.18,102.3,411.95,1.03,278.0,101020.0
20140520:0200,29.21,67.7,692.5,832.08,103.6,417.85,0.83,310.0,101050.0
20140520:0300,30.03,65.6,819.75,846.28,121.5,424.6,1.31,351.0,101020.0
20140520:0400,30.55,65.7,693.9,566.78,193.3,434.85,1.66,2.0,100950.0
20140520:0500,30.38,65.7,674.2,568.46,174.95,440.85,2.07,355.0,100830.0
20140520:0600,29.4,72.25,544.0,475.96,158.25,432.55,1.79,352.0,100800.0
20140520:0700,29.91,67.8,410.6,422.35,121.5,437.95,1.59,20.0,100750.0
20140520:0800,27.88,74.4,241.45,345.92,65.4,427.9,0.21,80.0,100780.0
20140520:0900,28.12,74.4,82.95,148.11,39.15,431.75,0.34,127.0,100750.0
20140520:1000,28.08,72.0,1.7,3.37,1.5,424.2,0.28,100.0,100810.0
20140520:1100,27.37,81.95,0.0,-0.0,0.0,416.85,0.9,113.0,100850.0
20140520:1200,26.76,81.9,0.0,-0.0,0.0,418.6,1.17,97.0,100890.0
20140520:1300,26.52,81.85,0.0,-0.0,0.0,419.0,1.79,92.0,100960.0
20140520:1400,26.09,84.5,0.0,-0.0,0.0,417.65,1.72,109.0,101000.0
20140520:1500,25.94,84.5,0.0,-0.0,0.0,423.45,1.59,137.0,101010.0
20140520:1600,25.7,87.3,0.0,-0.0,0.0,420.35,1.45,144.0,100960.0
20140520:1700,25.55,90.2,0.0,-0.0,0.0,417.25,1.66,126.0,100920.0
20140520:1800,25.34,90.2,0.0,-0.0,0.0,412.2,1.66,130.0,100900.0
20140520:1900,25.39,87.3,0.0,-0.0,0.0,411.25,0.69,167.0,100820.0
20140520:2000,24.83,90.15,0.0,-0.0,0.0,414.55,1.03,178.0,100770.0
20140520:2100,24.71,90.15,0.0,-0.0,0.0,411.25,1.45,174.0,100780.0
20140520:2200,24.49,93.1,0.0,-0.0,0.0,406.4,1.45,159.0,100820.0
20140520:2300,24.65,93.15,124.1,758.69,50.3,406.6,1.59,143.0,100860.0
20140521:0000,26.49,87.35,346.1,776.68,89.9,407.4,1.86,115.0,100920.0
20140521:0100,27.69,79.4,480.8,720.28,93.4,412.15,2.41,97.0,100970.0
20140521:0200,28.47,76.95,597.8,678.0,119.0,423.85,2.55,98.0,100980.0
20140521:0300,29.23,72.25,653.9,592.04,166.4,426.9,2.62,102.0,100890.0
20140521:0400,29.71,70.0,697.1,579.42,186.3,427.3,2.14,96.0,100810.0
20140521:0500,30.11,70.0,609.0,519.13,153.9,430.0,1.93,80.0,100710.0
20140521:0600,30.2,67.85,514.3,437.81,160.1,437.55,1.38,79.0,100660.0
20140521:0700,30.03,67.8,416.55,437.09,117.9,436.2,0.9,128.0,100600.0
20140521:0800,29.25,67.7,223.3,256.51,93.0,434.1,1.24,80.0,100630.0
20140521:0900,28.91,69.85,95.7,181.99,42.0,427.3,1.17,66.0,100600.0
20140521:1000,28.44,72.1,2.0,5.92,1.65,431.0,1.31,132.0,100640.0
20140521:1100,27.82,74.4,0.0,-0.0,0.0,421.1,1.59,120.0,100670.0
20140521:1200,27.21,79.35,0.0,-0.0,0.0,418.6,1.52,117.0,100740.0
20140521:1300,26.54,87.35,0.0,-0.0,0.0,415.9,1.17,119.0,100800.0
20140521:1400,26.44,87.35,0.0,-0.0,0.0,424.0,1.03,121.0,100870.0
20140521:1500,26.0,90.2,0.0,-0.0,0.0,416.45,1.1,153.0,100890.0
20140521:1600,25.54,90.2,0.0,-0.0,0.0,412.4,1.31,165.0,100870.0
20140521:1700,25.47,90.2,0.0,-0.0,0.0,419.0,1.38,173.0,100850.0
20140521:1800,25.28,90.2,0.0,-0.0,0.0,414.15,1.52,171.0,100800.0
20140521:1900,24.9,93.15,0.0,-0.0,0.0,410.3,1.17,211.0,100740.0
20140521:2000,24.59,93.1,0.0,-0.0,0.0,408.55,1.17,215.0,100710.0
20140521:2100,24.36,93.1,0.0,-0.0,0.0,405.65,1.1,202.0,100740.0
20140521:2200,24.28,93.1,0.0,-0.0,0.0,407.0,1.38,187.0,100770.0
20140521:2300,24.29,93.1,142.85,983.63,48.0,404.1,1.45,176.0,100820.0
20140522:0000,26.6,81.85,321.05,704.85,89.35,405.45,1.31,165.0,100880.0
20140522:0100,27.78,76.85,539.05,834.34,91.45,408.05,1.59,131.0,100930.0
20140522:0200,29.05,69.85,691.2,815.09,116.85,415.9,1.93,122.0,100910.0
20140522:0300,29.91,63.5,803.15,846.19,107.75,416.1,2.14,117.0,100830.0
20140522:0400,30.79,61.55,732.45,679.42,134.6,424.8,2.48,105.0,100740.0
20140522:0500,31.18,61.55,724.7,668.32,139.85,425.55,2.83,91.0,100640.0
20140522:0600,31.33,59.65,633.15,620.28,132.2,430.6,3.03,85.0,100560.0
20140522:0700,31.02,59.55,468.05,532.19,105.05,423.85,3.31,79.0,100540.0
20140522:0800,30.78,59.55,294.9,444.91,69.3,425.55,3.31,88.0,100520.0
20140522:0900,30.15,61.45,104.0,225.31,37.65,422.1,3.66,98.0,100500.0
20140522:1000,29.17,69.85,2.15,7.65,1.7,418.6,3.1,106.0,100530.0
20140522:1100,28.34,74.5,0.0,-0.0,0.0,410.45,2.69,110.0,100630.0
20140522:1200,27.82,79.4,0.0,-0.0,0.0,408.55,2.41,109.0,100750.0
20140522:1300,27.33,81.95,0.0,-0.0,0.0,408.55,2.21,119.0,100830.0
20140522:1400,26.81,84.6,0.0,-0.0,0.0,408.75,2.0,143.0,100880.0
20140522:1500,26.39,87.35,0.0,-0.0,0.0,409.5,2.0,154.0,100910.0
20140522:1600,25.99,90.2,0.0,-0.0,0.0,407.4,1.86,158.0,100910.0
20140522:1700,25.68,87.3,0.0,-0.0,0.0,405.05,1.93,168.0,100910.0
20140522:1800,25.43,90.2,0.0,-0.0,0.0,406.6,2.0,178.0,100830.0
20140522:1900,25.59,93.15,0.0,-0.0,0.0,411.65,1.72,167.0,100790.0
20140522:2000,25.4,90.2,0.0,-0.0,0.0,409.9,1.79,176.0,100750.0
20140522:2100,25.17,90.2,0.0,-0.0,0.0,407.0,1.72,177.0,100780.0
20140522:2200,24.88,90.15,0.0,-0.0,0.0,404.1,1.72,171.0,100800.0
20140522:2300,24.88,90.15,133.5,848.64,52.4,404.1,1.79,167.0,100830.0
20140523:0000,26.82,79.3,342.55,807.46,78.05,401.2,1.93,156.0,100870.0
20140523:0100,28.4,69.75,562.6,871.15,96.45,408.25,2.55,137.0,100920.0
20140523:0200,29.62,65.5,703.35,848.5,106.75,411.85,2.9,122.0,100930.0
20140523:0300,30.54,59.55,789.4,816.03,120.1,414.9,3.24,111.0,100870.0
20140523:0400,31.15,59.55,794.35,754.55,131.6,420.75,3.45,103.0,100780.0
20140523:0500,31.6,55.85,768.35,739.25,122.55,423.65,3.45,100.0,100710.0
20140523:0600,31.8,54.15,671.6,704.05,103.95,421.7,3.38,97.0,100610.0
20140523:0700,31.49,55.85,468.3,543.42,98.25,422.85,3.45,89.0,100580.0
20140523:0800,31.07,57.6,302.15,445.96,76.4,426.15,3.17,91.0,100590.0
20140523:0900,30.55,59.55,106.25,236.45,36.75,416.3,3.24,93.0,100570.0
20140523:1000,29.61,65.5,2.2,7.68,1.75,414.75,2.9,100.0,100610.0
20140523:1100,28.75,69.85,0.0,-0.0,0.0,408.35,2.62,109.0,100660.0
20140523:1200,28.18,74.5,0.0,-0.0,0.0,409.5,2.21,117.0,100790.0
20140523:1300,27.56,81.95,0.0,-0.0,0.0,405.65,2.07,120.0,100900.0
20140523:1400,27.07,84.6,0.0,-0.0,0.0,406.0,2.07,129.0,100960.0
20140523:1500,26.67,84.6,0.0,-0.0,0.0,408.75,1.93,138.0,100960.0
20140523:1600,26.19,87.35,0.0,-0.0,0.0,406.2,1.86,137.0,100950.0
20140523:1700,25.68,90.2,0.0,-0.0,0.0,408.35,1.45,149.0,100940.0
20140523:1800,25.07,93.15,0.0,-0.0,0.0,402.9,1.31,166.0,100890.0
20140523:1900,24.89,90.15,0.0,-0.0,0.0,407.4,1.24,180.0,100840.0
20140523:2000,24.66,90.15,0.0,-0.0,0.0,407.95,1.24,196.0,100830.0
20140523:2100,24.37,93.1,0.0,-0.0,0.0,403.7,1.31,210.0,100870.0
20140523:2200,24.3,93.1,0.0,-0.0,0.0,405.65,1.45,209.0,100920.0
20140523:2300,24.3,93.1,145.0,960.57,54.05,405.45,1.38,204.0,100970.0
20140524:0000,27.08,81.9,322.75,670.94,103.75,405.85,1.1,185.0,101030.0
20140524:0100,28.39,74.5,552.05,842.29,102.5,414.85,1.38,128.0,101100.0
20140524:0200,29.58,69.95,629.65,677.52,154.3,415.9,2.55,94.0,101130.0
20140524:0300,30.02,65.6,713.85,665.58,169.0,430.6,3.38,90.0,101060.0
20140524:0400,30.48,63.6,705.25,589.38,188.5,433.1,3.52,94.0,100930.0
20140524:0500,30.83,63.6,746.6,700.54,135.65,435.05,3.52,93.0,100830.0
20140524:0600,31.04,63.6,605.35,499.28,203.45,435.65,3.59,92.0,100710.0
20140524:0700,31.02,63.6,356.1,218.93,207.25,433.5,3.03,81.0,100660.0
20140524:0800,30.36,63.6,238.35,195.38,139.6,433.9,2.48,74.0,100620.0
20140524:0900,29.98,65.6,78.55,64.75,59.55,433.3,2.21,73.0,100630.0
20140524:1000,29.33,67.7,1.75,0.0,1.75,428.85,2.07,79.0,100680.0
20140524:1100,28.72,72.15,0.0,-0.0,0.0,424.6,2.14,90.0,100770.0
20140524:1200,28.28,76.95,0.0,-0.0,0.0,427.5,2.14,104.0,100840.0
20140524:1300,27.85,79.4,0.0,-0.0,0.0,422.45,2.0,112.0,100930.0
20140524:1400,27.4,81.95,0.0,-0.0,0.0,424.2,2.14,114.0,101010.0
20140524:1500,26.63,84.55,0.0,-0.0,0.0,423.25,2.0,109.0,101060.0
20140524:1600,26.48,87.35,0.0,-0.0,0.0,421.5,1.45,122.0,101080.0
20140524:1700,26.4,87.35,0.0,-0.0,0.0,426.55,2.07,125.0,101060.0
20140524:1800,25.95,87.3,0.0,-0.0,0.0,426.75,2.55,110.0,101010.0
20140524:1900,25.42,90.2,0.0,-0.0,0.0,430.8,2.21,126.0,100970.0
20140524:2000,25.37,93.15,0.0,-0.0,0.0,428.1,2.21,134.0,100920.0
20140524:2100,25.4,93.15,0.0,-0.0,0.0,423.65,1.79,132.0,100940.0
20140524:2200,25.46,93.15,0.0,-0.0,0.0,417.25,1.79,130.0,100970.0
20140524:2300,25.53,93.15,65.25,140.21,52.1,418.2,1.93,136.0,101030.0
20140525:0000,26.19,87.35,213.3,179.87,154.8,424.8,2.41,131.0,101040.0
20140525:0100,27.22,81.95,341.45,229.26,219.4,419.3,2.83,120.0,101120.0
20140525:0200,28.26,74.5,395.35,229.89,234.4,427.7,3.17,120.0,101110.0
20140525:0300,29.08,72.15,576.2,334.19,303.15,436.6,3.45,118.0,101040.0
20140525:0400,29.96,67.8,596.3,351.62,288.55,440.65,3.38,115.0,100960.0
20140525:0500,30.38,65.7,560.45,339.68,264.7,444.9,3.1,108.0,100880.0
20140525:0600,30.62,67.85,553.15,405.44,227.3,438.9,3.1,99.0,100770.0
20140525:0700,30.62,67.85,373.35,266.84,192.2,439.5,2.9,83.0,100730.0
20140525:0800,30.11,70.0,216.7,195.17,118.2,441.65,2.9,82.0,100720.0
20140525:0900,29.89,70.0,70.3,70.31,49.7,435.05,3.1,91.0,100740.0
20140525:1000,29.01,74.55,1.65,0.86,1.6,428.3,3.1,106.0,100780.0
20140525:1100,28.35,76.95,0.0,-0.0,0.0,425.75,3.1,114.0,100840.0
20140525:1200,28.05,79.4,0.0,-0.0,0.0,423.05,3.03,115.0,100880.0
20140525:1300,27.75,79.4,0.0,-0.0,0.0,422.1,2.97,112.0,100970.0
20140525:1400,27.42,81.95,0.0,-0.0,0.0,419.95,2.55,110.0,101000.0
20140525:1500,27.15,84.6,0.0,-0.0,0.0,417.25,2.28,109.0,101050.0
20140525:1600,26.79,84.6,0.0,-0.0,0.0,418.4,1.93,122.0,101010.0
20140525:1700,26.4,87.35,0.0,-0.0,0.0,417.25,1.66,139.0,100960.0
20140525:1800,25.78,90.2,0.0,-0.0,0.0,419.75,1.17,112.0,100880.0
20140525:1900,25.84,90.2,0.0,-0.0,0.0,419.0,0.76,106.0,100850.0
20140525:2000,25.28,93.15,0.0,-0.0,0.0,419.55,1.1,112.0,100790.0
20140525:2100,25.45,93.15,0.0,-0.0,0.0,420.15,1.1,126.0,100830.0
20140525:2200,25.03,93.15,0.0,-0.0,0.0,414.9,1.24,142.0,100890.0
20140525:2300,25.01,93.15,82.15,470.54,38.45,416.65,1.31,148.0,100940.0
20140526:0000,26.67,84.6,216.65,367.67,97.5,420.75,1.24,134.0,100980.0
20140526:0100,27.77,79.4,442.0,608.86,118.7,420.65,1.79,114.0,101030.0
20140526:0200,28.83,74.55,640.15,719.42,137.55,432.35,2.34,98.0,101040.0
20140526:0300,29.82,72.35,676.85,648.72,147.8,430.0,2.34,95.0,101010.0
20140526:0400,30.27,70.1,751.2,684.42,153.2,437.55,2.41,94.0,100910.0
20140526:0500,30.91,70.1,656.0,556.08,172.6,440.65,2.97,80.0,100800.0
20140526:0600,30.91,70.1,559.9,507.35,152.75,445.5,2.83,84.0,100720.0
20140526:0700,30.9,67.85,374.85,332.28,149.6,436.6,2.69,91.0,100670.0
20140526:0800,30.68,67.85,250.95,268.56,115.6,437.2,2.76,99.0,100610.0
20140526:0900,30.18,70.0,74.65,88.85,48.65,435.05,3.17,107.0,100630.0
20140526:1000,29.32,72.25,2.0,1.72,1.9,431.75,2.97,113.0,100690.0
20140526:1100,28.72,74.55,0.0,-0.0,0.0,425.4,2.76,111.0,100720.0
20140526:1200,28.34,76.95,0.0,-0.0,0.0,424.2,2.69,109.0,100830.0
20140526:1300,28.01,79.4,0.0,-0.0,0.0,421.9,2.48,114.0,100870.0
20140526:1400,27.68,79.4,0.0,-0.0,0.0,420.35,2.41,120.0,100930.0
20140526:1500,27.38,81.95,0.0,-0.0,0.0,420.75,2.41,122.0,100980.0
20140526:1600,26.99,84.6,0.0,-0.0,0.0,417.85,1.93,130.0,100960.0
20140526:1700,26.5,87.35,0.0,-0.0,0.0,416.65,1.59,149.0,100940.0
20140526:1800,25.85,90.2,0.0,-0.0,0.0,414.75,1.03,166.0,100880.0
20140526:1900,25.69,90.2,0.0,-0.0,0.0,413.2,1.03,180.0,100810.0
20140526:2000,25.37,93.15,0.0,-0.0,0.0,417.05,1.31,184.0,100740.0
20140526:2100,25.25,93.15,0.0,-0.0,0.0,415.9,1.45,196.0,100730.0
20140526:2200,25.08,96.2,0.0,-0.0,0.0,411.45,1.59,205.0,100770.0
20140526:2300,25.03,96.2,137.7,953.84,50.0,411.45,1.45,206.0,100810.0
20140527:0000,27.07,84.6,341.9,804.3,82.2,409.1,1.1,203.0,100890.0
20140527:0100,28.52,76.95,561.0,885.04,92.25,413.85,1.03,159.0,100950.0
20140527:0200,29.85,65.6,673.6,779.81,129.95,420.15,1.38,122.0,100960.0
20140527:0300,30.81,63.6,747.35,724.06,157.95,427.9,1.52,108.0,100910.0
20140527:0400,31.51,59.65,766.8,704.19,152.55,433.9,1.31,100.0,100800.0
20140527:0500,31.97,57.85,719.2,679.76,129.2,440.3,1.38,100.0,100680.0
20140527:0600,32.38,56.1,604.4,600.68,123.05,438.75,1.52,93.0,100540.0
20140527:0700,32.45,57.95,498.55,591.74,97.95,436.4,2.41,79.0,100490.0
20140527:0800,32.17,57.85,274.55,392.56,76.95,434.65,2.41,72.0,100440.0
20140527:0900,31.34,61.65,91.6,182.18,38.35,432.55,2.34,89.0,100470.0
20140527:1000,30.38,65.7,1.95,4.3,1.7,431.0,1.86,87.0,100530.0
20140527:1100,29.51,72.25,0.0,-0.0,0.0,427.9,1.45,85.0,100630.0
20140527:1200,28.67,82.1,0.0,-0.0,0.0,435.25,1.17,91.0,100730.0
20140527:1300,28.07,82.05,0.0,-0.0,0.0,432.55,1.17,110.0,100800.0
20140527:1400,27.59,81.95,0.0,-0.0,0.0,429.05,1.03,124.0,100870.0
20140527:1500,27.12,84.6,0.0,-0.0,0.0,424.4,1.45,123.0,100870.0
20140527:1600,26.92,84.6,0.0,-0.0,0.0,423.05,1.66,134.0,100880.0
20140527:1700,26.76,84.6,0.0,-0.0,0.0,423.85,1.86,129.0,100840.0
20140527:1800,25.96,90.2,0.0,-0.0,0.0,420.15,1.45,129.0,100780.0
20140527:1900,26.2,87.35,0.0,-0.0,0.0,419.0,1.24,176.0,100750.0
20140527:2000,26.0,90.2,0.0,-0.0,0.0,424.8,1.1,193.0,100700.0
20140527:2100,25.82,87.3,0.0,-0.0,0.0,419.2,0.97,221.0,100720.0
20140527:2200,25.14,93.15,0.0,-0.0,0.0,409.3,1.17,239.0,100770.0
20140527:2300,25.38,90.2,138.15,1020.3,45.3,411.25,1.17,235.0,100850.0
20140528:0000,27.15,81.9,344.3,843.15,73.05,406.4,0.9,225.0,100920.0
20140528:0100,28.33,74.5,563.95,896.95,90.1,412.15,0.55,184.0,100980.0
20140528:0200,29.55,69.95,669.8,790.2,120.05,418.4,0.97,125.0,100990.0
20140528:0300,30.51,63.6,792.15,818.41,127.15,426.75,1.38,113.0,100940.0
20140528:0400,31.27,59.65,838.4,841.0,106.0,427.9,1.59,106.0,100850.0
20140528:0500,31.78,55.95,785.35,766.1,121.4,427.9,1.86,95.0,100750.0
20140528:0600,32.06,55.95,635.45,624.93,135.35,429.65,2.21,86.0,100600.0
20140528:0700,31.71,59.75,490.65,560.24,111.85,434.3,1.72,75.0,100600.0
20140528:0800,31.56,61.65,298.3,440.94,76.6,431.95,1.93,72.0,100570.0
20140528:0900,30.91,61.55,103.1,220.2,38.8,426.35,2.0,66.0,100590.0
20140528:1000,29.9,61.45,2.05,6.88,1.65,419.55,1.72,56.0,100650.0
20140528:1100,28.88,74.55,0.0,-0.0,0.0,419.0,1.17,52.0,100740.0
20140528:1200,29.05,69.85,0.0,-0.0,0.0,410.1,0.69,103.0,100810.0
20140528:1300,27.54,79.35,0.0,-0.0,0.0,410.3,1.1,155.0,100880.0
20140528:1400,26.58,81.85,0.0,-0.0,0.0,407.4,1.66,159.0,100940.0
20140528:1500,26.33,81.85,0.0,-0.0,0.0,409.3,1.86,165.0,100960.0
20140528:1600,25.93,84.5,0.0,-0.0,0.0,410.3,1.66,153.0,100940.0
20140528:1700,25.65,84.5,0.0,-0.0,0.0,408.9,1.66,149.0,100890.0
20140528:1800,25.46,84.45,0.0,-0.0,0.0,407.2,1.72,139.0,100800.0
20140528:1900,25.46,84.45,0.0,-0.0,0.0,405.25,1.59,146.0,100810.0
20140528:2000,25.22,84.45,0.0,-0.0,0.0,406.8,1.66,152.0,100750.0
20140528:2100,25.14,84.4,0.0,-0.0,0.0,406.8,1.72,164.0,100780.0
20140528:2200,24.75,87.25,0.0,-0.0,0.0,400.8,1.66,169.0,100820.0
20140528:2300,24.68,87.25,133.0,917.83,50.35,401.55,1.59,167.0,100860.0
20140529:0000,27.39,76.8,326.5,743.76,88.1,401.55,1.38,146.0,100910.0
20140529:0100,28.82,69.85,487.4,684.6,126.65,408.45,2.07,121.0,100960.0
20140529:0200,29.78,65.6,692.35,825.89,118.95,416.85,2.41,109.0,100960.0
20140529:0300,30.72,63.6,815.0,870.22,109.15,420.75,2.83,100.0,100900.0
20140529:0400,31.39,61.65,781.5,740.84,137.35,422.85,3.24,92.0,100810.0
20140529:0500,31.67,61.65,735.55,693.01,135.8,427.1,3.38,86.0,100720.0
20140529:0600,31.76,59.75,595.95,604.29,113.0,427.3,3.38,79.0,100640.0
20140529:0700,30.85,63.6,421.5,484.94,94.0,435.85,2.97,69.0,100640.0
20140529:0800,30.39,63.6,265.15,377.29,75.65,433.1,2.14,83.0,100650.0
20140529:0900,29.88,65.6,82.95,164.16,35.05,434.45,1.93,112.0,100670.0
20140529:1000,28.4,69.75,1.7,3.43,1.5,425.2,2.76,114.0,100680.0
20140529:1100,27.75,74.4,0.0,-0.0,0.0,424.4,2.97,111.0,100720.0
20140529:1200,27.38,79.35,0.0,-0.0,0.0,420.9,2.9,113.0,100760.0
20140529:1300,27.17,79.35,0.0,-0.0,0.0,418.8,2.83,112.0,100840.0
20140529:1400,26.96,84.6,0.0,-0.0,0.0,413.2,2.34,116.0,100900.0
20140529:1500,26.78,84.6,0.0,-0.0,0.0,415.3,2.07,125.0,100930.0
20140529:1600,26.51,87.35,0.0,-0.0,0.0,414.15,2.0,136.0,100890.0
20140529:1700,26.14,87.3,0.0,-0.0,0.0,410.1,1.79,150.0,100850.0
20140529:1800,25.75,87.3,0.0,-0.0,0.0,413.95,1.45,161.0,100790.0
20140529:1900,25.48,87.3,0.0,-0.0,0.0,411.45,1.45,160.0,100770.0
20140529:2000,25.2,87.3,0.0,-0.0,0.0,406.4,1.66,168.0,100740.0
20140529:2100,24.88,90.15,0.0,-0.0,0.0,405.45,1.66,170.0,100750.0
20140529:2200,24.61,90.1,0.0,-0.0,0.0,406.4,1.52,166.0,100760.0
20140529:2300,24.45,90.1,137.35,1042.26,44.5,403.3,1.45,170.0,100750.0
20140530:0000,26.68,79.3,355.55,881.0,74.2,401.0,1.17,165.0,100820.0
20140530:0100,28.18,69.65,564.95,911.01,86.1,403.6,1.45,143.0,100870.0
20140530:0200,29.52,59.35,701.4,871.87,97.3,407.2,1.52,131.0,100870.0
20140530:0300,30.52,52.15,775.15,824.49,107.55,409.7,1.38,123.0,100830.0
20140530:0400,31.37,47.25,859.85,861.89,111.6,410.45,1.38,107.0,100770.0
20140530:0500,32.12,44.3,800.9,784.97,122.5,411.85,1.66,88.0,100680.0
20140530:0600,32.34,41.55,689.5,735.89,102.1,411.25,2.21,77.0,100560.0
20140530:0700,31.9,47.4,510.4,626.53,87.75,414.15,2.55,84.0,100530.0
20140530:0800,31.61,47.25,301.9,459.35,71.4,414.35,2.69,86.0,100510.0
20140530:0900,30.88,47.15,106.3,246.05,34.55,413.55,2.62,81.0,100540.0
20140530:1000,29.9,50.3,2.3,7.71,1.85,414.75,2.21,82.0,100590.0
20140530:1100,29.0,55.4,0.0,-0.0,0.0,410.45,2.21,90.0,100630.0
20140530:1200,28.2,59.1,0.0,-0.0,0.0,405.85,2.28,101.0,100730.0
20140530:1300,27.57,65.1,0.0,-0.0,0.0,405.05,2.34,110.0,100790.0
20140530:1400,26.84,69.5,0.0,-0.0,0.0,399.05,2.07,114.0,100880.0
20140530:1500,26.09,74.1,0.0,-0.0,0.0,401.2,1.72,130.0,100910.0
20140530:1600,25.25,79.1,0.0,-0.0,0.0,395.55,1.45,155.0,100890.0
20140530:1700,24.69,81.7,0.0,-0.0,0.0,398.85,1.45,180.0,100880.0
20140530:1800,24.26,81.65,0.0,-0.0,0.0,393.65,1.59,195.0,100820.0
20140530:1900,24.67,79.05,0.0,-0.0,0.0,408.9,1.72,192.0,100750.0
20140530:2000,24.29,81.65,0.0,-0.0,0.0,398.65,1.72,197.0,100730.0
20140530:2100,24.14,81.65,0.0,-0.0,0.0,400.2,1.79,198.0,100740.0
20140530:2200,24.09,87.15,0.0,-0.0,0.0,403.3,1.86,198.0,100760.0
20140530:2300,23.95,87.15,132.6,936.31,50.1,396.75,1.79,198.0,100800.0
20140531:0000,25.83,76.6,347.6,830.51,83.35,395.95,1.45,196.0,100850.0
20140531:0100,27.88,61.0,518.65,774.82,112.4,402.45,1.31,178.0,100890.0
20140531:0200,29.1,53.55,619.9,713.52,126.5,408.35,1.31,161.0,100890.0
20140531:0300,30.06,48.65,787.0,827.38,118.2,407.0,1.31,142.0,100830.0
20140531:0400,30.91,45.6,815.95,798.45,123.8,414.75,1.38,119.0,100750.0
20140531:0500,31.52,44.2,777.35,749.52,130.45,418.6,1.52,94.0,100650.0
20140531:0600,31.88,41.4,636.75,645.38,122.2,426.9,1.72,78.0,100540.0
20140531:0700,31.82,42.85,471.55,528.93,115.1,421.3,1.79,71.0,100500.0
20140531:0800,31.54,44.2,309.2,462.22,77.45,426.9,2.21,65.0,100460.0
20140531:0900,30.94,45.6,103.05,226.78,36.95,414.15,2.21,64.0,100470.0
20140531:1000,29.73,50.3,2.25,7.7,1.8,412.6,1.72,64.0,100490.0
20140531:1100,28.26,63.2,0.0,-0.0,0.0,406.2,1.52,66.0,100540.0
20140531:1200,27.3,69.6,0.0,-0.0,0.0,409.9,1.52,76.0,100630.0
20140531:1300,26.78,69.5,0.0,-0.0,0.0,409.3,1.72,99.0,100690.0
20140531:1400,26.47,71.75,0.0,-0.0,0.0,409.5,2.0,117.0,100780.0
20140531:1500,26.18,71.75,0.0,-0.0,0.0,407.55,2.14,135.0,100810.0
20140531:1600,23.36,84.7,0.0,-0.0,0.0,388.92,1.73,148.0,100810.0
20140531:1700,23.73,84.22,0.0,-0.0,0.0,391.37,1.76,158.0,100790.0
20140531:1800,24.1,83.74,0.0,-0.0,0.0,393.83,1.79,174.0,100720.0
20140531:1900,24.48,83.27,0.0,-0.0,0.0,396.29,1.82,175.0,100700.0
20140531:2000,24.85,82.79,0.0,-0.0,0.0,398.74,1.85,187.0,100660.0
20140531:2100,25.22,82.31,0.0,-0.0,0.0,401.2,1.88,195.0,100650.0
20140531:2200,25.59,81.83,0.0,-0.0,0.0,403.66,1.91,200.0,100660.0
20140531:2300,25.96,81.35,140.8,1067.94,47.75,406.11,1.94,204.0,100710.0
20060601:0000,26.34,80.88,295.55,630.91,95.55,408.57,1.97,155.0,101060.0
20060601:0100,26.71,80.4,444.85,608.87,126.4,411.03,2.0,142.0,101090.0
20060601:0200,27.08,79.92,627.95,701.95,143.5,413.48,2.03,135.0,101060.0
20060601:0300,27.45,79.44,731.55,714.19,155.2,415.94,2.06,122.0,100970.0
20060601:0400,27.82,78.96,749.8,712.55,133.0,418.4,2.09,107.0,100890.0
20060601:0500,28.19,78.49,630.3,574.71,134.9,420.85,2.12,93.0,100810.0
20060601:0600,28.57,78.01,618.55,605.67,136.2,423.31,2.15,80.0,100730.0
20060601:0700,28.94,77.53,398.35,440.31,101.9,425.77,2.18,74.0,100710.0
20060601:0800,28.95,77.0,241.9,325.53,78.8,427.3,1.79,80.0,100670.0
20060601:0900,28.69,76.95,95.95,199.38,37.85,428.65,1.45,97.0,100670.0
20060601:1000,27.92,79.4,1.85,4.26,1.6,421.1,1.59,138.0,100700.0
20060601:1100,26.71,81.9,0.0,-0.0,0.0,413.4,1.17,157.0,100790.0
20060601:1200,26.34,87.35,0.0,-0.0,0.0,419.4,1.1,162.0,100850.0
20060601:1300,25.93,90.2,0.0,-0.0,0.0,418.4,1.17,150.0,100920.0
20060601:1400,25.54,93.15,0.0,-0.0,0.0,413.95,1.17,149.0,100970.0
20060601:1500,25.34,93.15,0.0,-0.0,0.0,415.5,1.31,178.0,101000.0
20060601:1600,25.29,93.15,0.0,-0.0,0.0,418.2,1.38,189.0,101010.0
20060601:1700,25.17,93.15,0.0,-0.0,0.0,420.15,1.52,200.0,100980.0
20060601:1800,24.87,96.2,0.0,-0.0,0.0,415.9,1.24,207.0,100930.0
20060601:1900,24.82,93.15,0.0,-0.0,0.0,408.15,0.9,196.0,100910.0
20060601:2000,25.43,87.3,0.0,-0.0,0.0,410.3,0.41,183.0,100880.0
20060601:2100,24.06,93.1,0.0,-0.0,0.0,405.05,0.97,220.0,100930.0
20060601:2200,24.1,93.1,0.0,-0.0,0.0,411.65,1.38,222.0,100980.0
20060601:2300,24.52,93.1,91.35,486.99,49.4,413.4,1.45,218.0,101010.0
20060602:0000,25.56,90.2,314.95,720.15,87.5,412.0,1.1,210.0,101080.0
20060602:0100,26.83,81.9,486.9,714.06,114.35,413.3,1.03,205.0,101110.0
20060602:0200,27.8,74.4,624.6,686.89,151.45,413.55,0.83,196.0,101080.0
20060602:0300,28.63,74.5,655.95,647.01,134.65,424.8,0.48,189.0,101040.0
20060602:0400,29.19,72.15,635.9,530.36,177.45,426.9,0.41,84.0,100980.0
20060602:0500,29.06,72.15,573.25,461.34,176.05,433.3,0.41,81.0,100910.0
20060602:0600,29.3,69.95,581.75,551.74,142.8,427.1,1.17,209.0,100830.0
20060602:0700,29.58,72.25,371.85,367.03,124.95,433.1,0.9,188.0,100770.0
20060602:0800,28.99,72.15,247.4,325.03,84.65,429.45,0.55,153.0,100700.0
20060602:0900,28.13,76.85,95.55,189.96,40.2,424.0,0.62,102.0,100710.0
20060602:1000,27.81,74.4,1.9,4.25,1.65,420.75,1.1,106.0,100760.0
20060602:1100,27.33,79.35,0.0,-0.0,0.0,419.95,0.9,85.0,100820.0
20060602:1200,27.04,81.9,0.0,-0.0,0.0,413.95,0.55,58.0,100900.0
20060602:1300,26.67,81.9,0.0,-0.0,0.0,410.85,0.55,81.0,100990.0
20060602:1400,25.09,93.15,0.0,-0.0,0.0,415.1,1.03,169.0,101060.0
20060602:1500,24.91,93.15,0.0,-0.0,0.0,419.2,1.24,203.0,101090.0
20060602:1600,24.62,96.2,0.0,-0.0,0.0,422.1,0.83,200.0,101080.0
20060602:1700,24.36,96.2,0.0,-0.0,0.0,413.55,0.9,193.0,101030.0
20060602:1800,24.16,93.1,0.0,-0.0,0.0,411.25,0.97,199.0,100970.0
20060602:1900,24.63,93.1,0.0,-0.0,0.0,420.55,0.76,182.0,100950.0
20060602:2000,24.28,93.1,0.0,-0.0,0.0,411.25,0.97,144.0,100900.0
20060602:2100,24.34,93.1,0.0,-0.0,0.0,417.85,1.17,147.0,100920.0
20060602:2200,24.12,93.1,0.0,-0.0,0.0,410.45,1.1,159.0,100930.0
20060602:2300,24.08,93.1,112.0,718.75,50.8,409.3,1.1,170.0,100960.0
20060603:0000,25.75,84.5,283.5,639.55,82.25,402.35,1.1,159.0,101000.0
20060603:0100,26.63,81.85,454.95,613.86,135.45,405.35,1.45,138.0,101070.0
20060603:0200,27.56,76.8,594.55,684.55,123.9,413.55,1.38,117.0,101060.0
20060603:0300,28.26,74.5,579.25,482.5,191.1,416.3,1.17,77.0,101040.0
20060603:0400,28.79,69.85,686.7,587.24,179.75,432.9,0.97,44.0,100980.0
20060603:0500,29.29,67.7,594.65,457.74,201.0,421.5,0.83,14.0,100910.0
20060603:0600,29.25,67.7,521.9,466.97,150.75,440.3,1.17,6.0,100830.0
20060603:0700,28.01,76.85,396.15,417.22,115.7,422.3,1.72,353.0,100850.0
20060603:0800,28.13,76.85,221.85,262.05,90.7,429.65,1.24,309.0,100810.0
20060603:0900,27.56,79.35,91.6,171.25,41.7,431.0,1.1,309.0,100800.0
20060603:1000,26.93,79.3,2.0,4.23,1.75,421.1,0.76,346.0,100820.0
20060603:1100,26.53,87.35,0.0,-0.0,0.0,413.75,0.55,6.0,100890.0
20060603:1200,26.49,81.85,0.0,-0.0,0.0,410.3,0.34,74.0,100930.0
20060603:1300,26.28,81.85,0.0,-0.0,0.0,407.4,0.48,134.0,100970.0
20060603:1400,25.64,90.2,0.0,-0.0,0.0,406.8,0.69,131.0,101010.0
20060603:1500,24.97,90.15,0.0,-0.0,0.0,401.4,0.9,147.0,101050.0
20060603:1600,24.32,93.1,0.0,-0.0,0.0,405.05,1.31,173.0,101060.0
20060603:1700,24.14,96.2,0.0,-0.0,0.0,401.55,1.59,185.0,101040.0
20060603:1800,23.92,96.2,0.0,-0.0,0.0,406.6,1.38,186.0,100990.0
20060603:1900,23.84,93.1,0.0,-0.0,0.0,396.35,1.59,205.0,100970.0
20060603:2000,23.78,93.1,0.0,-0.0,0.0,399.85,1.66,197.0,100940.0
20060603:2100,23.68,93.1,0.0,-0.0,0.0,395.75,1.79,196.0,100940.0
20060603:2200,23.5,93.05,0.0,-0.0,0.0,392.85,1.72,198.0,100940.0
20060603:2300,23.33,93.05,108.5,607.26,57.4,388.6,1.59,201.0,100990.0
20060604:0000,25.23,87.3,314.25,687.2,98.8,389.2,1.1,193.0,101020.0
20060604:0100,26.92,79.3,468.3,597.03,158.3,394.35,1.17,166.0,101070.0
20060604:0200,27.88,72.0,667.45,727.85,167.95,398.45,1.38,140.0,101030.0
20060604:0300,28.83,67.6,686.85,649.69,165.0,403.1,1.72,123.0,101010.0
20060604:0400,29.44,63.4,774.3,740.92,135.5,409.5,2.28,116.0,100950.0
20060604:0500,29.98,61.45,787.8,790.47,108.75,408.75,2.76,114.0,100870.0
20060604:0600,30.24,59.55,665.55,714.08,98.5,407.95,2.97,111.0,100780.0
20060604:0700,30.04,61.45,481.05,582.68,89.65,417.45,2.83,96.0,100770.0
20060604:0800,29.64,63.4,301.85,441.85,80.8,410.85,2.76,88.0,100740.0
20060604:0900,29.18,67.6,103.15,206.2,43.05,413.4,2.48,90.0,100750.0
20060604:1000,28.4,72.1,2.3,6.73,1.9,409.1,1.93,99.0,100790.0
20060604:1100,27.4,76.8,0.0,-0.0,0.0,401.55,1.93,110.0,100870.0
20060604:1200,26.7,81.9,0.0,-0.0,0.0,401.95,1.93,126.0,100910.0
20060604:1300,26.0,87.3,0.0,-0.0,0.0,398.45,1.72,141.0,100980.0
20060604:1400,25.33,90.2,0.0,-0.0,0.0,399.25,1.52,160.0,101040.0
20060604:1500,24.97,93.15,0.0,-0.0,0.0,405.25,1.59,173.0,101060.0
20060604:1600,24.75,93.15,0.0,-0.0,0.0,408.75,1.59,181.0,101030.0
20060604:1700,24.49,96.2,0.0,-0.0,0.0,405.25,1.52,192.0,100990.0
20060604:1800,24.34,96.2,0.0,-0.0,0.0,407.4,1.45,205.0,100970.0
20060604:1900,24.35,93.1,0.0,-0.0,0.0,403.1,1.59,195.0,100970.0
20060604:2000,24.25,93.1,0.0,-0.0,0.0,405.65,1.66,197.0,100930.0
20060604:2100,24.16,93.1,0.0,-0.0,0.0,408.55,1.59,193.0,100960.0
20060604:2200,23.91,93.1,0.0,-0.0,0.0,400.8,1.59,195.0,100980.0
20060604:2300,23.8,93.1,118.4,674.11,62.35,401.55,1.52,195.0,101030.0
20060605:0000,25.36,87.3,264.55,349.58,155.35,399.05,1.1,188.0,101100.0
20060605:0100,26.92,79.3,357.6,197.97,255.05,405.15,1.03,162.0,101160.0
20060605:0200,27.6,76.8,437.25,171.96,319.45,414.9,1.17,134.0,101110.0
20060605:0300,28.26,69.75,667.3,471.1,289.45,420.75,1.45,119.0,101080.0
20060605:0400,28.99,67.6,719.6,558.64,238.55,417.25,1.66,107.0,101030.0
20060605:0500,29.42,63.4,724.15,616.42,195.15,423.45,1.93,97.0,100940.0
20060605:0600,29.79,61.45,646.05,633.19,143.65,416.65,2.14,90.0,100870.0
20060605:0700,29.84,59.45,465.85,512.05,122.1,415.3,2.07,75.0,100850.0
20060605:0800,29.41,61.35,245.05,250.63,119.7,411.45,2.14,70.0,100790.0
20060605:0900,28.92,63.3,68.55,60.88,50.8,411.05,2.07,78.0,100830.0
20060605:1000,28.06,72.0,1.7,0.0,1.7,414.35,1.66,91.0,100860.0
20060605:1100,27.17,79.3,0.0,-0.0,0.0,411.25,1.66,102.0,100920.0
20060605:1200,26.51,81.85,0.0,-0.0,0.0,410.45,1.66,110.0,101000.0
20060605:1300,26.05,84.5,0.0,-0.0,0.0,409.3,1.79,121.0,101070.0
20060605:1400,25.64,87.3,0.0,-0.0,0.0,405.05,1.86,131.0,101120.0
20060605:1500,25.31,87.3,0.0,-0.0,0.0,404.45,1.86,140.0,101130.0
20060605:1600,25.11,90.15,0.0,-0.0,0.0,407.75,1.79,152.0,101110.0
20060605:1700,24.91,90.15,0.0,-0.0,0.0,408.15,1.79,165.0,101080.0
20060605:1800,24.51,93.1,0.0,-0.0,0.0,402.9,1.59,170.0,101050.0
20060605:1900,24.35,93.1,0.0,-0.0,0.0,406.6,1.52,171.0,100990.0
20060605:2000,24.44,93.1,0.0,-0.0,0.0,412.6,1.66,173.0,100990.0
20060605:2100,24.41,90.1,0.0,-0.0,0.0,406.8,1.93,173.0,101000.0
20060605:2200,24.21,90.1,0.0,-0.0,0.0,399.45,2.0,166.0,101040.0
20060605:2300,24.2,90.1,67.6,124.78,57.35,406.6,1.79,152.0,101090.0
20060606:0000,25.28,84.45,157.35,79.68,132.55,409.9,1.79,147.0,101130.0
20060606:0100,26.66,79.2,262.6,119.39,200.9,416.2,2.34,131.0,101180.0
20060606:0200,27.07,76.7,424.0,196.17,289.85,418.2,3.79,109.0,101160.0
20060606:0300,27.66,74.3,512.45,234.29,324.8,419.2,4.97,104.0,101090.0
20060606:0400,28.16,72.0,605.1,397.97,262.8,426.15,5.1,108.0,101020.0
20060606:0500,28.62,72.1,676.2,578.29,180.4,426.75,4.62,112.0,100940.0
20060606:0600,29.08,72.15,593.35,561.21,148.4,426.15,4.28,114.0,100840.0
20060606:0700,29.15,72.15,458.2,500.69,122.25,421.3,3.31,108.0,100840.0
20060606:0800,28.54,69.75,269.35,362.16,88.25,423.25,3.72,102.0,100830.0
20060606:0900,28.17,72.0,94.75,190.75,39.1,422.85,3.45,107.0,100820.0
20060606:1000,27.55,76.8,2.25,6.64,1.85,416.3,2.69,120.0,100850.0
20060606:1100,26.73,79.3,0.0,-0.0,0.0,407.2,2.62,127.0,100900.0
20060606:1200,26.35,84.55,0.0,-0.0,0.0,409.1,2.76,128.0,100960.0
20060606:1300,26.11,87.3,0.0,-0.0,0.0,405.25,2.69,131.0,101020.0
20060606:1400,25.94,87.3,0.0,-0.0,0.0,405.85,2.55,135.0,101050.0
20060606:1500,25.62,90.2,0.0,-0.0,0.0,402.9,2.34,140.0,101030.0
20060606:1600,25.2,87.3,0.0,-0.0,0.0,403.9,1.72,151.0,101030.0
20060606:1700,24.57,93.1,0.0,-0.0,0.0,407.95,1.24,173.0,101030.0
20060606:1800,24.04,96.2,0.0,-0.0,0.0,402.95,1.03,204.0,101010.0
20060606:1900,24.5,90.1,0.0,-0.0,0.0,411.65,0.69,107.0,100980.0
20060606:2000,24.61,90.1,0.0,-0.0,0.0,414.15,0.69,157.0,100920.0
20060606:2100,24.01,93.1,0.0,-0.0,0.0,414.35,1.24,183.0,100910.0
20060606:2200,23.99,93.1,0.0,-0.0,0.0,407.95,1.59,190.0,100920.0
20060606:2300,23.89,93.1,104.3,619.3,54.05,401.4,1.66,198.0,100980.0
20060607:0000,25.65,90.2,309.75,721.17,86.1,404.45,1.1,197.0,101060.0
20060607:0100,27.18,74.3,509.0,758.19,118.05,405.55,0.97,174.0,101110.0
20060607:0200,28.18,72.0,676.6,806.54,126.0,406.8,1.17,140.0,101090.0
20060607:0300,29.08,67.6,778.7,820.73,122.25,412.2,1.52,121.0,101050.0
20060607:0400,29.76,61.45,826.75,831.34,112.5,417.25,1.79,113.0,100960.0
20060607:0500,30.29,59.55,756.45,752.23,112.1,416.1,2.0,108.0,100880.0
20060607:0600,30.56,57.6,632.35,665.84,104.8,416.45,1.93,104.0,100810.0
20060607:0700,30.42,59.55,498.95,599.61,96.8,421.1,1.31,82.0,100770.0
20060607:0800,30.55,57.6,281.05,415.98,73.05,419.95,1.52,79.0,100740.0
20060607:0900,30.13,59.45,103.55,224.7,37.95,414.15,1.52,87.0,100750.0
20060607:1000,29.13,67.6,2.35,8.25,1.85,411.05,1.38,100.0,100790.0
20060607:1100,27.72,74.4,0.0,-0.0,0.0,404.85,1.45,111.0,100890.0
20060607:1200,26.74,81.9,0.0,-0.0,0.0,410.65,1.45,124.0,100980.0
20060607:1300,26.17,87.3,0.0,-0.0,0.0,409.5,1.66,139.0,101050.0
20060607:1400,25.84,84.5,0.0,-0.0,0.0,413.0,1.72,167.0,101070.0
20060607:1500,25.51,87.3,0.0,-0.0,0.0,408.75,1.86,185.0,101090.0
20060607:1600,25.05,90.15,0.0,-0.0,0.0,404.3,1.72,195.0,101070.0
20060607:1700,24.46,93.1,0.0,-0.0,0.0,398.85,1.52,208.0,101060.0
20060607:1800,24.01,93.1,0.0,-0.0,0.0,396.75,1.45,217.0,101020.0
20060607:1900,24.11,93.1,0.0,-0.0,0.0,401.4,1.72,196.0,100960.0
20060607:2000,23.98,90.1,0.0,-0.0,0.0,400.0,1.79,191.0,100940.0
20060607:2100,23.78,90.1,0.0,-0.0,0.0,396.15,1.86,190.0,100950.0
20060607:2200,23.47,90.05,0.0,-0.0,0.0,389.0,1.93,190.0,100970.0
20060607:2300,23.26,90.05,133.45,1090.02,46.1,388.4,1.79,187.0,101030.0
20060608:0000,24.78,81.7,343.55,874.71,73.25,382.0,1.59,175.0,101040.0
20060608:0100,26.58,71.75,542.9,878.35,91.0,381.75,1.59,157.0,101070.0
20060608:0200,27.86,63.1,711.0,897.38,99.4,384.95,1.79,137.0,101060.0
20060608:0300,28.98,55.4,800.8,856.85,116.35,387.65,2.21,127.0,100990.0
20060608:0400,29.82,50.3,780.95,754.55,133.35,390.55,2.55,117.0,100900.0
20060608:0500,30.28,48.75,770.1,753.96,124.8,392.45,2.83,110.0,100830.0
20060608:0600,30.47,48.75,674.9,692.38,126.65,393.85,2.9,106.0,100740.0
20060608:0700,30.41,48.75,479.05,569.98,96.9,398.45,2.76,98.0,100660.0
20060608:0800,30.13,50.3,307.9,466.96,74.4,396.75,2.76,93.0,100640.0
20060608:0900,29.54,53.7,104.75,228.95,37.85,398.1,2.69,87.0,100670.0
20060608:1000,28.42,61.1,2.55,9.0,2.0,396.35,2.34,86.0,100710.0
20060608:1100,27.36,67.3,0.0,-0.0,0.0,394.0,2.28,92.0,100770.0
20060608:1200,26.64,76.65,0.0,-0.0,0.0,394.0,2.07,101.0,100860.0
20060608:1300,26.03,81.8,0.0,-0.0,0.0,403.9,1.72,118.0,100960.0
20060608:1400,25.32,84.45,0.0,-0.0,0.0,405.65,1.45,146.0,101020.0
20060608:1500,24.81,87.25,0.0,-0.0,0.0,403.5,1.59,173.0,101030.0
20060608:1600,24.72,87.25,0.0,-0.0,0.0,408.75,1.79,187.0,101020.0
20060608:1700,24.28,90.1,0.0,-0.0,0.0,393.65,2.07,193.0,101030.0
20060608:1800,23.91,90.1,0.0,-0.0,0.0,389.4,2.14,196.0,100990.0
20060608:1900,23.63,90.05,0.0,-0.0,0.0,385.5,2.21,192.0,100950.0
20060608:2000,23.17,87.1,0.0,-0.0,0.0,378.15,2.14,194.0,100890.0
20060608:2100,22.79,87.1,0.0,-0.0,0.0,375.25,2.14,195.0,100900.0
20060608:2200,22.42,87.05,0.0,-0.0,0.0,372.35,2.0,198.0,100930.0
20060608:2300,22.09,89.95,130.6,1091.17,44.25,369.85,1.79,203.0,100990.0
20060609:0000,23.9,84.35,337.65,826.66,83.1,375.25,1.24,198.0,101060.0
20060609:0100,25.88,71.65,527.75,830.7,101.3,375.55,1.03,171.0,101100.0
20060609:0200,27.36,63.0,640.7,721.07,150.05,379.3,1.38,142.0,101100.0
20060609:0300,28.41,59.1,758.65,778.83,137.3,385.7,1.72,128.0,101060.0
20060609:0400,29.19,57.3,781.2,736.57,149.65,391.1,1.93,119.0,100980.0
20060609:0500,29.7,53.8,699.65,610.07,177.9,397.7,2.0,106.0,100890.0
20060609:0600,29.88,52.05,600.65,560.58,157.0,406.0,2.14,92.0,100790.0
20060609:0700,30.07,52.05,447.95,480.39,125.95,408.9,2.14,96.0,100720.0
20060609:0800,29.87,52.05,280.35,388.61,86.0,406.0,2.21,94.0,100690.0
20060609:0900,29.43,53.7,99.55,194.87,42.55,410.85,2.21,92.0,100670.0
20060609:1000,28.42,61.1,2.5,7.31,2.05,403.9,2.0,91.0,100700.0
20060609:1100,27.44,67.3,0.0,-0.0,0.0,405.85,2.07,88.0,100770.0
20060609:1200,26.63,74.15,0.0,-0.0,0.0,397.5,2.14,101.0,100850.0
20060609:1300,25.94,79.15,0.0,-0.0,0.0,395.0,2.0,112.0,100970.0
20060609:1400,25.4,81.75,0.0,-0.0,0.0,399.25,1.93,130.0,101030.0
20060609:1500,24.68,84.4,0.0,-0.0,0.0,392.45,1.79,151.0,101060.0
20060609:1600,24.27,87.2,0.0,-0.0,0.0,398.85,1.79,174.0,101060.0
20060609:1700,23.9,90.1,0.0,-0.0,0.0,395.0,1.93,192.0,101050.0
20060609:1800,23.58,90.05,0.0,-0.0,0.0,392.3,2.0,203.0,100990.0
20060609:1900,23.47,90.05,0.0,-0.0,0.0,388.2,1.93,200.0,100960.0
20060609:2000,23.16,87.1,0.0,-0.0,0.0,389.0,1.86,201.0,100930.0
20060609:2100,22.86,90.05,0.0,-0.0,0.0,387.25,1.79,198.0,100930.0
20060609:2200,22.62,90.0,0.0,-0.0,0.0,386.1,1.86,193.0,100960.0
20060609:2300,22.48,90.0,116.4,675.73,63.6,384.35,1.79,193.0,101000.0
20060610:0000,23.93,84.35,323.0,692.69,110.45,381.65,1.38,186.0,101050.0
20060610:0100,26.05,71.65,521.15,736.04,144.1,381.95,1.31,165.0,101100.0
20060610:0200,27.4,63.0,697.6,831.77,132.5,386.45,1.52,137.0,101090.0
20060610:0300,28.47,55.3,807.25,855.93,125.2,388.2,1.79,118.0,101020.0
20060610:0400,29.25,51.9,821.9,807.94,129.8,390.15,2.21,108.0,100950.0
20060610:0500,29.71,50.3,752.8,700.17,154.4,392.45,2.48,103.0,100880.0
20060610:0600,29.89,50.3,678.05,713.8,113.4,395.75,2.55,100.0,100790.0
20060610:0700,29.96,48.65,481.75,548.67,114.05,398.1,2.14,89.0,100800.0
20060610:0800,29.65,48.5,271.65,308.55,117.3,398.45,2.28,86.0,100760.0
20060610:0900,29.03,50.05,98.75,152.47,54.1,401.2,2.34,88.0,100760.0
20060610:1000,28.02,57.05,2.25,1.61,2.15,391.5,1.93,94.0,100790.0
20060610:1100,27.15,62.9,0.0,-0.0,0.0,407.55,2.0,107.0,100850.0
20060610:1200,26.62,67.15,0.0,-0.0,0.0,413.2,2.14,114.0,100960.0
20060610:1300,26.32,69.4,0.0,-0.0,0.0,418.0,2.14,114.0,101090.0
20060610:1400,26.02,74.1,0.0,-0.0,0.0,415.9,2.21,119.0,101180.0
20060610:1500,25.73,76.6,0.0,-0.0,0.0,413.95,2.21,127.0,101220.0
20060610:1600,25.42,79.1,0.0,-0.0,0.0,411.05,2.14,137.0,101190.0
20060610:1700,24.87,79.05,0.0,-0.0,0.0,397.9,1.93,151.0,101190.0
20060610:1800,24.17,81.65,0.0,-0.0,0.0,392.3,1.86,172.0,101130.0
20060610:1900,24.01,81.55,0.0,-0.0,0.0,397.3,2.21,178.0,101060.0
20060610:2000,23.83,81.55,0.0,-0.0,0.0,401.95,2.21,183.0,101010.0
20060610:2100,23.36,81.5,0.0,-0.0,0.0,385.9,2.21,186.0,101030.0
20060610:2200,22.83,84.25,0.0,-0.0,0.0,373.9,2.07,188.0,101070.0
20060610:2300,22.4,87.05,135.25,1179.58,44.25,369.85,1.93,187.0,101100.0
20060611:0000,23.94,81.55,350.85,906.99,73.5,369.65,1.52,182.0,101180.0
20060611:0100,26.05,69.3,535.85,854.07,99.25,374.95,1.38,159.0,101200.0
20060611:0200,27.37,58.9,693.45,864.63,106.9,380.85,1.52,136.0,101200.0
20060611:0300,28.48,53.45,775.6,814.75,127.1,386.85,1.86,124.0,101140.0
20060611:0400,29.27,50.2,816.45,800.51,131.3,391.5,2.0,115.0,101060.0
20060611:0500,29.82,47.0,775.35,762.19,124.35,395.75,2.14,110.0,100960.0
20060611:0600,30.08,47.0,686.85,730.58,109.15,397.7,2.07,108.0,100850.0
20060611:0700,29.96,48.65,482.9,567.75,102.45,400.0,2.21,103.0,100800.0
20060611:0800,29.73,48.65,312.45,445.54,89.5,399.65,2.28,95.0,100780.0
20060611:0900,29.18,50.05,96.9,133.86,57.65,395.75,2.34,87.0,100780.0
20060611:1000,28.17,57.05,2.55,2.39,2.4,400.4,2.14,83.0,100850.0
20060611:1100,27.14,65.0,0.0,-0.0,0.0,397.3,2.0,89.0,100920.0
20060611:1200,26.3,69.4,0.0,-0.0,0.0,394.2,1.93,108.0,101000.0
20060611:1300,25.74,74.1,0.0,-0.0,0.0,400.6,2.0,127.0,101060.0
20060611:1400,25.28,76.5,0.0,-0.0,0.0,397.7,2.07,140.0,101110.0
20060611:1500,24.93,79.05,0.0,-0.0,0.0,400.6,1.93,153.0,101130.0
20060611:1600,24.37,84.35,0.0,-0.0,0.0,395.55,1.79,168.0,101110.0
20060611:1700,24.0,87.15,0.0,-0.0,0.0,399.85,1.66,184.0,101070.0
20060611:1800,23.58,90.05,0.0,-0.0,0.0,392.45,1.79,194.0,101000.0
20060611:1900,23.61,87.1,0.0,-0.0,0.0,393.05,1.93,183.0,100950.0
20060611:2000,23.27,87.1,0.0,-0.0,0.0,386.1,1.93,186.0,100880.0
20060611:2100,23.11,90.05,0.0,-0.0,0.0,390.15,1.86,188.0,100870.0
20060611:2200,22.97,90.05,0.0,-0.0,0.0,389.4,1.86,190.0,100960.0
20060611:2300,22.87,90.05,124.35,1016.94,46.9,386.85,1.86,190.0,100990.0
20060612:0000,24.59,81.65,326.3,818.2,76.95,385.7,1.66,180.0,101050.0
20060612:0100,26.25,69.4,533.4,855.61,96.9,391.6,1.45,166.0,101110.0
20060612:0200,27.53,65.1,655.55,791.39,119.45,395.2,1.17,139.0,101090.0
20060612:0300,28.63,61.1,724.05,743.36,133.0,401.0,1.31,114.0,101030.0
20060612:0400,29.45,55.5,740.95,675.33,163.4,406.0,1.45,104.0,100950.0
20060612:0500,30.02,53.8,685.55,635.4,143.15,412.4,1.45,94.0,100850.0
20060612:0600,30.27,52.15,497.3,437.76,151.25,413.75,1.38,65.0,100760.0
20060612:0700,29.63,57.4,443.85,461.05,134.9,438.55,1.52,24.0,100760.0
20060612:0800,29.64,57.4,256.5,365.84,73.35,422.65,1.59,29.0,100730.0
20060612:0900,29.19,59.2,90.1,168.06,40.75,421.3,1.52,37.0,100730.0
20060612:1000,28.54,63.2,2.1,6.32,1.7,421.9,1.38,57.0,100800.0
20060612:1100,27.37,69.6,0.0,-0.0,0.0,417.25,1.17,87.0,100850.0
20060612:1200,26.4,79.2,0.0,-0.0,0.0,411.85,1.1,110.0,100920.0
20060612:1300,25.61,84.45,0.0,-0.0,0.0,418.2,0.97,120.0,100980.0
20060612:1400,25.92,79.15,0.0,-0.0,0.0,417.05,0.76,125.0,101030.0
20060612:1500,25.93,79.15,0.0,-0.0,0.0,419.4,0.76,160.0,101030.0
20060612:1600,25.06,87.25,0.0,-0.0,0.0,421.9,1.1,194.0,100980.0
20060612:1700,24.88,87.25,0.0,-0.0,0.0,419.0,1.17,195.0,100950.0
20060612:1800,24.49,90.1,0.0,-0.0,0.0,411.85,1.17,199.0,100890.0
20060612:1900,24.36,87.2,0.0,-0.0,0.0,407.75,1.31,156.0,100870.0
20060612:2000,24.16,84.35,0.0,-0.0,0.0,405.25,1.52,164.0,100820.0
20060612:2100,23.85,87.15,0.0,-0.0,0.0,401.75,1.45,161.0,100830.0
20060612:2200,23.57,90.05,0.0,-0.0,0.0,396.35,1.52,160.0,100890.0
20060612:2300,23.61,90.05,96.4,421.65,64.7,399.25,1.66,166.0,100910.0
20060613:0000,25.48,81.75,282.5,546.85,116.4,401.75,1.66,161.0,100950.0
20060613:0100,26.97,74.25,458.95,600.79,153.05,405.15,2.07,145.0,100970.0
20060613:0200,28.04,67.4,627.0,739.04,127.05,411.45,2.28,130.0,100950.0
20060613:0300,28.97,63.3,672.85,624.83,176.55,415.3,2.41,116.0,100900.0
20060613:0400,29.71,59.45,736.15,669.21,164.25,425.55,2.55,112.0,100840.0
20060613:0500,30.23,57.6,707.95,665.06,140.5,430.4,2.69,106.0,100740.0
20060613:0600,30.41,55.75,548.5,490.75,160.65,427.7,2.76,97.0,100650.0
20060613:0700,30.22,55.75,431.05,479.37,109.8,425.75,2.69,86.0,100600.0
20060613:0800,29.89,57.5,253.3,371.73,67.1,430.8,2.97,81.0,100580.0
20060613:0900,29.36,61.35,96.65,195.84,39.05,423.45,2.97,87.0,100600.0
20060613:1000,28.58,67.5,2.45,8.61,1.9,420.15,2.62,97.0,100660.0
20060613:1100,27.82,72.0,0.0,-0.0,0.0,417.65,2.34,102.0,100700.0
20060613:1200,27.32,74.3,0.0,-0.0,0.0,414.75,2.21,107.0,100790.0
20060613:1300,26.72,76.7,0.0,-0.0,0.0,414.15,2.34,100.0,100870.0
20060613:1400,26.45,81.85,0.0,-0.0,0.0,422.3,2.0,99.0,100920.0
20060613:1500,26.13,84.5,0.0,-0.0,0.0,416.65,1.79,105.0,100960.0
20060613:1600,25.79,84.5,0.0,-0.0,0.0,413.95,1.59,125.0,100950.0
20060613:1700,25.37,90.2,0.0,-0.0,0.0,415.1,1.45,144.0,100920.0
20060613:1800,24.86,90.15,0.0,-0.0,0.0,410.1,1.1,137.0,100890.0
20060613:1900,24.74,90.15,0.0,-0.0,0.0,410.65,1.59,144.0,100830.0
20060613:2000,24.6,93.1,0.0,-0.0,0.0,417.45,1.31,153.0,100850.0
20060613:2100,24.67,87.25,0.0,-0.0,0.0,419.55,1.38,168.0,100820.0
20060613:2200,24.91,87.25,0.0,-0.0,0.0,425.2,1.66,169.0,100850.0
20060613:2300,24.82,87.25,107.15,844.21,44.5,414.35,1.79,167.0,100870.0
20060614:0000,25.82,81.8,303.35,717.77,86.05,407.2,1.79,160.0,100900.0
20060614:0100,26.96,74.25,517.3,805.8,107.8,402.45,1.93,144.0,100940.0
20060614:0200,28.13,67.4,616.05,693.68,147.4,411.65,1.86,130.0,100930.0
20060614:0300,29.1,63.3,652.5,638.08,146.15,420.15,2.0,120.0,100880.0
20060614:0400,29.71,57.5,678.4,592.44,172.45,423.25,2.28,112.0,100840.0
20060614:0500,30.13,57.5,611.9,537.07,153.85,423.45,2.62,103.0,100770.0
20060614:0600,30.25,55.75,552.3,541.64,124.3,432.55,2.76,95.0,100700.0
20060614:0700,30.03,57.5,390.75,404.03,119.95,426.75,2.48,93.0,100670.0
20060614:0800,29.94,57.5,247.5,337.18,78.5,426.55,2.41,96.0,100650.0
20060614:0900,29.55,59.35,99.25,211.29,37.0,419.75,2.48,100.0,100650.0
20060614:1000,28.79,61.25,2.4,6.97,1.95,413.2,2.41,102.0,100690.0
20060614:1100,27.92,67.4,0.0,-0.0,0.0,409.5,2.62,104.0,100740.0
20060614:1200,27.38,71.9,0.0,-0.0,0.0,413.55,2.62,105.0,100830.0
20060614:1300,26.85,76.7,0.0,-0.0,0.0,407.4,2.41,110.0,100860.0
20060614:1400,26.49,79.2,0.0,-0.0,0.0,407.75,2.34,115.0,100930.0
20060614:1500,26.22,79.2,0.0,-0.0,0.0,409.9,2.34,124.0,100950.0
20060614:1600,25.93,81.8,0.0,-0.0,0.0,409.1,2.21,137.0,100920.0
20060614:1700,25.62,84.45,0.0,-0.0,0.0,407.95,2.0,153.0,100900.0
20060614:1800,25.2,81.75,0.0,-0.0,0.0,404.45,1.93,164.0,100870.0
20060614:1900,24.99,84.4,0.0,-0.0,0.0,403.9,2.0,173.0,100910.0
20060614:2000,24.79,81.7,0.0,-0.0,0.0,404.85,2.07,172.0,100840.0
20060614:2100,24.54,84.35,0.0,-0.0,0.0,399.25,2.07,166.0,100850.0
20060614:2200,24.11,84.35,0.0,-0.0,0.0,385.5,2.14,161.0,100870.0
20060614:2300,23.82,84.35,125.0,1083.24,45.65,383.0,2.21,160.0,100920.0
20060615:0000,25.29,76.5,329.7,818.49,82.7,388.2,2.28,153.0,100950.0
20060615:0100,26.83,65.0,539.0,868.0,98.7,385.05,3.03,146.0,100960.0
20060615:0200,28.01,59.0,696.75,882.61,101.2,388.6,3.1,138.0,100950.0
20060615:0300,29.17,53.55,811.15,888.37,106.8,392.65,3.1,130.0,100920.0
20060615:0400,30.09,50.3,822.25,824.25,118.75,395.75,2.9,122.0,100840.0
20060615:0500,30.73,47.15,776.75,762.63,126.55,399.05,2.76,108.0,100760.0
20060615:0600,31.02,47.15,647.8,648.95,135.05,401.2,2.76,96.0,100660.0
20060615:0700,30.84,47.15,491.7,542.8,127.8,406.4,2.62,94.0,100660.0
20060615:0800,30.53,45.6,297.5,433.22,80.2,408.75,2.48,86.0,100640.0
20060615:0900,29.96,48.65,115.6,254.77,40.4,407.4,2.55,76.0,100650.0
20060615:1000,28.92,53.55,3.05,10.73,2.35,398.1,2.34,71.0,100670.0
20060615:1100,27.98,61.0,0.0,-0.0,0.0,405.85,2.21,68.0,100710.0
20060615:1200,27.16,67.2,0.0,-0.0,0.0,397.7,2.14,70.0,100790.0
20060615:1300,26.43,71.75,0.0,-0.0,0.0,392.85,2.0,84.0,100880.0
20060615:1400,25.68,76.6,0.0,-0.0,0.0,394.6,1.79,106.0,100930.0
20060615:1500,24.86,84.4,0.0,-0.0,0.0,396.9,1.45,132.0,100970.0
20060615:1600,24.27,84.35,0.0,-0.0,0.0,392.3,1.31,144.0,100980.0
20060615:1700,23.94,87.15,0.0,-0.0,0.0,391.3,1.17,160.0,100970.0
20060615:1800,23.33,90.05,0.0,-0.0,0.0,392.1,1.52,184.0,100940.0
20060615:1900,23.21,84.25,0.0,-0.0,0.0,389.55,1.93,182.0,100880.0
20060615:2000,22.86,84.25,0.0,-0.0,0.0,382.4,1.93,188.0,100870.0
20060615:2100,22.54,87.05,0.0,-0.0,0.0,379.1,2.0,191.0,100890.0
20060615:2200,22.32,84.15,0.0,-0.0,0.0,380.3,2.0,191.0,100910.0
20060615:2300,22.0,87.0,127.25,1155.52,43.7,374.3,1.79,190.0,100950.0
20060616:0000,23.69,78.9,341.45,878.74,77.1,373.9,1.17,181.0,101010.0
20060616:0100,26.16,64.8,543.1,885.53,94.7,379.05,0.97,150.0,101080.0
20060616:0200,27.51,55.05,691.95,859.76,112.5,382.0,1.24,123.0,101050.0
20060616:0300,28.59,51.65,797.55,853.24,121.6,393.85,1.72,115.0,101000.0
20060616:0400,29.42,48.5,812.9,799.3,131.05,390.75,2.28,111.0,100900.0
20060616:0500,29.96,47.0,769.35,746.3,133.25,393.45,2.55,107.0,100820.0
20060616:0600,30.28,45.6,645.0,656.8,126.05,393.45,2.55,102.0,100740.0
20060616:0700,30.09,48.65,485.0,549.49,116.5,399.05,2.07,91.0,100750.0
20060616:0800,29.98,48.65,307.35,454.88,79.0,399.25,2.07,83.0,100730.0
20060616:0900,29.46,48.5,113.65,245.31,41.1,395.4,2.48,74.0,100730.0
20060616:1000,28.46,55.3,3.2,12.14,2.4,390.35,2.34,76.0,100770.0
20060616:1100,27.41,60.9,0.0,-0.0,0.0,385.9,2.21,91.0,100810.0
20060616:1200,26.59,67.15,0.0,-0.0,0.0,389.0,2.07,109.0,100880.0
20060616:1300,25.89,69.3,0.0,-0.0,0.0,389.0,2.14,128.0,100940.0
20060616:1400,25.27,74.0,0.0,-0.0,0.0,388.2,2.14,143.0,100980.0
20060616:1500,24.71,76.45,0.0,-0.0,0.0,388.8,2.07,156.0,100990.0
20060616:1600,24.06,81.55,0.0,-0.0,0.0,383.0,1.93,163.0,100960.0
20060616:1700,23.5,84.25,0.0,-0.0,0.0,380.65,1.93,172.0,100940.0
20060616:1800,23.04,87.1,0.0,-0.0,0.0,377.95,1.93,179.0,100910.0
20060616:1900,23.25,84.25,0.0,-0.0,0.0,380.65,2.28,171.0,100850.0
20060616:2000,23.08,87.1,0.0,-0.0,0.0,380.45,2.28,175.0,100850.0
20060616:2100,22.77,84.25,0.0,-0.0,0.0,375.05,2.14,179.0,100830.0
20060616:2200,22.36,87.05,0.0,-0.0,0.0,372.55,1.93,182.0,100860.0
20060616:2300,21.94,89.95,116.15,995.51,45.1,370.0,1.72,189.0,100910.0
20060617:0000,24.01,84.35,316.0,800.41,75.95,372.15,1.31,188.0,100940.0
20060617:0100,26.16,69.3,504.8,796.24,102.3,375.75,1.24,167.0,100990.0
20060617:0200,27.37,65.1,664.35,800.71,125.3,381.85,1.03,151.0,100970.0
20060617:0300,28.48,61.1,740.3,753.32,143.95,389.4,0.83,128.0,100910.0
20060617:0400,29.43,57.4,765.35,718.75,152.5,396.15,0.9,114.0,100850.0
20060617:0500,30.22,53.9,725.2,687.66,139.2,404.85,1.03,104.0,100760.0
20060617:0600,30.61,52.15,498.85,420.04,166.95,412.0,1.17,93.0,100670.0
20060617:0700,30.49,53.9,450.9,491.81,120.95,442.2,1.17,29.0,100630.0
20060617:0800,30.35,53.9,287.0,411.97,80.0,414.75,1.59,29.0,100590.0
20060617:0900,29.87,55.6,105.9,210.72,43.45,410.65,1.66,39.0,100600.0
20060617:1000,29.13,61.25,3.05,9.75,2.4,419.2,1.17,42.0,100610.0
20060617:1100,27.92,76.85,0.0,-0.0,0.0,412.0,0.76,46.0,100630.0
20060617:1200,27.24,74.3,0.0,-0.0,0.0,406.4,0.83,72.0,100660.0
20060617:1300,26.21,79.2,0.0,-0.0,0.0,398.65,1.03,96.0,100760.0
20060617:1400,25.25,81.75,0.0,-0.0,0.0,398.65,1.24,117.0,100810.0
20060617:1500,24.49,87.2,0.0,-0.0,0.0,395.75,1.38,145.0,100860.0
20060617:1600,23.85,87.15,0.0,-0.0,0.0,391.9,1.38,174.0,100850.0
20060617:1700,23.55,90.05,0.0,-0.0,0.0,391.9,1.66,191.0,100810.0
20060617:1800,23.22,90.05,0.0,-0.0,0.0,387.45,1.79,202.0,100760.0
20060617:1900,22.81,90.05,0.0,-0.0,0.0,383.2,1.66,198.0,100730.0
20060617:2000,22.47,93.05,0.0,-0.0,0.0,380.85,1.66,199.0,100700.0
20060617:2100,22.17,90.0,0.0,-0.0,0.0,377.2,1.79,194.0,100690.0
20060617:2200,21.94,93.0,0.0,-0.0,0.0,374.65,1.79,190.0,100710.0
20060617:2300,21.8,89.95,125.95,1156.13,44.5,373.1,1.79,191.0,100720.0
20060618:0000,23.94,84.35,336.75,876.04,74.8,372.55,1.45,193.0,100750.0
20060618:0100,26.16,71.65,540.6,892.45,90.2,375.55,1.03,183.0,100770.0
20060618:0200,27.6,63.0,703.85,897.97,99.95,382.8,0.83,156.0,100760.0
20060618:0300,28.9,57.3,767.75,801.29,133.85,389.4,0.9,131.0,100700.0
20060618:0400,29.91,52.05,785.9,764.26,134.5,395.0,1.17,110.0,100610.0
20060618:0500,30.65,50.45,733.5,712.4,126.5,398.65,1.72,94.0,100520.0
20060618:0600,31.02,48.75,601.25,603.15,124.6,401.0,2.21,86.0,100440.0
20060618:0700,30.73,48.75,466.0,523.46,114.65,413.95,2.62,81.0,100410.0
20060618:0800,30.48,48.75,290.75,408.08,85.5,413.0,2.83,77.0,100410.0
20060618:0900,29.94,50.3,110.2,235.0,40.4,399.05,2.83,78.0,100410.0
20060618:1000,28.97,55.4,3.15,11.87,2.35,399.05,2.41,87.0,100450.0
20060618:1100,27.98,63.1,0.0,-0.0,0.0,399.85,2.34,106.0,100480.0
20060618:1200,27.28,67.3,0.0,-0.0,0.0,402.35,2.41,121.0,100540.0
20060618:1300,26.7,69.5,0.0,-0.0,0.0,399.85,2.55,131.0,100590.0
20060618:1400,26.15,76.6,0.0,-0.0,0.0,394.8,2.48,138.0,100640.0
20060618:1500,25.67,76.6,0.0,-0.0,0.0,392.65,2.34,143.0,100680.0
20060618:1600,25.2,79.1,0.0,-0.0,0.0,393.85,2.14,156.0,100700.0
20060618:1700,24.63,84.35,0.0,-0.0,0.0,390.15,2.0,171.0,100700.0
20060618:1800,24.22,84.35,0.0,-0.0,0.0,393.25,2.0,186.0,100670.0
20060618:1900,24.0,87.15,0.0,-0.0,0.0,390.9,1.79,196.0,100620.0
20060618:2000,23.63,90.05,0.0,-0.0,0.0,391.1,1.79,200.0,100620.0
20060618:2100,23.33,90.05,0.0,-0.0,0.0,388.6,1.79,201.0,100640.0
20060618:2200,23.18,90.05,0.0,-0.0,0.0,390.15,1.93,198.0,100650.0
20060618:2300,23.04,90.05,114.7,1009.41,44.5,385.3,2.0,198.0,100700.0
20060619:0000,24.76,81.7,318.6,778.63,86.45,385.7,1.59,193.0,100740.0
20060619:0100,26.7,67.2,505.65,812.37,96.3,390.05,1.38,180.0,100780.0
20060619:0200,28.13,63.1,635.65,771.13,117.55,396.15,1.24,148.0,100760.0
20060619:0300,29.39,57.4,729.5,745.87,139.8,403.1,1.52,123.0,100710.0
20060619:0400,30.36,53.9,766.6,729.88,144.7,409.1,2.0,108.0,100660.0
20060619:0500,30.93,52.15,770.75,753.7,128.6,419.95,2.41,96.0,100590.0
20060619:0600,31.28,50.55,573.45,586.32,110.0,416.85,2.48,89.0,100540.0
20060619:0700,31.14,52.15,419.05,466.81,105.55,426.35,2.0,85.0,100500.0
20060619:0800,31.0,50.45,237.3,317.37,77.5,424.2,2.0,95.0,100470.0
20060619:0900,30.52,50.45,102.65,209.93,40.15,418.0,2.14,111.0,100490.0
20060619:1000,29.64,57.4,3.2,9.53,2.55,414.75,2.07,112.0,100490.0
20060619:1100,28.58,63.2,0.0,-0.0,0.0,408.35,2.14,111.0,100540.0
20060619:1200,27.8,67.4,0.0,-0.0,0.0,409.1,2.21,120.0,100590.0
20060619:1300,27.23,71.9,0.0,-0.0,0.0,411.45,2.21,126.0,100650.0
20060619:1400,26.69,74.25,0.0,-0.0,0.0,409.1,2.07,134.0,100710.0
20060619:1500,26.12,79.15,0.0,-0.0,0.0,409.5,1.66,149.0,100750.0
20060619:1600,25.67,79.15,0.0,-0.0,0.0,411.45,1.66,173.0,100720.0
20060619:1700,25.16,81.75,0.0,-0.0,0.0,405.25,1.72,186.0,100690.0
20060619:1800,24.67,84.4,0.0,-0.0,0.0,401.4,1.66,188.0,100680.0
20060619:1900,24.33,87.2,0.0,-0.0,0.0,397.9,1.72,202.0,100640.0
20060619:2000,24.04,87.15,0.0,-0.0,0.0,396.75,1.72,197.0,100630.0
20060619:2100,23.63,90.05,0.0,-0.0,0.0,395.55,1.45,183.0,100650.0
20060619:2200,23.33,90.05,0.0,-0.0,0.0,396.75,1.31,159.0,100690.0
20060619:2300,23.32,90.05,89.95,666.34,44.2,400.8,1.24,163.0,100760.0
20060620:0000,25.53,81.75,291.45,687.98,86.9,398.3,1.1,160.0,100800.0
20060620:0100,27.1,71.85,438.45,622.77,125.1,403.8,1.1,129.0,100850.0
20060620:0200,28.19,65.3,599.7,716.56,118.7,412.4,1.38,104.0,100840.0
20060620:0300,29.11,63.3,703.8,702.48,148.7,418.4,1.72,94.0,100770.0
20060620:0400,29.82,59.45,669.8,591.07,166.3,422.65,2.07,91.0,100710.0
20060620:0500,30.21,59.45,563.65,412.97,211.8,429.65,2.55,86.0,100630.0
20060620:0600,30.32,57.6,525.8,488.39,139.65,429.25,3.03,88.0,100540.0
20060620:0700,30.44,55.75,384.05,382.81,126.8,433.5,4.0,106.0,100520.0
20060620:0800,29.94,57.5,254.75,323.74,91.55,425.95,4.07,104.0,100470.0
20060620:0900,29.38,59.35,100.0,196.52,41.35,424.6,3.93,106.0,100510.0
20060620:1000,28.63,65.3,2.95,7.97,2.4,423.05,3.24,112.0,100530.0
20060620:1100,27.97,69.65,0.0,-0.0,0.0,419.95,2.9,116.0,100590.0
20060620:1200,27.48,74.3,0.0,-0.0,0.0,414.35,2.34,121.0,100660.0
20060620:1300,27.12,76.7,0.0,-0.0,0.0,417.25,2.0,129.0,100720.0
20060620:1400,26.67,81.85,0.0,-0.0,0.0,412.8,1.86,140.0,100770.0
20060620:1500,26.28,81.85,0.0,-0.0,0.0,417.45,1.59,151.0,100790.0
20060620:1600,25.73,84.5,0.0,-0.0,0.0,411.65,1.52,166.0,100790.0
20060620:1700,25.28,87.3,0.0,-0.0,0.0,411.25,1.52,177.0,100780.0
20060620:1800,24.87,90.15,0.0,-0.0,0.0,411.25,1.38,182.0,100750.0
20060620:1900,24.85,87.25,0.0,-0.0,0.0,413.2,1.66,184.0,100650.0
20060620:2000,24.51,90.1,0.0,-0.0,0.0,405.05,1.59,184.0,100610.0
20060620:2100,24.23,90.1,0.0,-0.0,0.0,405.05,1.45,187.0,100610.0
20060620:2200,24.11,90.1,0.0,-0.0,0.0,406.4,1.59,184.0,100630.0
20060620:2300,24.0,90.1,100.2,849.69,42.6,403.9,1.59,181.0,100690.0
20060621:0000,25.98,81.8,264.9,592.88,89.1,408.15,1.17,179.0,100750.0
20060621:0100,27.47,71.9,447.5,661.85,114.95,408.65,0.97,153.0,100820.0
20060621:0200,28.62,65.3,577.25,647.07,143.25,419.2,1.1,125.0,100820.0
20060621:0300,29.74,57.5,691.7,699.83,138.95,426.15,2.28,110.0,100760.0
20060621:0400,30.58,55.75,701.9,653.7,145.15,427.5,3.17,100.0,100700.0
20060621:0500,30.93,53.9,696.05,672.49,123.05,428.3,3.66,93.0,100620.0
20060621:0600,31.23,52.25,462.25,333.84,198.2,423.65,3.72,90.0,100520.0
20060621:0700,29.43,59.35,341.35,275.77,155.9,438.55,3.03,101.0,100510.0
20060621:0800,29.28,59.35,211.95,234.67,93.5,437.35,3.03,109.0,100440.0
20060621:0900,29.03,61.25,79.15,141.55,36.8,429.85,2.9,121.0,100450.0
20060621:1000,28.47,65.3,2.7,6.45,2.25,428.3,2.48,123.0,100470.0
20060621:1100,27.88,67.4,0.0,-0.0,0.0,418.4,2.07,141.0,100520.0
20060621:1200,27.37,71.9,0.0,-0.0,0.0,416.65,1.93,154.0,100570.0
20060621:1300,26.88,76.7,0.0,-0.0,0.0,414.9,1.79,166.0,100630.0
20060621:1400,26.34,79.2,0.0,-0.0,0.0,411.25,1.59,174.0,100670.0
20060621:1500,25.8,84.5,0.0,-0.0,0.0,409.1,1.52,179.0,100710.0
20060621:1600,25.43,87.3,0.0,-0.0,0.0,413.55,1.45,180.0,100720.0
20060621:1700,24.9,90.15,0.0,-0.0,0.0,407.2,1.38,187.0,100700.0
20060621:1800,24.66,90.15,0.0,-0.0,0.0,409.1,1.45,200.0,100660.0
20060621:1900,24.66,90.15,0.0,-0.0,0.0,419.0,1.31,198.0,100640.0
20060621:2000,24.49,87.2,0.0,-0.0,0.0,412.0,1.31,202.0,100600.0
20060621:2100,24.28,90.1,0.0,-0.0,0.0,411.25,1.31,209.0,100620.0
20060621:2200,24.23,87.2,0.0,-0.0,0.0,408.9,1.59,203.0,100640.0
20060621:2300,24.12,93.1,104.9,905.29,44.3,406.0,1.66,196.0,100680.0
20060622:0000,25.81,81.8,297.6,717.84,85.3,403.9,1.38,172.0,100760.0
20060622:0100,27.31,69.6,468.7,694.6,120.15,408.25,1.79,140.0,100820.0
20060622:0200,28.41,65.3,612.15,694.33,146.8,414.35,2.0,125.0,100820.0
20060622:0300,29.4,59.35,693.4,671.61,163.15,421.9,2.28,118.0,100750.0
20060622:0400,30.2,57.5,671.75,615.79,147.35,424.6,2.48,106.0,100670.0
20060622:0500,30.46,53.9,694.9,629.38,158.55,427.5,2.69,93.0,100590.0
20060622:0600,30.68,53.9,557.4,520.11,145.85,432.9,2.83,82.0,100490.0
20060622:0700,30.44,53.9,446.25,501.19,108.95,429.85,3.17,88.0,100440.0
20060622:0800,30.26,52.15,249.95,314.98,90.75,425.55,3.1,84.0,100380.0
20060622:0900,29.79,53.8,69.2,108.18,36.75,424.8,2.76,90.0,100390.0
20060622:1000,29.25,55.5,2.7,7.79,2.15,430.0,2.07,98.0,100440.0
20060622:1100,28.64,61.1,0.0,-0.0,0.0,424.0,1.66,120.0,100510.0
20060622:1200,27.89,65.2,0.0,-0.0,0.0,418.0,1.59,125.0,100570.0
20060622:1300,27.2,67.3,0.0,-0.0,0.0,416.85,1.66,122.0,100660.0
20060622:1400,26.48,76.65,0.0,-0.0,0.0,413.75,1.59,126.0,100730.0
20060622:1500,25.94,79.15,0.0,-0.0,0.0,414.35,1.52,144.0,100750.0
20060622:1600,25.46,81.75,0.0,-0.0,0.0,409.5,1.59,163.0,100740.0
20060622:1700,25.17,79.1,0.0,-0.0,0.0,410.1,1.66,169.0,100740.0
20060622:1800,24.93,81.7,0.0,-0.0,0.0,409.5,1.79,173.0,100670.0
20060622:1900,24.8,81.7,0.0,-0.0,0.0,408.55,2.0,176.0,100610.0
20060622:2000,24.43,81.65,0.0,-0.0,0.0,397.9,2.0,175.0,100540.0
20060622:2100,24.14,81.55,0.0,-0.0,0.0,395.4,2.0,172.0,100530.0
20060622:2200,23.81,78.9,0.0,-0.0,0.0,392.45,1.93,166.0,100570.0
20060622:2300,23.63,81.5,103.45,911.34,43.2,393.65,1.93,160.0,100610.0
20060623:0000,24.84,73.95,317.25,807.25,79.1,393.25,1.93,158.0,100670.0
20060623:0100,26.37,64.95,501.05,779.05,110.6,396.05,1.86,151.0,100750.0
20060623:0200,27.67,60.9,652.85,780.64,130.0,403.5,1.79,140.0,100780.0
20060623:0300,28.75,55.4,684.3,690.38,139.4,407.95,1.72,123.0,100730.0
20060623:0400,29.6,53.7,636.05,537.96,177.95,413.55,2.07,104.0,100670.0
20060623:0500,29.83,52.05,645.55,551.7,175.3,431.95,2.55,90.0,100610.0
20060623:0600,30.01,50.3,537.7,463.58,170.7,427.5,2.83,82.0,100530.0
20060623:0700,29.99,50.3,403.4,404.11,131.2,424.6,2.48,82.0,100510.0
20060623:0800,29.86,50.3,265.2,354.74,85.65,415.7,2.0,82.0,100490.0
20060623:0900,29.61,50.2,81.65,140.3,39.45,419.95,1.31,95.0,100500.0
20060623:1000,29.02,51.8,3.0,10.49,2.25,423.25,1.03,97.0,100550.0
20060623:1100,28.11,61.0,0.0,-0.0,0.0,423.85,1.24,96.0,100620.0
20060623:1200,27.14,62.9,0.0,-0.0,0.0,412.4,1.45,108.0,100670.0
20060623:1300,26.24,67.15,0.0,-0.0,0.0,402.95,1.72,112.0,100760.0
20060623:1400,25.45,71.6,0.0,-0.0,0.0,398.1,1.72,123.0,100830.0
20060623:1500,24.95,73.95,0.0,-0.0,0.0,397.3,1.93,137.0,100850.0
20060623:1600,24.38,76.35,0.0,-0.0,0.0,390.95,1.93,149.0,100850.0
20060623:1700,23.98,78.9,0.0,-0.0,0.0,395.4,1.79,159.0,100830.0
20060623:1800,23.55,81.5,0.0,-0.0,0.0,392.1,1.72,170.0,100780.0
20060623:1900,22.95,84.25,0.0,-0.0,0.0,382.2,1.72,184.0,100700.0
20060623:2000,22.64,81.45,0.0,-0.0,0.0,382.4,1.86,189.0,100680.0
20060623:2100,22.33,84.15,0.0,-0.0,0.0,380.1,1.93,191.0,100690.0
20060623:2200,22.0,84.1,0.0,-0.0,0.0,379.5,1.86,190.0,100720.0
20060623:2300,21.71,84.1,121.4,1189.96,43.69,375.45,1.72,186.0,100780.0
20060624:0000,23.44,76.2,322.25,847.73,72.75,374.3,1.45,180.0,100830.0
20060624:0100,25.66,62.55,527.15,868.03,92.6,379.4,1.45,165.0,100910.0
20060624:0200,27.18,51.45,684.35,854.68,112.25,383.0,1.38,149.0,100900.0
20060624:0300,28.35,46.65,795.6,864.68,113.3,396.55,1.31,126.0,100870.0
20060624:0400,29.32,43.8,817.9,810.02,128.1,396.55,1.52,103.0,100790.0
20060624:0500,29.9,42.45,725.75,659.74,163.25,397.3,1.72,87.0,100700.0
20060624:0600,30.14,42.45,565.4,501.82,167.9,412.6,1.86,78.0,100650.0
20060624:0700,29.87,43.95,441.75,455.51,134.65,421.9,1.59,74.0,100650.0
20060624:0800,29.76,43.95,311.7,439.93,88.7,421.1,1.72,72.0,100580.0
20060624:0900,29.55,45.35,119.85,263.9,40.25,406.0,1.52,68.0,100600.0
20060624:1000,28.88,46.75,3.9,15.2,2.8,397.1,1.45,58.0,100640.0
20060624:1100,27.62,55.05,0.0,-0.0,0.0,391.5,1.45,70.0,100710.0
20060624:1200,26.43,62.8,0.0,-0.0,0.0,395.0,1.59,96.0,100770.0
20060624:1300,25.59,66.95,0.0,-0.0,0.0,390.75,1.93,120.0,100870.0
20060624:1400,25.33,66.95,0.0,-0.0,0.0,396.35,2.34,140.0,100930.0
20060624:1500,25.12,69.15,0.0,-0.0,0.0,398.3,2.48,149.0,100990.0
20060624:1600,24.66,69.15,0.0,-0.0,0.0,387.85,2.41,157.0,101010.0
20060624:1700,24.12,73.75,0.0,-0.0,0.0,383.4,2.28,165.0,101000.0
20060624:1800,23.53,76.2,0.0,-0.0,0.0,379.1,2.14,172.0,100950.0
20060624:1900,23.48,78.85,0.0,-0.0,0.0,380.65,2.21,175.0,100850.0
20060624:2000,23.24,76.2,0.0,-0.0,0.0,386.65,2.07,174.0,100810.0
20060624:2100,22.94,78.75,0.0,-0.0,0.0,379.9,2.21,176.0,100800.0
20060624:2200,22.77,78.75,0.0,-0.0,0.0,380.65,2.28,178.0,100820.0
20060624:2300,22.56,81.4,111.9,1069.4,42.9,373.5,2.34,180.0,100870.0
20060625:0000,23.82,73.75,310.8,760.77,87.4,372.75,2.07,174.0,100930.0
20060625:0100,25.69,62.65,477.3,685.47,134.5,376.7,2.28,157.0,101000.0
20060625:0200,26.98,58.8,642.35,724.1,157.9,381.05,1.93,143.0,101020.0
20060625:0300,28.17,53.35,753.5,744.54,166.1,386.45,1.66,127.0,101000.0
20060625:0400,29.14,48.4,766.6,690.29,178.7,392.3,1.72,124.0,100920.0
20060625:0500,29.88,43.95,732.8,664.49,166.05,394.2,1.66,128.0,100850.0
20060625:0600,30.41,42.6,610.8,572.6,156.95,396.35,1.52,123.0,100760.0
20060625:0700,30.44,44.05,482.5,551.15,110.55,404.45,1.1,76.0,100720.0
20060625:0800,30.44,42.6,287.95,392.85,88.5,409.5,1.45,58.0,100720.0
20060625:0900,29.99,43.95,107.8,196.2,48.45,411.05,1.86,46.0,100690.0
20060625:1000,29.13,50.05,4.05,14.33,3.0,401.75,1.86,31.0,100730.0
20060625:1100,28.05,59.0,0.0,-0.0,0.0,395.75,1.45,17.0,100780.0
20060625:1200,27.26,67.3,0.0,-0.0,0.0,389.55,0.83,1.0,100870.0
20060625:1300,27.71,61.0,0.0,-0.0,0.0,399.05,0.0,94.0,100950.0
20060625:1400,26.77,67.2,0.0,-0.0,0.0,400.8,0.76,177.0,101020.0
20060625:1500,25.45,76.5,0.0,-0.0,0.0,395.75,1.1,181.0,101060.0
20060625:1600,24.18,81.65,0.0,-0.0,0.0,389.55,1.38,186.0,101060.0
20060625:1700,23.42,84.25,0.0,-0.0,0.0,387.85,1.66,189.0,101040.0
20060625:1800,23.24,84.25,0.0,-0.0,0.0,390.55,1.86,191.0,100980.0
20060625:1900,23.06,87.1,0.0,-0.0,0.0,388.6,1.93,182.0,100950.0
20060625:2000,22.9,84.25,0.0,-0.0,0.0,389.0,1.93,182.0,100920.0
20060625:2100,22.73,84.25,0.0,-0.0,0.0,385.3,2.0,183.0,100910.0
20060625:2200,22.65,81.45,0.0,-0.0,0.0,388.8,2.0,185.0,100920.0
20060625:2300,22.3,84.15,100.95,685.33,57.25,378.75,1.86,186.0,100960.0
20060626:0000,23.74,78.9,303.95,707.96,96.5,379.7,1.17,176.0,101020.0
20060626:0100,26.09,67.05,489.7,714.84,132.55,380.0,0.97,152.0,101090.0
20060626:0200,27.61,58.9,654.7,745.87,155.9,387.45,1.03,142.0,101100.0
20060626:0300,28.89,51.8,714.4,708.16,155.75,393.45,1.17,135.0,101040.0
20060626:0400,29.93,47.0,697.8,566.91,214.9,399.05,1.52,133.0,100950.0
20060626:0500,30.66,44.05,755.2,732.88,129.85,402.75,1.79,122.0,100860.0
20060626:0600,31.22,44.05,640.4,647.34,126.95,402.35,2.0,107.0,100780.0
20060626:0700,31.23,44.2,470.8,558.7,93.35,411.25,2.0,103.0,100720.0
20060626:0800,31.08,44.05,301.1,424.75,85.1,407.4,2.07,90.0,100700.0
20060626:0900,30.66,44.05,120.15,257.42,42.05,413.95,2.21,79.0,100700.0
20060626:1000,29.66,50.2,4.1,14.83,3.0,403.7,2.21,75.0,100750.0
20060626:1100,28.51,57.15,0.0,-0.0,0.0,401.75,2.14,86.0,100800.0
20060626:1200,27.71,63.1,0.0,-0.0,0.0,402.75,2.21,102.0,100870.0
20060626:1300,27.1,67.2,0.0,-0.0,0.0,405.45,2.14,119.0,100920.0
20060626:1400,26.43,71.75,0.0,-0.0,0.0,398.45,2.0,132.0,100970.0
20060626:1500,25.87,74.1,0.0,-0.0,0.0,402.75,1.79,144.0,101010.0
20060626:1600,25.22,76.5,0.0,-0.0,0.0,399.65,1.72,156.0,101000.0
20060626:1700,24.65,81.65,0.0,-0.0,0.0,396.35,1.79,164.0,100970.0
20060626:1800,24.08,84.35,0.0,-0.0,0.0,390.55,1.79,170.0,100910.0
20060626:1900,23.72,84.35,0.0,-0.0,0.0,390.35,1.79,185.0,100890.0
20060626:2000,23.3,87.1,0.0,-0.0,0.0,390.15,1.66,189.0,100860.0
20060626:2100,22.87,87.1,0.0,-0.0,0.0,385.9,1.66,190.0,100850.0
20060626:2200,22.65,84.25,0.0,-0.0,0.0,387.25,1.72,188.0,100900.0
20060626:2300,22.46,87.05,117.65,1189.59,42.67,382.8,1.86,186.0,100940.0
20060627:0000,24.13,78.9,322.7,858.14,71.75,384.35,1.66,180.0,101000.0
20060627:0100,26.13,69.3,529.25,883.42,88.25,387.15,1.45,167.0,101050.0
20060627:0200,27.83,57.05,687.85,867.52,107.9,392.85,1.59,153.0,101050.0
20060627:0300,29.18,50.05,734.35,775.55,122.55,399.05,1.66,140.0,101010.0
20060627:0400,30.12,47.0,784.25,753.15,142.55,403.3,1.79,119.0,100940.0
20060627:0500,30.84,45.6,743.8,722.74,126.8,411.05,1.93,100.0,100840.0
20060627:0600,31.22,42.7,614.4,623.98,119.1,410.3,2.14,89.0,100750.0
20060627:0700,31.04,47.15,469.25,542.77,102.15,419.2,2.28,85.0,100700.0
20060627:0800,30.9,45.6,270.4,359.25,87.4,412.0,2.28,80.0,100700.0
20060627:0900,30.45,45.6,105.7,210.64,41.6,411.05,2.34,82.0,100720.0
20060627:1000,29.59,51.9,3.65,12.65,2.7,412.6,2.14,86.0,100770.0
20060627:1100,28.57,59.1,0.0,-0.0,0.0,409.3,2.0,93.0,100850.0
20060627:1200,27.81,63.1,0.0,-0.0,0.0,408.55,2.21,102.0,100910.0
20060627:1300,27.08,69.5,0.0,-0.0,0.0,398.85,2.28,110.0,101020.0
20060627:1400,26.56,71.75,0.0,-0.0,0.0,401.55,2.21,122.0,101080.0
20060627:1500,26.1,76.6,0.0,-0.0,0.0,403.7,2.07,137.0,101120.0
20060627:1600,25.53,79.1,0.0,-0.0,0.0,399.65,1.79,152.0,101100.0
20060627:1700,24.9,81.7,0.0,-0.0,0.0,396.75,1.66,169.0,101080.0
20060627:1800,24.4,81.65,0.0,-0.0,0.0,397.3,1.66,186.0,101020.0
20060627:1900,24.24,81.65,0.0,-0.0,0.0,399.45,1.79,187.0,100990.0
20060627:2000,23.93,84.35,0.0,-0.0,0.0,398.85,1.72,187.0,100980.0
20060627:2100,23.34,84.25,0.0,-0.0,0.0,387.65,1.66,183.0,100980.0
20060627:2200,22.84,87.1,0.0,-0.0,0.0,385.1,1.59,177.0,101010.0
20060627:2300,22.56,90.0,119.05,1189.5,44.91,383.75,1.66,176.0,101040.0
20060628:0000,24.51,78.95,323.95,858.04,73.5,384.75,1.45,172.0,101090.0
20060628:0100,26.45,64.95,518.5,852.22,93.4,389.5,1.45,159.0,101110.0
20060628:0200,27.89,55.15,657.85,818.22,111.0,395.55,1.31,159.0,101110.0
20060628:0300,29.1,48.4,772.1,831.92,115.8,399.05,1.31,153.0,101050.0
20060628:0400,30.18,43.95,773.2,729.39,151.55,403.7,1.38,130.0,100990.0
20060628:0500,30.9,42.6,698.55,640.15,151.75,412.6,1.72,108.0,100920.0
20060628:0600,31.13,42.6,583.55,557.82,140.4,416.45,1.93,96.0,100840.0
20060628:0700,30.83,45.6,449.3,473.6,128.6,427.9,1.45,78.0,100840.0
20060628:0800,30.72,44.05,265.4,373.02,75.05,421.5,1.03,59.0,100810.0
20060628:0900,30.26,44.05,107.1,219.81,40.0,420.9,0.62,68.0,100810.0
20060628:1000,29.63,46.9,3.65,11.84,2.75,409.9,0.34,184.0,100850.0
20060628:1100,28.5,61.1,0.0,-0.0,0.0,415.1,0.9,172.0,100900.0
20060628:1200,27.61,58.9,0.0,-0.0,0.0,411.45,1.52,151.0,100960.0
20060628:1300,27.0,60.8,0.0,-0.0,0.0,407.55,2.34,148.0,101040.0
20060628:1400,26.34,62.8,0.0,-0.0,0.0,400.8,2.48,154.0,101070.0
20060628:1500,25.79,64.8,0.0,-0.0,0.0,398.3,2.62,159.0,101100.0
20060628:1600,25.22,66.95,0.0,-0.0,0.0,394.2,2.34,164.0,101090.0
20060628:1700,24.68,69.15,0.0,-0.0,0.0,392.45,2.21,170.0,101070.0
20060628:1800,24.11,73.75,0.0,-0.0,0.0,386.3,2.07,176.0,101050.0
20060628:1900,23.69,73.75,0.0,-0.0,0.0,382.6,2.14,172.0,100970.0
20060628:2000,23.21,76.2,0.0,-0.0,0.0,378.55,2.14,174.0,100940.0
20060628:2100,22.74,78.75,0.0,-0.0,0.0,374.85,2.0,182.0,100930.0
20060628:2200,22.3,81.4,0.0,-0.0,0.0,371.55,1.93,192.0,100980.0
20060628:2300,21.94,84.1,112.45,1132.15,42.65,369.65,1.86,199.0,101020.0
20060629:0000,23.47,78.85,291.0,726.72,79.25,369.85,1.45,198.0,101090.0
20060629:0100,25.58,66.95,503.8,807.54,101.25,375.95,1.17,184.0,101150.0
20060629:0200,27.19,56.95,678.45,844.94,113.85,380.65,1.38,166.0,101140.0
20060629:0300,28.56,51.65,754.75,784.22,136.0,388.2,1.38,150.0,101070.0
20060629:0400,29.71,45.45,796.1,773.62,136.5,393.65,1.52,130.0,101000.0
20060629:0500,30.55,42.6,755.8,725.69,135.55,396.9,1.79,112.0,100920.0
20060629:0600,30.98,42.6,646.75,654.59,126.25,399.45,1.93,99.0,100830.0
20060629:0700,31.16,42.6,472.8,525.0,116.85,400.6,1.66,84.0,100820.0
20060629:0800,30.99,42.6,289.25,406.47,81.45,403.9,2.14,77.0,100780.0
20060629:0900,30.47,42.6,106.65,204.26,44.1,403.5,2.55,79.0,100830.0
20060629:1000,29.3,50.2,3.6,10.4,2.8,399.05,2.41,84.0,100860.0
20060629:1100,28.27,57.15,0.0,-0.0,0.0,399.05,2.41,98.0,100940.0
20060629:1200,27.55,63.0,0.0,-0.0,0.0,401.4,2.62,114.0,100980.0
20060629:1300,27.0,67.2,0.0,-0.0,0.0,405.85,2.76,126.0,101040.0
20060629:1400,26.46,69.4,0.0,-0.0,0.0,401.0,2.83,135.0,101070.0
20060629:1500,25.99,74.1,0.0,-0.0,0.0,398.45,2.69,144.0,101110.0
20060629:1600,25.44,76.5,0.0,-0.0,0.0,392.1,2.34,152.0,101110.0
20060629:1700,24.95,79.05,0.0,-0.0,0.0,393.45,2.0,160.0,101100.0
20060629:1800,24.4,78.95,0.0,-0.0,0.0,388.8,1.86,168.0,101080.0
20060629:1900,23.8,81.55,0.0,-0.0,0.0,386.3,1.86,184.0,101050.0
20060629:2000,23.49,81.5,0.0,-0.0,0.0,389.0,1.79,185.0,101050.0
20060629:2100,23.17,81.5,0.0,-0.0,0.0,390.55,1.66,188.0,101050.0
20060629:2200,22.82,84.25,0.0,-0.0,0.0,384.35,1.72,189.0,101090.0
20060629:2300,22.6,87.05,107.5,1058.09,42.95,382.6,1.86,187.0,101130.0
20060630:0000,24.2,76.35,310.2,789.93,80.4,384.55,1.52,178.0,101150.0
20060630:0100,26.43,67.15,509.6,813.52,104.3,387.75,1.66,156.0,101210.0
20060630:0200,28.01,59.0,658.0,822.42,108.5,395.2,2.41,129.0,101190.0
20060630:0300,29.13,55.4,735.85,770.63,127.7,399.65,3.17,113.0,101140.0
20060630:0400,29.96,52.05,750.95,713.84,142.05,404.45,3.52,106.0,101060.0
20060630:0500,30.53,48.75,736.3,711.51,127.75,409.3,3.79,97.0,101000.0
20060630:0600,30.82,48.75,625.7,619.73,132.45,410.1,3.93,91.0,100930.0
20060630:0700,30.56,50.45,413.8,455.38,104.65,414.15,3.38,91.0,100910.0
20060630:0800,30.16,52.05,288.95,397.7,85.25,417.65,3.45,98.0,100890.0
20060630:0900,29.66,53.7,94.1,176.43,39.9,421.1,3.66,106.0,100910.0
20060630:1000,28.64,59.1,4.1,10.91,3.25,411.85,3.38,114.0,100920.0
20060630:1100,27.72,63.1,0.0,-0.0,0.0,406.6,3.24,119.0,100960.0
20060630:1200,27.13,69.5,0.0,-0.0,0.0,406.8,3.1,118.0,101010.0
20060630:1300,26.73,71.85,0.0,-0.0,0.0,407.95,2.9,117.0,101080.0
20060630:1400,26.35,74.15,0.0,-0.0,0.0,403.7,2.62,120.0,101140.0
20060630:1500,25.99,79.15,0.0,-0.0,0.0,400.0,2.34,130.0,101200.0
20060630:1600,23.13,89.1,0.0,-0.0,0.0,389.91,1.97,145.0,101180.0
20060630:1700,23.64,87.16,0.0,-0.0,0.0,392.37,2.0,157.0,101150.0
20060630:1800,24.16,85.22,0.0,-0.0,0.0,394.83,2.04,163.0,101100.0
20060630:1900,24.67,83.28,0.0,-0.0,0.0,397.29,2.08,169.0,101090.0
20060630:2000,25.19,81.34,0.0,-0.0,0.0,399.75,2.11,173.0,101070.0
20060630:2100,25.7,79.4,0.0,-0.0,0.0,402.21,2.15,175.0,101090.0
20060630:2200,26.21,77.45,0.0,-0.0,0.0,404.67,2.18,177.0,101110.0
20060630:2300,26.73,75.51,100.8,881.75,47.55,407.13,2.22,182.0,101130.0
20100701:0000,27.24,73.57,271.3,630.84,88.05,409.59,2.25,137.0,100820.0
20100701:0100,27.75,71.63,451.1,607.46,148.6,412.05,2.29,133.0,100840.0
20100701:0200,28.27,69.69,639.65,752.53,136.85,414.51,2.33,128.0,100800.0
20100701:0300,28.78,67.75,722.4,727.72,147.95,416.97,2.36,114.0,100750.0
20100701:0400,29.29,65.81,785.55,778.44,121.2,419.43,2.4,102.0,100690.0
20100701:0500,29.81,63.87,733.3,714.07,122.1,421.89,2.43,96.0,100630.0
20100701:0600,30.32,61.93,622.2,616.27,131.2,424.35,2.47,90.0,100550.0
20100701:0700,30.83,59.99,462.55,544.48,92.4,426.81,2.51,99.0,100550.0
20100701:0800,30.86,55.75,290.5,399.75,85.35,427.7,2.34,96.0,100510.0
20100701:0900,30.44,57.5,109.3,195.0,49.2,418.4,2.14,102.0,100500.0
20100701:1000,29.64,61.35,4.55,19.03,3.05,420.35,1.86,102.0,100540.0
20100701:1100,28.55,69.65,0.0,-0.0,0.0,412.8,2.07,98.0,100560.0
20100701:1200,27.79,69.65,0.0,-0.0,0.0,410.3,2.28,99.0,100640.0
20100701:1300,27.25,74.3,0.0,-0.0,0.0,409.7,2.21,99.0,100700.0
20100701:1400,26.86,79.3,0.0,-0.0,0.0,413.0,1.93,102.0,100770.0
20100701:1500,26.4,81.85,0.0,-0.0,0.0,413.2,1.86,122.0,100790.0
20100701:1600,25.95,84.5,0.0,-0.0,0.0,410.1,1.86,144.0,100790.0
20100701:1700,25.67,84.5,0.0,-0.0,0.0,414.9,1.79,169.0,100760.0
20100701:1800,25.37,87.3,0.0,-0.0,0.0,412.8,1.72,187.0,100700.0
20100701:1900,25.09,87.3,0.0,-0.0,0.0,404.45,1.38,181.0,100670.0
20100701:2000,24.7,90.15,0.0,-0.0,0.0,406.8,1.31,181.0,100630.0
20100701:2100,24.35,90.1,0.0,-0.0,0.0,404.1,1.31,188.0,100650.0
20100701:2200,23.98,93.1,0.0,-0.0,0.0,401.75,1.31,188.0,100660.0
20100701:2300,23.76,93.1,113.7,1189.23,42.57,398.65,1.38,186.0,100710.0
20100702:0000,26.11,81.85,313.25,808.5,78.7,401.2,1.17,160.0,100740.0
20100702:0100,27.9,72.0,490.95,798.11,93.65,404.95,1.79,126.0,100790.0
20100702:0200,28.96,67.5,634.6,776.65,115.65,411.05,2.28,115.0,100790.0
20100702:0300,29.84,63.4,748.55,801.03,116.0,413.95,2.62,103.0,100760.0
20100702:0400,30.52,61.45,708.55,660.76,144.3,421.3,2.76,92.0,100730.0
20100702:0500,30.78,59.55,737.4,728.42,113.4,425.0,2.83,83.0,100650.0
20100702:0600,31.05,59.55,537.5,524.96,118.8,425.4,3.45,78.0,100580.0
20100702:0700,30.71,59.55,502.35,600.55,93.5,427.9,2.9,96.0,100520.0
20100702:0800,30.53,61.45,297.55,431.33,75.75,422.85,3.24,98.0,100460.0
20100702:0900,30.07,63.4,108.65,225.4,38.95,418.6,3.1,98.0,100510.0
20100702:1000,29.21,67.6,4.55,15.67,3.3,423.05,2.76,96.0,100540.0
20100702:1100,28.41,74.4,0.0,-0.0,0.0,419.4,2.48,102.0,100640.0
20100702:1200,27.85,74.4,0.0,-0.0,0.0,416.1,2.34,109.0,100730.0
20100702:1300,27.44,79.35,0.0,-0.0,0.0,420.15,2.21,122.0,100780.0
20100702:1400,26.9,81.9,0.0,-0.0,0.0,414.75,2.14,127.0,100840.0
20100702:1500,26.45,84.55,0.0,-0.0,0.0,413.55,1.86,132.0,100850.0
20100702:1600,25.92,87.3,0.0,-0.0,0.0,412.0,1.45,118.0,100890.0
20100702:1700,25.74,87.3,0.0,-0.0,0.0,417.25,1.72,114.0,100880.0
20100702:1800,25.47,90.2,0.0,-0.0,0.0,411.25,1.79,127.0,100850.0
20100702:1900,25.53,87.3,0.0,-0.0,0.0,417.05,1.1,121.0,100800.0
20100702:2000,25.26,87.3,0.0,-0.0,0.0,413.0,1.66,114.0,100780.0
20100702:2100,25.13,87.3,0.0,-0.0,0.0,410.1,1.72,121.0,100760.0
20100702:2200,25.12,87.3,0.0,-0.0,0.0,411.05,1.86,137.0,100780.0
20100702:2300,25.05,87.3,99.25,948.38,43.05,411.45,1.72,152.0,100830.0
20100703:0000,26.41,81.85,285.95,666.05,92.95,409.5,1.66,153.0,100850.0
20100703:0100,27.85,74.4,461.05,714.32,105.55,418.3,2.07,143.0,100930.0
20100703:0200,28.75,72.1,570.45,674.17,119.9,418.4,2.21,129.0,100980.0
20100703:0300,29.75,67.7,652.9,601.39,177.8,429.45,2.34,119.0,100960.0
20100703:0400,29.14,67.6,645.0,603.62,129.2,430.8,3.52,90.0,100900.0
20100703:0500,29.05,72.1,594.4,449.73,208.8,434.3,2.76,79.0,100820.0
20100703:0600,29.55,69.85,574.1,550.1,134.85,438.35,3.31,88.0,100720.0
20100703:0700,30.21,65.6,397.25,433.77,101.5,433.9,3.72,93.0,100720.0
20100703:0800,29.4,69.85,252.3,313.32,90.85,436.2,3.45,88.0,100690.0
20100703:0900,29.25,72.15,91.0,151.97,43.85,428.1,3.38,97.0,100750.0
20100703:1000,28.26,74.4,4.15,13.62,3.05,423.45,2.69,106.0,100770.0
20100703:1100,27.86,74.4,0.0,-0.0,0.0,421.9,1.93,119.0,100860.0
20100703:1200,27.43,79.35,0.0,-0.0,0.0,418.6,1.66,124.0,100900.0
20100703:1300,26.8,84.6,0.0,-0.0,0.0,419.4,1.31,125.0,100940.0
20100703:1400,27.03,81.9,0.0,-0.0,0.0,414.75,0.76,128.0,100980.0
20100703:1500,27.3,79.35,0.0,-0.0,0.0,418.4,0.41,176.0,101020.0
20100703:1600,26.59,81.9,0.0,-0.0,0.0,410.3,0.76,214.0,101000.0
20100703:1700,24.91,93.15,0.0,-0.0,0.0,406.8,1.24,236.0,100990.0
20100703:1800,24.79,90.15,0.0,-0.0,0.0,406.0,1.66,243.0,100970.0
20100703:1900,24.52,90.15,0.0,-0.0,0.0,407.0,1.45,231.0,100960.0
20100703:2000,24.45,90.1,0.0,-0.0,0.0,411.25,1.24,226.0,100930.0
20100703:2100,24.22,90.1,0.0,-0.0,0.0,405.45,1.24,214.0,100920.0
20100703:2200,24.07,90.1,0.0,-0.0,0.0,405.85,1.38,213.0,100920.0
20100703:2300,23.86,90.1,103.45,1044.36,42.1,401.95,1.38,226.0,100930.0
20100704:0000,25.91,81.8,308.2,782.61,81.65,403.7,0.97,230.0,100980.0
20100704:0100,27.42,74.3,498.85,798.12,101.7,405.15,0.83,245.0,101070.0
20100704:0200,28.54,72.0,645.7,781.72,123.15,411.25,0.76,263.0,101080.0
20100704:0300,29.53,67.6,699.85,729.5,123.25,421.3,0.55,306.0,101030.0
20100704:0400,30.21,61.45,730.5,711.01,122.5,428.1,0.76,358.0,100950.0
20100704:0500,30.65,59.55,743.05,703.73,139.1,429.45,1.1,12.0,100840.0
20100704:0600,31.08,57.75,576.65,536.99,147.35,428.45,0.76,352.0,100750.0
20100704:0700,30.64,61.55,384.9,404.41,108.75,437.2,0.41,347.0,100720.0
20100704:0800,30.01,65.5,220.95,268.51,82.3,432.75,1.52,295.0,100670.0
20100704:0900,29.08,67.6,82.35,86.57,55.4,433.5,1.24,330.0,100730.0
20100704:1000,28.67,69.75,3.75,3.06,3.5,431.4,1.03,332.0,100770.0
20100704:1100,28.05,72.0,0.0,-0.0,0.0,426.9,1.45,334.0,100810.0
20100704:1200,27.48,76.8,0.0,-0.0,0.0,427.9,1.66,317.0,100850.0
20100704:1300,26.88,81.9,0.0,-0.0,0.0,423.85,1.38,286.0,100930.0
20100704:1400,26.43,84.55,0.0,-0.0,0.0,426.75,1.03,264.0,100990.0
20100704:1500,25.8,87.3,0.0,-0.0,0.0,424.2,1.03,270.0,101030.0
20100704:1600,25.58,87.3,0.0,-0.0,0.0,419.0,1.59,287.0,101000.0
20100704:1700,25.58,84.5,0.0,-0.0,0.0,422.85,1.52,283.0,100990.0
20100704:1800,25.42,90.2,0.0,-0.0,0.0,421.1,1.59,283.0,100950.0
20100704:1900,24.98,90.15,0.0,-0.0,0.0,410.45,2.34,278.0,100880.0
20100704:2000,25.03,87.3,0.0,-0.0,0.0,411.45,2.21,281.0,100850.0
20100704:2100,24.78,90.15,0.0,-0.0,0.0,408.75,2.0,274.0,100850.0
20100704:2200,24.55,90.15,0.0,-0.0,0.0,411.05,1.79,259.0,100880.0
20100704:2300,24.34,90.1,98.75,955.97,43.05,407.4,1.72,248.0,100920.0
20100705:0000,25.28,87.3,243.4,517.92,93.6,405.85,1.03,252.0,100990.0
20100705:0100,26.54,79.3,457.2,672.34,122.65,409.25,0.41,247.0,101040.0
20100705:0200,27.96,74.4,567.65,621.37,152.15,416.85,0.14,127.0,101020.0
20100705:0300,29.01,69.75,603.65,533.65,181.6,422.1,0.9,64.0,100970.0
20100705:0400,29.58,67.7,588.65,455.24,199.05,432.55,1.24,45.0,100890.0
20100705:0500,29.76,65.5,573.0,452.58,184.2,436.4,0.69,38.0,100790.0
20100705:0600,30.1,63.5,432.9,245.05,236.75,438.9,0.28,49.0,100670.0
20100705:0700,29.0,72.1,290.4,165.22,177.4,436.0,1.31,70.0,100680.0
20100705:0800,28.73,72.1,219.35,202.81,114.4,439.9,1.52,65.0,100650.0
20100705:0900,28.48,74.4,84.75,88.99,56.95,432.75,1.66,84.0,100680.0
20100705:1000,27.72,76.85,3.4,5.44,2.95,428.3,1.45,62.0,100760.0
20100705:1100,27.19,76.8,0.0,-0.0,0.0,433.1,1.38,34.0,100830.0
20100705:1200,26.46,87.35,0.0,-0.0,0.0,429.45,0.97,30.0,100880.0
20100705:1300,26.25,87.35,0.0,-0.0,0.0,431.95,1.03,42.0,100940.0
20100705:1400,26.35,81.85,0.0,-0.0,0.0,428.85,1.17,39.0,101000.0
20100705:1500,25.61,87.3,0.0,-0.0,0.0,431.2,1.1,20.0,101000.0
20100705:1600,25.65,87.3,0.0,-0.0,0.0,436.4,0.55,325.0,100960.0
20100705:1700,26.03,84.5,0.0,-0.0,0.0,429.45,0.9,305.0,100910.0
20100705:1800,25.51,90.2,0.0,-0.0,0.0,429.85,0.9,320.0,100850.0
20100705:1900,25.38,90.2,0.0,-0.0,0.0,424.8,0.62,235.0,100880.0
20100705:2000,25.27,87.3,0.0,-0.0,0.0,419.2,0.69,208.0,100850.0
20100705:2100,24.81,90.15,0.0,-0.0,0.0,416.3,0.83,186.0,100840.0
20100705:2200,24.68,90.15,0.0,-0.0,0.0,418.2,1.17,153.0,100880.0
20100705:2300,25.28,87.3,77.15,384.8,54.9,420.9,1.45,158.0,100910.0
20100706:0000,25.69,84.5,230.95,394.41,116.95,416.3,1.38,154.0,100920.0
20100706:0100,26.67,79.3,380.65,382.72,190.2,417.75,1.45,143.0,100960.0
20100706:0200,27.8,74.4,481.65,377.97,228.8,423.05,1.24,136.0,100970.0
20100706:0300,28.92,72.1,643.95,612.79,159.0,433.7,0.83,99.0,100920.0
20100706:0400,29.74,67.7,595.75,474.64,189.2,439.1,1.31,51.0,100860.0
20100706:0500,29.96,69.95,593.5,433.61,220.6,440.1,1.86,35.0,100800.0
20100706:0600,29.67,69.95,511.15,411.29,181.5,442.8,2.48,30.0,100670.0
20100706:0700,29.68,69.95,418.2,398.58,145.15,435.85,1.24,24.0,100640.0
20100706:0800,29.59,69.95,266.25,294.55,113.5,434.65,0.9,39.0,100600.0
20100706:0900,29.22,69.85,108.3,167.49,55.8,430.0,1.03,2.0,100610.0
20100706:1000,27.98,74.4,3.8,4.78,3.4,426.15,1.31,305.0,100690.0
20100706:1100,26.78,76.7,0.0,-0.0,0.0,426.9,1.31,321.0,100800.0
20100706:1200,26.29,79.2,0.0,-0.0,0.0,423.65,0.55,333.0,100830.0
20100706:1300,26.29,81.85,0.0,-0.0,0.0,425.0,0.28,94.0,100870.0
20100706:1400,26.37,79.2,0.0,-0.0,0.0,411.45,0.34,172.0,100930.0
20100706:1500,25.8,84.5,0.0,-0.0,0.0,413.55,0.69,180.0,100960.0
20100706:1600,25.3,87.3,0.0,-0.0,0.0,409.5,0.83,184.0,100950.0
20100706:1700,25.04,87.3,0.0,-0.0,0.0,410.3,0.9,189.0,100920.0
20100706:1800,24.64,90.15,0.0,-0.0,0.0,409.3,0.97,197.0,100870.0
20100706:1900,24.91,87.25,0.0,-0.0,0.0,415.5,1.52,98.0,100830.0
20100706:2000,24.91,90.15,0.0,-0.0,0.0,412.6,1.86,88.0,100830.0
20100706:2100,24.74,87.25,0.0,-0.0,0.0,419.2,1.79,89.0,100860.0
20100706:2200,24.6,87.25,0.0,-0.0,0.0,415.9,1.72,94.0,100920.0
20100706:2300,24.45,93.1,68.15,469.36,41.2,423.25,1.31,108.0,100980.0
20100707:0000,25.51,87.3,260.4,610.62,84.0,416.45,0.83,140.0,101000.0
20100707:0100,26.61,79.3,423.75,567.19,141.45,425.3,1.52,133.0,101030.0
20100707:0200,27.64,74.4,548.7,577.09,162.45,422.65,1.93,124.0,101000.0
20100707:0300,28.49,74.4,680.0,656.85,159.8,426.9,1.52,111.0,100980.0
20100707:0400,29.16,72.15,714.75,632.83,172.2,427.1,1.31,93.0,100890.0
20100707:0500,29.76,69.95,675.5,561.35,192.2,431.95,1.38,77.0,100790.0
20100707:0600,30.09,70.0,596.15,531.72,169.4,432.35,1.79,66.0,100680.0
20100707:0700,30.08,70.0,382.45,351.28,141.4,436.8,2.07,69.0,100640.0
20100707:0800,29.62,69.95,274.15,350.94,91.75,426.9,1.52,80.0,100630.0
20100707:0900,29.26,72.15,110.95,207.76,45.6,427.9,1.52,88.0,100620.0
20100707:1000,28.09,72.0,4.9,15.96,3.55,422.1,1.24,96.0,100670.0
20100707:1100,27.54,76.8,0.0,-0.0,0.0,423.45,0.9,98.0,100690.0
20100707:1200,26.76,84.6,0.0,-0.0,0.0,416.45,1.1,115.0,100740.0
20100707:1300,26.28,84.55,0.0,-0.0,0.0,414.9,1.38,130.0,100830.0
20100707:1400,25.94,87.3,0.0,-0.0,0.0,419.4,1.38,136.0,100920.0
20100707:1500,25.62,87.3,0.0,-0.0,0.0,414.9,1.52,139.0,100960.0
20100707:1600,25.88,84.5,0.0,-0.0,0.0,421.1,1.72,143.0,100950.0
20100707:1700,25.7,84.5,0.0,-0.0,0.0,419.55,1.86,147.0,100910.0
20100707:1800,25.43,87.3,0.0,-0.0,0.0,412.4,1.93,153.0,100840.0
20100707:1900,25.69,84.5,0.0,-0.0,0.0,419.55,1.86,151.0,100760.0
20100707:2000,25.3,87.3,0.0,-0.0,0.0,408.95,1.59,155.0,100730.0
20100707:2100,25.03,87.3,0.0,-0.0,0.0,409.5,1.59,158.0,100760.0
20100707:2200,24.99,90.15,0.0,-0.0,0.0,416.65,1.59,172.0,100800.0
20100707:2300,24.96,90.15,75.25,473.24,48.25,417.25,1.72,176.0,100850.0
20100708:0000,25.96,84.5,223.05,377.44,114.05,413.95,1.72,161.0,100890.0
20100708:0100,26.96,79.3,412.4,532.28,147.4,422.4,2.07,150.0,100950.0
20100708:0200,27.93,74.4,550.75,608.48,143.25,420.75,2.07,132.0,100930.0
20100708:0300,28.78,72.1,604.05,575.13,148.2,426.75,2.0,108.0,100900.0
20100708:0400,29.25,69.85,668.65,526.87,216.5,423.05,1.93,89.0,100830.0
20100708:0500,29.71,69.95,638.9,525.42,186.0,433.5,1.93,74.0,100770.0
20100708:0600,29.93,69.95,544.9,463.47,172.4,436.0,1.93,65.0,100710.0
20100708:0700,29.68,67.7,367.25,337.36,135.35,437.95,2.28,64.0,100670.0
20100708:0800,29.36,69.85,230.7,277.68,86.05,439.1,1.24,91.0,100640.0
20100708:0900,29.21,69.85,79.4,132.59,37.55,424.0,0.9,130.0,100640.0
20100708:1000,27.99,72.0,3.9,11.1,2.95,424.0,1.31,137.0,100690.0
20100708:1100,26.96,76.7,0.0,-0.0,0.0,420.15,1.1,116.0,100810.0
20100708:1200,26.22,84.55,0.0,-0.0,0.0,417.45,0.76,88.0,100890.0
20100708:1300,26.35,81.85,0.0,-0.0,0.0,410.45,0.34,105.0,100970.0
20100708:1400,25.98,84.5,0.0,-0.0,0.0,413.95,0.76,221.0,101040.0
20100708:1500,25.25,87.3,0.0,-0.0,0.0,414.15,1.45,228.0,101030.0
20100708:1600,25.04,87.3,0.0,-0.0,0.0,413.4,1.59,212.0,101020.0
20100708:1700,25.36,87.3,0.0,-0.0,0.0,409.9,1.79,211.0,101000.0
20100708:1800,24.64,87.25,0.0,-0.0,0.0,412.0,1.66,210.0,100960.0
20100708:1900,25.4,87.3,0.0,-0.0,0.0,416.45,1.1,210.0,100900.0
20100708:2000,25.24,87.3,0.0,-0.0,0.0,408.55,0.83,219.0,100870.0
20100708:2100,24.45,90.1,0.0,-0.0,0.0,406.4,1.03,264.0,100900.0
20100708:2200,24.17,90.1,0.0,-0.0,0.0,407.95,1.38,278.0,100960.0
20100708:2300,24.11,90.1,84.5,883.17,34.4,408.35,1.38,265.0,100990.0
20100709:0000,25.7,84.5,223.4,484.36,83.55,407.75,0.69,244.0,101040.0
20100709:0100,26.83,79.3,398.95,638.78,80.8,412.3,0.48,116.0,101080.0
20100709:0200,27.92,72.0,577.25,698.05,109.45,416.45,1.1,98.0,101060.0
20100709:0300,28.96,69.75,646.85,640.87,138.45,417.85,1.45,108.0,101000.0
20100709:0400,29.53,67.6,724.7,687.54,134.05,425.95,1.59,104.0,100930.0
20100709:0500,29.87,63.4,645.3,614.4,115.05,423.65,1.24,84.0,100850.0
20100709:0600,29.73,63.4,577.05,556.47,129.15,434.3,0.83,56.0,100760.0
20100709:0700,30.0,63.4,449.9,513.28,96.45,429.45,0.34,14.0,100740.0
20100709:0800,28.95,67.5,278.05,396.08,71.25,428.1,0.28,252.0,100660.0
20100709:0900,28.43,69.65,107.7,208.69,41.6,427.3,0.97,216.0,100700.0
20100709:1000,28.07,69.65,4.6,17.34,3.1,424.4,0.97,193.0,100690.0
20100709:1100,27.53,71.9,0.0,-0.0,0.0,416.85,1.52,122.0,100760.0
20100709:1200,27.02,74.25,0.0,-0.0,0.0,410.3,2.0,111.0,100850.0
20100709:1300,26.61,74.25,0.0,-0.0,0.0,408.55,2.0,112.0,100950.0
20100709:1400,26.26,79.2,0.0,-0.0,0.0,411.05,1.93,125.0,101000.0
20100709:1500,25.83,81.8,0.0,-0.0,0.0,407.75,1.86,132.0,101020.0
20100709:1600,25.64,81.8,0.0,-0.0,0.0,412.8,1.79,124.0,101020.0
20100709:1700,25.16,84.45,0.0,-0.0,0.0,403.3,1.59,128.0,101000.0
20100709:1800,24.71,87.25,0.0,-0.0,0.0,404.1,1.24,148.0,100920.0
20100709:1900,24.92,87.25,0.0,-0.0,0.0,410.3,1.1,137.0,100840.0
20100709:2000,24.73,87.25,0.0,-0.0,0.0,415.7,1.17,132.0,100840.0
20100709:2100,24.49,90.1,0.0,-0.0,0.0,411.25,1.38,145.0,100870.0
20100709:2200,24.38,90.1,0.0,-0.0,0.0,406.8,1.66,164.0,100890.0
20100709:2300,24.49,90.1,74.6,464.18,48.4,410.3,1.72,164.0,100970.0
20100710:0000,25.6,81.8,233.75,382.02,123.45,408.35,1.59,145.0,101050.0
20100710:0100,26.91,76.7,424.05,495.67,177.05,413.7,2.07,124.0,101100.0
20100710:0200,27.84,74.4,503.05,447.91,202.65,421.7,2.48,122.0,101100.0
20100710:0300,28.49,74.4,645.9,563.07,198.8,430.4,2.41,121.0,101030.0
20100710:0400,29.34,69.85,701.35,536.95,239.55,428.85,2.41,114.0,100950.0
20100710:0500,30.03,65.5,638.4,445.87,253.1,431.4,2.48,101.0,100850.0
20100710:0600,30.31,63.5,528.7,405.47,201.85,436.4,2.62,89.0,100760.0
20100710:0700,29.86,67.7,395.5,286.29,198.0,430.8,2.9,73.0,100750.0
20100710:0800,29.57,67.7,216.05,174.75,124.6,431.55,2.34,62.0,100730.0
20100710:0900,29.18,69.85,61.65,47.98,46.4,430.2,1.79,69.0,100720.0
20100710:1000,28.65,72.1,2.2,0.0,2.2,429.65,2.0,77.0,100760.0
20100710:1100,28.0,74.4,0.0,-0.0,0.0,426.55,1.86,89.0,100790.0
20100710:1200,27.63,74.4,0.0,-0.0,0.0,423.45,2.34,94.0,100900.0
20100710:1300,27.16,76.8,0.0,-0.0,0.0,426.75,2.41,107.0,100930.0
20100710:1400,26.95,79.3,0.0,-0.0,0.0,422.45,2.48,117.0,100990.0
20100710:1500,26.6,79.3,0.0,-0.0,0.0,420.15,1.93,130.0,100990.0
20100710:1600,26.21,84.55,0.0,-0.0,0.0,419.75,1.52,157.0,100990.0
20100710:1700,25.6,87.3,0.0,-0.0,0.0,413.4,1.38,178.0,100960.0
20100710:1800,25.05,87.3,0.0,-0.0,0.0,407.95,1.38,190.0,100920.0
20100710:1900,25.5,87.3,0.0,-0.0,0.0,412.2,1.03,198.0,100880.0
20100710:2000,24.78,90.15,0.0,-0.0,0.0,408.75,1.38,212.0,100860.0
20100710:2100,24.68,90.15,0.0,-0.0,0.0,406.6,1.72,213.0,100850.0
20100710:2200,24.56,87.25,0.0,-0.0,0.0,407.55,1.72,219.0,100850.0
20100710:2300,24.27,90.1,99.25,1006.2,42.7,405.25,1.45,223.0,100920.0
20100711:0000,26.18,81.85,292.85,700.71,90.5,411.45,0.9,216.0,101000.0
20100711:0100,27.45,76.8,474.55,649.08,150.9,410.6,0.9,179.0,101060.0
20100711:0200,28.58,72.1,605.75,661.76,161.55,416.3,1.45,157.0,101080.0
20100711:0300,29.52,67.6,706.2,622.76,211.2,424.4,0.83,136.0,100990.0
20100711:0400,30.37,61.45,662.95,453.75,272.25,425.55,1.79,56.0,100960.0
20100711:0500,30.4,61.45,653.75,487.51,231.9,437.2,2.28,52.0,100880.0
20100711:0600,30.27,61.45,541.65,397.97,220.35,431.2,1.72,85.0,100800.0
20100711:0700,29.41,65.4,360.0,228.9,201.8,439.1,2.41,41.0,100770.0
20100711:0800,29.14,65.4,235.95,184.16,139.35,439.9,1.03,71.0,100760.0
20100711:0900,29.04,67.5,107.7,135.13,64.6,424.0,1.59,95.0,100750.0
20100711:1000,28.64,67.5,4.65,2.26,4.45,420.35,1.38,98.0,100830.0
20100711:1100,27.27,74.3,0.0,-0.0,0.0,419.4,1.59,80.0,100880.0
20100711:1200,26.12,81.85,0.0,-0.0,0.0,419.95,1.38,68.0,100920.0
20100711:1300,26.3,79.2,0.0,-0.0,0.0,418.0,2.07,98.0,100990.0
20100711:1400,26.5,76.65,0.0,-0.0,0.0,419.4,2.14,107.0,101060.0
20100711:1500,26.19,76.65,0.0,-0.0,0.0,418.2,1.93,117.0,101040.0
20100711:1600,25.97,81.8,0.0,-0.0,0.0,420.15,1.93,130.0,101000.0
20100711:1700,25.66,81.8,0.0,-0.0,0.0,415.5,1.79,141.0,100960.0
20100711:1800,25.23,84.45,0.0,-0.0,0.0,413.95,1.45,160.0,100890.0
20100711:1900,24.96,87.25,0.0,-0.0,0.0,415.3,1.17,173.0,100850.0
20100711:2000,24.89,87.25,0.0,-0.0,0.0,419.2,1.31,202.0,100830.0
20100711:2100,24.75,87.25,0.0,-0.0,0.0,417.65,1.31,202.0,100790.0
20100711:2200,25.21,81.75,0.0,-0.0,0.0,416.65,0.83,202.0,100800.0
20100711:2300,24.83,87.25,71.3,455.34,45.8,409.9,0.83,158.0,100870.0
20100712:0000,26.03,79.2,235.0,418.17,114.2,413.75,0.97,146.0,100900.0
20100712:0100,27.29,76.8,425.7,536.48,158.0,416.2,1.31,105.0,100960.0
20100712:0200,28.21,74.4,595.7,608.08,187.15,422.85,1.79,86.0,100970.0
20100712:0300,29.22,69.85,630.7,578.53,170.35,425.4,2.48,84.0,100930.0
20100712:0400,29.61,65.5,607.7,446.35,222.9,432.55,3.24,81.0,100890.0
20100712:0500,29.06,69.85,529.3,354.87,221.8,435.85,3.52,73.0,100800.0
20100712:0600,29.04,74.5,489.0,416.62,152.1,438.75,3.03,68.0,100700.0
20100712:0700,28.81,72.1,408.7,350.36,166.1,427.3,1.93,95.0,100710.0
20100712:0800,29.08,69.85,262.55,317.72,95.5,433.9,2.07,97.0,100600.0
20100712:0900,28.86,72.1,109.15,189.33,48.55,423.85,2.28,109.0,100640.0
20100712:1000,27.33,74.3,5.1,7.28,4.45,419.2,2.69,108.0,100620.0
20100712:1100,26.98,76.7,0.0,-0.0,0.0,419.95,2.07,101.0,100730.0
20100712:1200,26.69,79.3,0.0,-0.0,0.0,414.9,2.21,113.0,100740.0
20100712:1300,26.48,84.55,0.0,-0.0,0.0,412.6,2.21,116.0,100810.0
20100712:1400,26.19,84.55,0.0,-0.0,0.0,408.15,2.07,122.0,100870.0
20100712:1500,26.11,84.55,0.0,-0.0,0.0,414.55,2.14,131.0,100870.0
20100712:1600,25.71,87.3,0.0,-0.0,0.0,408.75,1.79,140.0,100850.0
20100712:1700,25.16,87.3,0.0,-0.0,0.0,408.55,1.31,155.0,100830.0
20100712:1800,24.58,90.15,0.0,-0.0,0.0,405.45,1.17,167.0,100770.0
20100712:1900,24.71,87.25,0.0,-0.0,0.0,404.3,1.1,189.0,100760.0
20100712:2000,24.44,90.1,0.0,-0.0,0.0,402.15,1.17,200.0,100740.0
20100712:2100,24.75,84.4,0.0,-0.0,0.0,407.75,0.97,177.0,100730.0
20100712:2200,23.92,90.1,0.0,-0.0,0.0,404.45,1.1,155.0,100730.0
20100712:2300,23.67,90.1,88.7,949.91,35.65,403.9,1.17,160.0,100760.0
20100713:0000,26.03,84.5,258.5,659.96,67.75,403.9,1.24,164.0,100840.0
20100713:0100,27.33,76.8,423.45,620.02,113.8,412.7,1.66,153.0,100890.0
20100713:0200,28.36,72.0,623.05,735.26,128.55,418.0,2.07,132.0,100880.0
20100713:0300,29.34,67.6,633.05,599.26,155.65,419.95,2.07,115.0,100870.0
20100713:0400,29.77,65.5,660.25,584.03,156.1,431.0,1.66,77.0,100830.0
20100713:0500,29.81,63.4,667.1,555.85,184.75,433.7,1.86,48.0,100750.0
20100713:0600,29.93,65.5,636.25,625.65,129.5,431.75,1.72,34.0,100670.0
20100713:0700,30.44,63.5,448.9,438.06,145.0,434.45,1.93,50.0,100520.0
20100713:0800,29.78,65.5,234.45,261.84,96.45,425.75,1.38,20.0,100520.0
20100713:0900,29.39,67.6,105.2,189.14,44.45,429.65,0.9,58.0,100430.0
20100713:1000,28.88,67.5,6.0,22.16,4.0,416.1,1.52,105.0,100490.0
20100713:1100,27.77,76.85,0.0,-0.0,0.0,414.35,1.17,117.0,100560.0
20100713:1200,27.56,69.65,0.0,-0.0,0.0,415.5,0.69,132.0,100660.0
20100713:1300,27.86,69.65,0.0,-0.0,0.0,409.9,0.21,189.0,100740.0
20100713:1400,27.16,71.9,0.0,-0.0,0.0,406.8,0.76,220.0,100770.0
20100713:1500,25.24,84.45,0.0,-0.0,0.0,407.55,1.24,212.0,100790.0
20100713:1600,24.74,87.25,0.0,-0.0,0.0,405.05,1.31,208.0,100790.0
20100713:1700,25.3,81.75,0.0,-0.0,0.0,401.0,1.03,203.0,100760.0
20100713:1800,24.54,84.4,0.0,-0.0,0.0,400.2,1.1,205.0,100710.0
20100713:1900,23.92,90.1,0.0,-0.0,0.0,395.95,1.52,200.0,100680.0
20100713:2000,23.72,90.1,0.0,-0.0,0.0,394.0,1.59,198.0,100680.0
20100713:2100,23.44,93.05,0.0,-0.0,0.0,394.0,1.52,195.0,100680.0
20100713:2200,23.21,93.05,0.0,-0.0,0.0,393.65,1.45,196.0,100720.0
20100713:2300,23.17,90.05,111.1,1189.6,44.8,392.3,1.59,202.0,100780.0
20100714:0000,25.2,81.75,308.2,763.56,87.35,392.85,1.52,200.0,100830.0
20100714:0100,27.17,71.9,515.7,826.37,102.6,397.6,1.24,179.0,100890.0
20100714:0200,28.5,67.4,695.75,887.79,98.0,405.65,1.31,143.0,100900.0
20100714:0300,29.58,59.35,773.8,816.87,122.25,411.05,1.93,111.0,100830.0
20100714:0400,30.2,57.5,748.5,722.88,123.65,414.55,2.76,96.0,100770.0
20100714:0500,30.42,59.45,779.0,769.68,110.1,418.0,3.03,88.0,100690.0
20100714:0600,30.63,57.6,680.35,683.08,126.15,421.7,3.24,88.0,100580.0
20100714:0700,30.97,53.9,494.95,531.37,125.6,421.5,2.69,73.0,100540.0
20100714:0800,30.55,57.5,256.0,256.96,120.25,423.45,2.9,64.0,100520.0
20100714:0900,29.81,59.35,73.25,82.22,46.75,422.1,2.76,60.0,100520.0
20100714:1000,28.87,67.5,4.35,1.65,4.2,417.45,2.48,66.0,100550.0
20100714:1100,28.2,69.65,0.0,-0.0,0.0,418.4,2.14,90.0,100580.0
20100714:1200,27.77,69.65,0.0,-0.0,0.0,421.7,2.07,112.0,100630.0
20100714:1300,27.12,74.3,0.0,-0.0,0.0,419.95,1.66,113.0,100710.0
20100714:1400,26.32,76.65,0.0,-0.0,0.0,420.75,1.38,117.0,100780.0
20100714:1500,26.13,79.2,0.0,-0.0,0.0,422.85,1.17,143.0,100780.0
20100714:1600,26.05,79.2,0.0,-0.0,0.0,422.45,1.1,167.0,100770.0
20100714:1700,25.93,81.8,0.0,-0.0,0.0,420.55,1.03,162.0,100740.0
20100714:1800,25.39,84.45,0.0,-0.0,0.0,416.85,1.1,159.0,100680.0
20100714:1900,24.93,87.25,0.0,-0.0,0.0,410.85,1.31,152.0,100650.0
20100714:2000,24.95,84.4,0.0,-0.0,0.0,416.1,1.45,151.0,100620.0
20100714:2100,24.9,84.4,0.0,-0.0,0.0,417.65,1.52,147.0,100580.0
20100714:2200,24.7,84.4,0.0,-0.0,0.0,410.1,1.59,154.0,100600.0
20100714:2300,24.7,84.4,105.7,1114.55,43.65,411.45,1.72,173.0,100630.0
20100715:0000,26.26,79.2,297.0,762.19,76.35,405.65,1.31,169.0,100670.0
20100715:0100,27.91,69.65,494.65,804.8,91.9,410.2,1.79,129.0,100740.0
20100715:0200,28.95,67.5,666.45,838.75,101.05,419.2,2.62,111.0,100720.0
20100715:0300,29.84,63.4,739.75,751.51,139.55,419.95,3.1,105.0,100690.0
20100715:0400,30.48,61.45,777.45,739.02,137.75,424.4,3.38,101.0,100630.0
20100715:0500,30.78,59.55,783.05,763.84,118.2,430.4,3.66,98.0,100540.0
20100715:0600,31.07,59.55,610.75,522.64,186.0,431.0,3.86,93.0,100470.0
20100715:0700,31.1,55.85,450.05,395.14,174.85,426.9,3.72,88.0,100430.0
20100715:0800,30.69,57.6,268.8,286.18,117.25,429.45,3.72,83.0,100400.0
20100715:0900,29.99,61.35,86.1,122.59,46.45,424.8,3.93,83.0,100380.0
20100715:1000,29.01,67.5,5.15,5.97,4.6,417.65,3.66,88.0,100430.0
20100715:1100,28.32,69.65,0.0,-0.0,0.0,419.95,3.38,98.0,100510.0
20100715:1200,27.83,72.0,0.0,-0.0,0.0,414.9,3.31,106.0,100570.0
20100715:1300,27.46,74.3,0.0,-0.0,0.0,411.45,3.1,109.0,100640.0
20100715:1400,27.18,74.3,0.0,-0.0,0.0,410.85,2.83,112.0,100690.0
20100715:1500,26.86,76.7,0.0,-0.0,0.0,408.35,2.55,116.0,100710.0
20100715:1600,26.63,76.7,0.0,-0.0,0.0,413.75,2.34,122.0,100700.0
20100715:1700,26.25,79.2,0.0,-0.0,0.0,406.4,2.21,128.0,100660.0
20100715:1800,25.77,84.5,0.0,-0.0,0.0,401.95,1.86,142.0,100650.0
20100715:1900,25.5,84.45,0.0,-0.0,0.0,405.85,1.79,157.0,100590.0
20100715:2000,25.09,84.45,0.0,-0.0,0.0,402.15,1.86,165.0,100560.0
20100715:2100,24.86,84.4,0.0,-0.0,0.0,403.1,1.86,170.0,100560.0
20100715:2200,24.6,84.4,0.0,-0.0,0.0,401.2,1.86,176.0,100560.0
20100715:2300,24.45,87.2,101.8,1058.3,42.9,401.2,1.79,176.0,100620.0
20100716:0000,26.09,76.65,305.05,787.59,76.8,406.8,1.79,166.0,100660.0
20100716:0100,27.8,69.65,504.3,836.87,85.0,404.4,2.83,144.0,100720.0
20100716:0200,28.75,67.5,551.7,652.11,111.55,407.55,3.66,123.0,100740.0
20100716:0300,29.15,65.4,616.2,591.0,143.55,414.75,4.07,105.0,100720.0
20100716:0400,28.92,67.5,720.0,659.9,147.95,426.35,4.76,92.0,100690.0
20100716:0500,29.3,65.4,725.5,685.04,128.3,435.65,4.21,99.0,100610.0
20100716:0600,29.9,65.5,603.65,604.76,111.3,435.05,4.41,100.0,100500.0
20100716:0700,30.3,61.45,448.5,516.52,88.05,429.25,4.0,94.0,100450.0
20100716:0800,30.09,63.5,321.8,457.1,79.15,427.1,3.93,96.0,100420.0
20100716:0900,29.75,63.4,121.6,240.65,43.5,423.45,3.93,97.0,100450.0
20100716:1000,28.9,67.5,6.7,24.21,4.45,417.65,3.31,92.0,100520.0
20100716:1100,28.24,72.0,0.0,-0.0,0.0,413.55,2.69,94.0,100590.0
20100716:1200,27.81,74.4,0.0,-0.0,0.0,414.35,2.28,103.0,100660.0
20100716:1300,27.29,76.8,0.0,-0.0,0.0,411.45,1.93,120.0,100710.0
20100716:1400,26.66,81.9,0.0,-0.0,0.0,410.45,1.66,136.0,100790.0
20100716:1500,25.98,87.3,0.0,-0.0,0.0,411.45,1.38,162.0,100780.0
20100716:1600,25.38,90.2,0.0,-0.0,0.0,408.55,1.31,189.0,100790.0
20100716:1700,24.97,90.15,0.0,-0.0,0.0,407.95,1.24,206.0,100780.0
20100716:1800,25.28,87.3,0.0,-0.0,0.0,408.55,0.9,217.0,100770.0
20100716:1900,25.75,79.15,0.0,-0.0,0.0,407.75,0.41,99.0,100740.0
20100716:2000,25.94,79.15,0.0,-0.0,0.0,409.5,0.55,165.0,100720.0
20100716:2100,24.34,90.1,0.0,-0.0,0.0,408.35,1.1,167.0,100730.0
20100716:2200,24.3,87.2,0.0,-0.0,0.0,407.95,1.59,181.0,100740.0
20100716:2300,24.34,87.2,98.5,982.3,43.8,405.85,1.79,201.0,100780.0
20100717:0000,26.09,79.2,267.95,559.84,105.5,406.2,1.31,211.0,100830.0
20100717:0100,27.45,71.9,470.5,670.34,134.2,409.6,0.69,232.0,100910.0
20100717:0200,28.58,67.5,619.0,725.06,128.95,416.65,0.41,292.0,100930.0
20100717:0300,29.57,63.4,709.3,687.37,158.8,420.55,0.21,341.0,100910.0
20100717:0400,30.35,61.45,769.75,711.14,152.35,425.75,0.76,51.0,100850.0
20100717:0500,31.0,59.55,721.25,638.12,164.05,427.9,1.24,67.0,100770.0
20100717:0600,31.42,57.75,617.65,610.25,119.95,436.0,1.93,106.0,100640.0
20100717:0700,31.59,54.15,457.45,481.16,121.0,434.45,2.34,96.0,100520.0
20100717:0800,31.36,55.85,306.8,366.54,111.75,433.3,2.83,84.0,100520.0
20100717:0900,30.73,57.6,108.3,166.44,54.1,431.2,2.76,84.0,100590.0
20100717:1000,29.87,61.35,5.2,6.93,4.55,429.85,2.34,80.0,100640.0
20100717:1100,29.01,67.5,0.0,-0.0,0.0,426.35,2.0,87.0,100720.0
20100717:1200,27.97,74.4,0.0,-0.0,0.0,424.4,1.24,142.0,100790.0
20100717:1300,26.85,79.3,0.0,-0.0,0.0,423.45,1.03,170.0,100850.0
20100717:1400,26.55,76.7,0.0,-0.0,0.0,414.15,1.03,209.0,100860.0
20100717:1500,26.13,79.2,0.0,-0.0,0.0,421.9,1.1,218.0,100880.0
20100717:1600,26.39,76.65,0.0,-0.0,0.0,414.75,0.9,211.0,100910.0
20100717:1700,26.99,74.25,0.0,-0.0,0.0,419.4,0.62,218.0,100900.0
20100717:1800,26.4,76.65,0.0,-0.0,0.0,412.4,0.69,221.0,100880.0
20100717:1900,25.27,84.45,0.0,-0.0,0.0,415.3,1.03,229.0,100840.0
20100717:2000,25.16,81.75,0.0,-0.0,0.0,416.3,0.97,249.0,100840.0
20100717:2100,25.32,81.75,0.0,-0.0,0.0,422.3,1.31,246.0,100830.0
20100717:2200,24.83,87.25,0.0,-0.0,0.0,414.9,1.17,235.0,100820.0
20100717:2300,25.58,79.15,83.35,834.77,36.8,409.7,0.69,205.0,100870.0
20100718:0000,26.38,79.2,262.55,561.26,99.45,415.9,0.69,136.0,100910.0
20100718:0100,27.57,69.65,427.05,635.36,107.85,417.55,1.79,124.0,100960.0
20100718:0200,28.46,69.65,645.45,749.28,138.3,418.2,2.55,121.0,100950.0
20100718:0300,29.47,65.4,703.95,726.49,121.25,426.9,2.76,118.0,100880.0
20100718:0400,30.03,63.4,704.65,602.5,180.75,426.75,2.62,105.0,100830.0
20100718:0500,30.43,61.45,665.65,615.16,127.6,432.9,2.48,80.0,100780.0
20100718:0600,30.43,61.45,512.5,476.84,122.9,432.55,2.48,60.0,100690.0
20100718:0700,30.14,63.5,430.4,477.33,95.95,439.1,2.48,66.0,100620.0
20100718:0800,29.72,65.5,282.1,357.5,91.4,431.4,2.41,71.0,100630.0
20100718:0900,29.08,67.6,107.25,173.99,50.4,428.65,2.34,66.0,100660.0
20100718:1000,28.58,69.75,5.95,12.15,4.8,425.55,2.07,72.0,100730.0
20100718:1100,27.53,71.9,0.0,-0.0,0.0,420.75,1.93,103.0,100800.0
20100718:1200,26.72,74.25,0.0,-0.0,0.0,414.55,1.93,136.0,100860.0
20100718:1300,26.52,79.2,0.0,-0.0,0.0,418.8,2.21,159.0,100880.0
20100718:1400,26.13,79.2,0.0,-0.0,0.0,411.45,1.59,172.0,100930.0
20100718:1500,25.59,84.5,0.0,-0.0,0.0,411.45,1.24,200.0,100960.0
20100718:1600,25.07,84.45,0.0,-0.0,0.0,403.9,1.59,220.0,100970.0
20100718:1700,24.93,87.25,0.0,-0.0,0.0,408.75,1.72,226.0,100930.0
20100718:1800,24.58,87.25,0.0,-0.0,0.0,397.7,1.86,226.0,100880.0
20100718:1900,24.65,84.4,0.0,-0.0,0.0,401.2,1.72,193.0,100830.0
20100718:2000,24.4,87.2,0.0,-0.0,0.0,398.1,1.79,194.0,100820.0
20100718:2100,24.09,87.2,0.0,-0.0,0.0,397.3,1.72,196.0,100840.0
20100718:2200,23.72,90.1,0.0,-0.0,0.0,394.6,1.59,200.0,100870.0
20100718:2300,23.45,93.05,108.45,1190.27,41.92,391.1,1.59,198.0,100920.0
20100719:0000,25.58,79.15,323.5,847.74,76.75,392.65,1.31,197.0,100970.0
20100719:0100,27.13,69.6,524.3,848.94,97.15,396.65,1.1,195.0,101000.0
20100719:0200,28.32,67.4,675.5,823.75,117.1,401.95,0.76,195.0,100980.0
20100719:0300,29.45,63.3,770.2,795.88,130.85,407.55,0.34,198.0,100910.0
20100719:0400,30.39,57.5,741.9,670.19,158.2,412.2,0.41,82.0,100860.0
20100719:0500,30.87,55.75,758.15,718.78,128.4,417.45,1.38,64.0,100800.0
20100719:0600,31.15,52.25,659.15,662.88,116.55,416.1,2.28,57.0,100740.0
20100719:0700,30.86,55.75,537.1,631.75,93.55,420.9,2.34,56.0,100680.0
20100719:0800,30.71,53.9,322.8,461.08,76.25,415.9,2.21,53.0,100640.0
20100719:0900,30.24,55.6,124.75,247.23,43.7,417.85,1.79,49.0,100630.0
20100719:1000,29.48,61.25,7.25,27.74,4.6,412.2,1.59,44.0,100650.0
20100719:1100,28.32,69.65,0.0,-0.0,0.0,404.45,1.59,46.0,100730.0
20100719:1200,27.16,71.9,0.0,-0.0,0.0,403.5,1.52,63.0,100780.0
20100719:1300,26.29,79.2,0.0,-0.0,0.0,403.5,1.45,77.0,100860.0
20100719:1400,26.53,76.65,0.0,-0.0,0.0,398.85,1.17,105.0,100890.0
20100719:1500,26.6,74.25,0.0,-0.0,0.0,401.55,1.03,150.0,100910.0
20100719:1600,25.15,81.75,0.0,-0.0,0.0,402.9,1.31,183.0,100920.0
20100719:1700,24.73,84.4,0.0,-0.0,0.0,407.55,1.45,201.0,100910.0
20100719:1800,24.36,87.2,0.0,-0.0,0.0,402.35,1.38,202.0,100880.0
20100719:1900,24.31,87.2,0.0,-0.0,0.0,404.3,1.45,195.0,100870.0
20100719:2000,24.22,87.2,0.0,-0.0,0.0,398.85,1.79,199.0,100840.0
20100719:2100,24.13,84.35,0.0,-0.0,0.0,399.45,1.93,198.0,100860.0
20100719:2200,23.89,87.15,0.0,-0.0,0.0,393.05,2.07,191.0,100850.0
20100719:2300,23.64,87.15,111.15,1190.44,44.4,390.55,1.93,186.0,100880.0
20100720:0000,24.99,81.7,315.75,836.25,71.9,390.75,1.45,182.0,100960.0
20100720:0100,26.86,69.5,513.75,818.78,101.1,393.55,1.1,162.0,101030.0
20100720:0200,28.12,65.2,671.5,815.81,117.6,404.1,0.9,142.0,101060.0
20100720:0300,29.18,59.2,782.85,813.36,128.4,410.85,0.9,127.0,101010.0
20100720:0400,30.07,57.4,747.65,685.24,149.85,415.1,1.17,108.0,100930.0
20100720:0500,30.5,53.8,742.5,664.83,159.0,423.25,1.24,108.0,100840.0
20100720:0600,30.95,52.15,623.65,574.46,152.55,420.9,1.31,105.0,100740.0
20100720:0700,31.19,48.9,518.5,554.33,128.5,429.65,1.79,88.0,100720.0
20100720:0800,31.09,47.25,350.45,492.98,86.2,428.45,2.14,66.0,100640.0
20100720:0900,30.6,50.45,138.7,268.15,50.5,407.0,2.55,55.0,100650.0
20100720:1000,29.6,55.5,7.55,26.99,4.95,409.5,2.55,48.0,100690.0
20100720:1100,28.61,63.2,0.0,-0.0,0.0,406.6,2.28,48.0,100760.0
20100720:1200,27.75,67.4,0.0,-0.0,0.0,403.9,1.86,61.0,100810.0
20100720:1300,26.77,74.25,0.0,-0.0,0.0,403.5,1.52,81.0,100890.0
20100720:1400,26.52,76.65,0.0,-0.0,0.0,403.7,1.17,116.0,100960.0
20100720:1500,25.56,79.15,0.0,-0.0,0.0,408.75,1.38,154.0,100970.0
20100720:1600,25.0,84.4,0.0,-0.0,0.0,396.35,1.59,170.0,100960.0
20100720:1700,24.51,87.2,0.0,-0.0,0.0,393.45,1.59,183.0,100950.0
20100720:1800,24.25,87.2,0.0,-0.0,0.0,393.65,1.79,196.0,100900.0
20100720:1900,24.21,87.2,0.0,-0.0,0.0,395.55,1.86,199.0,100870.0
20100720:2000,24.06,87.2,0.0,-0.0,0.0,398.85,1.79,199.0,100820.0
20100720:2100,23.86,87.15,0.0,-0.0,0.0,398.3,1.66,195.0,100840.0
20100720:2200,23.69,87.15,0.0,-0.0,0.0,398.1,1.66,185.0,100860.0
20100720:2300,23.51,87.15,104.55,895.25,54.15,391.3,1.79,179.0,100880.0
20100721:0000,25.17,79.1,326.75,826.19,85.35,390.55,1.66,173.0,100930.0
20100721:0100,27.03,69.5,534.35,865.29,97.5,388.9,1.59,156.0,100980.0
20100721:0200,28.31,63.1,708.3,883.99,107.1,393.85,1.38,137.0,100980.0
20100721:0300,29.46,57.3,766.5,794.38,126.25,400.8,1.31,122.0,100960.0
20100721:0400,30.38,53.8,803.0,745.06,151.9,405.65,1.52,111.0,100890.0
20100721:0500,30.97,50.45,753.45,684.29,151.8,411.45,1.86,102.0,100780.0
20100721:0600,31.23,48.9,641.65,641.65,114.45,413.75,2.07,95.0,100680.0
20100721:0700,31.29,48.9,519.75,600.35,96.5,417.25,2.34,88.0,100640.0
20100721:0800,31.14,48.9,306.05,403.67,89.15,413.2,2.41,82.0,100580.0
20100721:0900,30.68,50.45,132.4,246.07,51.2,411.05,2.21,73.0,100600.0
20100721:1000,29.79,55.5,7.3,25.74,4.8,410.3,1.86,66.0,100640.0
20100721:1100,28.51,65.2,0.0,-0.0,0.0,402.55,1.66,77.0,100680.0
20100721:1200,27.37,69.6,0.0,-0.0,0.0,400.6,1.79,91.0,100780.0
20100721:1300,26.83,71.85,0.0,-0.0,0.0,403.5,2.14,104.0,100870.0
20100721:1400,26.52,76.65,0.0,-0.0,0.0,407.75,2.14,116.0,100930.0
20100721:1500,26.29,76.65,0.0,-0.0,0.0,411.85,2.07,129.0,100960.0
20100721:1600,26.11,76.65,0.0,-0.0,0.0,414.75,2.0,143.0,100960.0
20100721:1700,25.66,79.15,0.0,-0.0,0.0,407.4,1.86,160.0,100940.0
20100721:1800,25.19,81.75,0.0,-0.0,0.0,403.9,1.79,177.0,100890.0
20100721:1900,24.6,79.05,0.0,-0.0,0.0,395.2,2.0,182.0,100880.0
20100721:2000,24.2,78.95,0.0,-0.0,0.0,391.1,1.93,187.0,100880.0
20100721:2100,23.89,81.55,0.0,-0.0,0.0,389.75,2.0,188.0,100900.0
20100721:2200,23.6,78.9,0.0,-0.0,0.0,386.65,2.0,187.0,100920.0
20100721:2300,23.5,84.25,108.25,1155.07,42.9,391.3,1.93,185.0,100950.0
20100722:0000,24.85,76.45,330.75,869.8,76.05,386.85,1.79,181.0,100990.0
20100722:0100,26.53,67.15,529.45,847.48,100.8,386.95,1.66,173.0,101020.0
20100722:0200,28.03,61.0,673.4,810.96,120.9,392.65,1.66,157.0,100990.0
20100722:0300,29.33,55.4,793.2,827.44,125.15,399.45,1.59,136.0,100920.0
20100722:0400,30.36,50.3,786.1,734.84,142.8,403.1,1.59,113.0,100840.0
20100722:0500,31.0,48.75,702.65,634.07,144.15,408.9,1.79,97.0,100740.0
20100722:0600,31.06,48.75,635.4,584.55,154.2,419.2,1.93,89.0,100650.0
20100722:0700,31.09,45.7,474.4,508.44,115.2,415.9,2.34,90.0,100630.0
20100722:0800,30.82,47.15,306.55,421.73,79.4,421.3,2.41,81.0,100590.0
20100722:0900,30.37,48.65,137.15,266.73,48.85,417.85,2.0,67.0,100590.0
20100722:1000,29.55,55.4,7.5,26.55,4.9,412.0,1.52,39.0,100660.0
20100722:1100,28.2,67.4,0.0,-0.0,0.0,407.0,1.1,16.0,100730.0
20100722:1200,29.13,55.4,0.0,-0.0,0.0,408.9,0.41,27.0,100800.0
20100722:1300,28.61,59.1,0.0,-0.0,0.0,403.9,0.48,118.0,100870.0
20100722:1400,27.06,67.3,0.0,-0.0,0.0,408.9,1.03,133.0,100920.0
20100722:1500,25.38,79.1,0.0,-0.0,0.0,401.4,1.45,149.0,100930.0
20100722:1600,24.56,79.05,0.0,-0.0,0.0,393.45,1.66,164.0,100930.0
20100722:1700,24.12,81.65,0.0,-0.0,0.0,394.8,1.66,172.0,100890.0
20100722:1800,23.76,84.35,0.0,-0.0,0.0,391.1,1.72,178.0,100850.0
20100722:1900,23.59,81.55,0.0,-0.0,0.0,390.55,1.93,180.0,100840.0
20100722:2000,23.42,84.25,0.0,-0.0,0.0,389.55,2.0,181.0,100800.0
20100722:2100,23.18,84.25,0.0,-0.0,0.0,387.85,1.93,185.0,100800.0
20100722:2200,22.75,87.1,0.0,-0.0,0.0,380.3,1.79,187.0,100840.0
20100722:2300,22.35,90.0,114.6,1191.02,46.82,377.0,1.72,186.0,100890.0
20100723:0000,24.32,81.65,334.15,881.87,75.3,377.2,1.31,181.0,100950.0
20100723:0100,26.47,69.4,535.3,870.59,94.1,380.6,1.17,159.0,101000.0
20100723:0200,27.91,61.0,689.8,842.22,114.95,388.2,1.38,138.0,101000.0
20100723:0300,29.15,57.3,776.65,812.98,119.1,394.4,1.86,126.0,100910.0
20100723:0400,30.15,52.05,816.0,763.4,146.5,397.7,2.28,118.0,100830.0
20100723:0500,30.87,48.75,749.7,687.29,143.2,403.7,2.62,112.0,100700.0
20100723:0600,31.19,47.25,562.2,486.25,161.15,415.3,2.69,100.0,100580.0
20100723:0700,30.95,50.45,456.15,461.75,129.25,430.8,3.03,76.0,100600.0
20100723:0800,30.68,52.15,337.8,481.38,77.9,418.8,2.97,74.0,100550.0
20100723:0900,30.38,53.8,124.4,243.45,43.55,410.65,2.69,81.0,100600.0
20100723:1000,29.53,57.3,7.4,26.35,4.8,414.55,2.14,88.0,100600.0
20100723:1100,28.48,65.2,0.0,-0.0,0.0,403.7,1.59,96.0,100680.0
20100723:1200,27.24,71.9,0.0,-0.0,0.0,408.15,1.31,113.0,100730.0
20100723:1300,26.35,76.65,0.0,-0.0,0.0,405.25,1.45,129.0,100800.0
20100723:1400,25.72,79.15,0.0,-0.0,0.0,405.85,1.52,143.0,100830.0
20100723:1500,25.29,79.1,0.0,-0.0,0.0,404.3,1.66,159.0,100880.0
20100723:1600,24.73,79.05,0.0,-0.0,0.0,394.2,1.86,176.0,100860.0
20100723:1700,24.37,81.65,0.0,-0.0,0.0,396.9,1.86,181.0,100820.0
20100723:1800,23.89,81.55,0.0,-0.0,0.0,392.1,1.79,181.0,100760.0
20100723:1900,23.7,81.55,0.0,-0.0,0.0,389.75,2.0,175.0,100750.0
20100723:2000,23.71,78.9,0.0,-0.0,0.0,399.65,1.93,171.0,100710.0
20100723:2100,23.48,81.5,0.0,-0.0,0.0,391.3,2.0,165.0,100730.0
20100723:2200,23.44,81.5,0.0,-0.0,0.0,397.7,1.93,163.0,100750.0
20100723:2300,23.35,81.5,112.5,1188.66,44.4,393.05,2.0,166.0,100810.0
20100724:0000,24.49,76.35,335.3,882.67,75.55,385.3,2.07,169.0,100860.0
20100724:0100,26.36,64.95,542.0,888.58,90.75,380.6,2.21,159.0,100900.0
20100724:0200,27.92,53.35,718.25,906.06,98.65,385.3,2.34,148.0,100880.0
20100724:0300,29.19,48.4,828.05,891.7,105.5,389.55,2.41,134.0,100820.0
20100724:0400,30.13,43.95,848.85,825.62,123.45,393.65,2.34,122.0,100740.0
20100724:0500,30.8,42.6,792.3,729.27,147.55,396.75,2.34,109.0,100660.0
20100724:0600,31.15,39.9,690.4,680.42,128.1,398.65,2.55,98.0,100580.0
20100724:0700,31.12,42.7,517.75,577.29,108.2,412.4,2.41,86.0,100510.0
20100724:0800,30.84,44.05,309.8,411.59,87.05,410.85,2.76,77.0,100470.0
20100724:0900,30.13,45.45,137.25,264.46,49.15,410.3,2.83,71.0,100470.0
20100724:1000,29.26,50.05,7.75,27.16,5.05,406.2,2.41,66.0,100530.0
20100724:1100,28.37,57.05,0.0,-0.0,0.0,402.35,2.07,75.0,100600.0
20100724:1200,27.59,59.0,0.0,-0.0,0.0,400.8,2.07,86.0,100700.0
20100724:1300,26.88,65.0,0.0,-0.0,0.0,403.1,2.0,98.0,100780.0
20100724:1400,26.19,69.4,0.0,-0.0,0.0,401.95,1.86,111.0,100840.0
20100724:1500,25.69,74.1,0.0,-0.0,0.0,403.7,1.86,130.0,100850.0
20100724:1600,25.3,76.5,0.0,-0.0,0.0,400.6,2.0,145.0,100840.0
20100724:1700,24.99,79.05,0.0,-0.0,0.0,400.6,2.0,155.0,100790.0
20100724:1800,24.75,79.05,0.0,-0.0,0.0,400.6,2.0,166.0,100760.0
20100724:1900,24.43,81.65,0.0,-0.0,0.0,397.3,1.86,185.0,100700.0
20100724:2000,24.25,81.65,0.0,-0.0,0.0,401.55,1.86,188.0,100660.0
20100724:2100,23.94,84.35,0.0,-0.0,0.0,396.15,1.86,188.0,100640.0
20100724:2200,23.69,84.35,0.0,-0.0,0.0,395.4,1.79,186.0,100660.0
20100724:2300,23.6,84.35,96.2,757.87,52.45,397.9,1.72,184.0,100740.0
20100725:0000,25.22,76.5,296.9,628.63,111.4,401.0,1.52,183.0,100800.0
20100725:0100,26.91,69.5,479.15,720.23,112.6,406.9,1.24,171.0,100860.0
20100725:0200,28.23,63.1,635.4,684.48,166.4,414.15,0.83,148.0,100860.0
20100725:0300,29.38,59.2,745.65,719.9,161.2,422.3,1.1,109.0,100790.0
20100725:0400,30.32,55.6,783.45,674.97,189.3,426.15,1.86,88.0,100730.0
20100725:0500,30.94,55.75,697.45,571.02,191.65,429.05,2.55,78.0,100630.0
20100725:0600,31.08,54.05,626.45,559.52,163.15,430.8,3.1,69.0,100560.0
20100725:0700,31.04,57.6,429.25,425.29,126.9,429.85,2.9,55.0,100520.0
20100725:0800,30.18,59.45,256.1,296.97,95.0,429.05,2.97,58.0,100540.0
20100725:0900,29.64,61.35,101.95,151.28,51.4,434.1,2.76,67.0,100540.0
20100725:1000,28.9,67.5,5.7,9.99,4.7,428.1,3.17,76.0,100600.0
20100725:1100,28.16,69.65,0.0,-0.0,0.0,429.65,2.97,86.0,100680.0
20100725:1200,27.72,72.0,0.0,-0.0,0.0,422.85,2.9,97.0,100720.0
20100725:1300,27.33,74.3,0.0,-0.0,0.0,418.2,3.03,111.0,100770.0
20100725:1400,26.89,76.7,0.0,-0.0,0.0,419.4,2.76,112.0,100810.0
20100725:1500,26.58,76.7,0.0,-0.0,0.0,416.45,2.0,115.0,100830.0
20100725:1600,26.25,81.85,0.0,-0.0,0.0,416.65,1.52,122.0,100830.0
20100725:1700,25.66,84.5,0.0,-0.0,0.0,414.35,1.24,118.0,100810.0
20100725:1800,25.14,87.3,0.0,-0.0,0.0,415.9,1.31,94.0,100800.0
20100725:1900,25.18,84.45,0.0,-0.0,0.0,427.5,1.79,75.0,100800.0
20100725:2000,25.06,84.45,0.0,-0.0,0.0,431.95,1.79,103.0,100740.0
20100725:2100,24.97,87.25,0.0,-0.0,0.0,421.5,2.28,124.0,100760.0
20100725:2200,24.8,87.25,0.0,-0.0,0.0,419.55,2.48,116.0,100780.0
20100725:2300,24.84,87.25,34.65,0.0,34.65,425.4,2.62,113.0,100830.0
20100726:0000,25.06,87.3,86.25,28.38,77.85,424.2,2.55,109.0,100890.0
20100726:0100,25.68,84.5,138.3,8.23,134.1,425.3,2.34,112.0,100940.0
20100726:0200,26.15,81.85,246.85,95.33,181.4,429.05,2.21,116.0,100950.0
20100726:0300,27.27,76.8,261.2,92.2,186.2,431.95,2.69,115.0,100900.0
20100726:0400,27.25,76.8,227.15,41.78,190.3,434.85,3.59,112.0,100850.0
20100726:0500,26.95,79.3,363.65,79.33,293.25,431.55,3.79,112.0,100780.0
20100726:0600,27.47,76.8,411.9,220.63,228.85,431.55,4.0,112.0,100690.0
20100726:0700,28.93,72.1,396.15,294.21,186.55,430.4,3.93,105.0,100630.0
20100726:0800,29.23,69.85,241.65,172.69,147.75,430.6,3.79,109.0,100600.0
20100726:0900,28.65,69.75,91.05,66.69,68.7,429.05,3.38,105.0,100560.0
20100726:1000,28.12,74.4,5.65,0.0,5.65,428.3,3.1,99.0,100600.0
20100726:1100,27.46,79.35,0.0,-0.0,0.0,423.65,3.17,97.0,100640.0
20100726:1200,27.08,79.35,0.0,-0.0,0.0,424.4,3.1,99.0,100720.0
20100726:1300,26.86,81.9,0.0,-0.0,0.0,425.55,3.03,102.0,100810.0
20100726:1400,26.78,81.9,0.0,-0.0,0.0,425.2,2.83,105.0,100890.0
20100726:1500,26.56,81.9,0.0,-0.0,0.0,426.15,2.76,106.0,100910.0
20100726:1600,26.36,84.55,0.0,-0.0,0.0,420.55,2.34,104.0,100900.0
20100726:1700,26.22,84.55,0.0,-0.0,0.0,423.85,1.86,110.0,100880.0
20100726:1800,25.98,84.5,0.0,-0.0,0.0,426.55,1.66,126.0,100830.0
20100726:1900,25.48,90.2,0.0,-0.0,0.0,427.9,1.38,135.0,100790.0
20100726:2000,25.46,90.2,0.0,-0.0,0.0,423.85,1.66,134.0,100750.0
20100726:2100,25.51,90.2,0.0,-0.0,0.0,424.4,2.41,127.0,100760.0
20100726:2200,25.38,90.2,0.0,-0.0,0.0,423.85,2.48,127.0,100810.0
20100726:2300,25.35,90.2,22.85,0.0,22.85,422.65,2.14,128.0,100870.0
20100727:0000,25.72,87.3,86.25,0.0,86.25,425.0,1.72,126.0,100960.0
20100727:0100,26.28,87.35,212.4,100.04,161.25,428.95,2.21,115.0,101040.0
20100727:0200,26.88,81.9,370.75,193.74,237.45,431.2,3.31,112.0,101050.0
20100727:0300,27.37,76.8,622.3,456.41,250.3,429.25,3.59,111.0,100980.0
20100727:0400,28.5,74.4,677.1,467.14,264.3,429.05,3.52,108.0,100930.0
20100727:0500,29.35,69.85,572.25,365.94,246.85,426.35,2.97,101.0,100850.0
20100727:0600,29.17,69.85,462.7,291.04,220.75,440.85,2.48,80.0,100780.0
20100727:0700,28.45,74.4,334.35,269.15,142.2,434.85,3.17,91.0,100810.0
20100727:0800,28.37,74.4,222.8,142.29,145.25,430.8,3.31,92.0,100730.0
20100727:0900,27.94,74.4,92.3,111.57,54.8,420.15,3.59,94.0,100760.0
20100727:1000,26.78,76.7,5.3,5.91,4.7,425.75,2.83,83.0,100830.0
20100727:1100,26.49,81.85,0.0,-0.0,0.0,425.2,1.59,89.0,100850.0
20100727:1200,26.16,81.85,0.0,-0.0,0.0,424.8,1.86,72.0,100960.0
20100727:1300,25.38,90.2,0.0,-0.0,0.0,422.45,2.0,66.0,101030.0
20100727:1400,25.16,90.2,0.0,-0.0,0.0,421.3,2.0,79.0,101090.0
20100727:1500,25.1,90.2,0.0,-0.0,0.0,420.75,2.07,90.0,101090.0
20100727:1600,25.0,93.15,0.0,-0.0,0.0,418.8,1.72,103.0,101080.0
20100727:1700,24.84,93.15,0.0,-0.0,0.0,414.55,1.59,118.0,101010.0
20100727:1800,24.56,93.15,0.0,-0.0,0.0,413.0,1.38,112.0,101000.0
20100727:1900,24.71,87.25,0.0,-0.0,0.0,415.3,1.86,122.0,100940.0
20100727:2000,24.31,90.1,0.0,-0.0,0.0,417.45,1.79,106.0,100920.0
20100727:2100,24.23,90.1,0.0,-0.0,0.0,413.2,1.59,109.0,100940.0
20100727:2200,24.51,90.1,0.0,-0.0,0.0,413.55,2.0,117.0,100940.0
20100727:2300,24.74,87.25,101.1,965.31,43.8,409.3,2.14,121.0,100960.0
20100728:0000,25.58,81.8,266.2,604.33,86.2,409.3,2.55,116.0,101000.0
20100728:0100,26.68,79.3,483.95,713.26,118.35,411.35,3.45,110.0,101080.0
20100728:0200,27.81,74.4,613.85,665.79,154.75,418.2,4.07,110.0,101060.0
20100728:0300,28.51,74.4,706.8,614.46,204.95,420.15,4.28,109.0,100990.0
20100728:0400,29.04,72.1,753.1,653.24,174.7,425.0,4.14,101.0,100940.0
20100728:0500,29.4,72.15,751.7,694.63,132.8,426.75,3.93,95.0,100850.0
20100728:0600,29.7,69.95,457.05,306.37,201.85,433.9,3.86,89.0,100750.0
20100728:0700,28.5,79.4,384.0,278.44,184.8,436.2,2.34,59.0,100710.0
20100728:0800,28.55,79.4,245.85,255.55,106.25,440.65,2.28,77.0,100680.0
20100728:0900,27.27,79.35,90.0,115.99,50.9,439.3,1.93,86.0,100710.0
20100728:1000,26.26,81.85,5.15,12.24,3.9,427.5,2.14,118.0,100800.0
20100728:1100,25.61,84.5,0.0,-0.0,0.0,418.2,1.93,102.0,100890.0
20100728:1200,25.57,81.8,0.0,-0.0,0.0,416.85,1.93,114.0,100950.0
20100728:1300,25.33,87.3,0.0,-0.0,0.0,406.8,1.86,120.0,101000.0
20100728:1400,25.19,87.3,0.0,-0.0,0.0,409.1,1.93,135.0,101030.0
20100728:1500,25.06,87.3,0.0,-0.0,0.0,408.55,2.0,138.0,101040.0
20100728:1600,24.92,93.15,0.0,-0.0,0.0,408.75,1.86,141.0,101030.0
20100728:1700,24.73,90.15,0.0,-0.0,0.0,408.15,1.59,147.0,101000.0
20100728:1800,24.53,90.15,0.0,-0.0,0.0,410.3,1.38,155.0,100930.0
20100728:1900,24.46,93.1,0.0,-0.0,0.0,409.7,1.17,170.0,100860.0
20100728:2000,24.24,93.1,0.0,-0.0,0.0,408.75,1.38,172.0,100810.0
20100728:2100,24.0,93.1,0.0,-0.0,0.0,402.15,1.52,163.0,100800.0
20100728:2200,23.85,93.1,0.0,-0.0,0.0,402.95,1.52,161.0,100830.0
20100728:2300,23.58,90.1,109.95,1112.28,43.2,398.3,1.38,174.0,100870.0
20100729:0000,25.63,84.5,322.0,821.39,76.5,398.65,0.83,172.0,100940.0
20100729:0100,27.08,76.8,517.95,813.58,99.85,404.4,0.62,147.0,101000.0
20100729:0200,28.32,72.0,671.9,795.46,122.15,411.65,0.69,104.0,101030.0
20100729:0300,29.32,67.6,805.25,828.34,127.3,414.35,1.52,92.0,100960.0
20100729:0400,30.24,63.5,825.75,780.93,132.9,417.05,2.48,88.0,100890.0
20100729:0500,30.69,59.55,753.3,702.72,125.95,420.55,3.1,86.0,100790.0
20100729:0600,30.61,59.55,601.65,585.09,113.3,419.75,3.45,83.0,100690.0
20100729:0700,30.46,61.45,447.65,479.77,103.7,425.75,3.52,76.0,100650.0
20100729:0800,30.01,63.4,352.0,489.76,83.85,423.25,3.38,86.0,100640.0
20100729:0900,29.68,63.4,119.2,216.99,45.85,417.45,3.45,87.0,100650.0
20100729:1000,28.75,67.5,7.55,23.85,5.1,412.8,2.62,88.0,100720.0
20100729:1100,27.83,72.0,0.0,-0.0,0.0,406.2,2.07,101.0,100820.0
20100729:1200,27.18,76.8,0.0,-0.0,0.0,410.85,2.07,119.0,100880.0
20100729:1300,26.55,79.3,0.0,-0.0,0.0,405.65,1.86,136.0,100940.0
20100729:1400,25.88,87.3,0.0,-0.0,0.0,400.0,1.72,149.0,100990.0
20100729:1500,25.34,87.3,0.0,-0.0,0.0,400.8,1.66,158.0,101010.0
20100729:1600,24.89,90.15,0.0,-0.0,0.0,398.85,1.66,162.0,101010.0
20100729:1700,24.64,90.15,0.0,-0.0,0.0,398.1,1.86,165.0,100980.0
20100729:1800,24.64,87.25,0.0,-0.0,0.0,402.55,2.07,168.0,100910.0
20100729:1900,24.56,90.15,0.0,-0.0,0.0,395.2,1.86,168.0,100870.0
20100729:2000,24.48,90.1,0.0,-0.0,0.0,402.55,1.86,169.0,100870.0
20100729:2100,24.32,90.1,0.0,-0.0,0.0,400.0,1.93,171.0,100870.0
20100729:2200,24.11,87.2,0.0,-0.0,0.0,397.7,1.93,175.0,100890.0
20100729:2300,24.05,87.2,94.3,544.31,61.25,397.9,2.0,178.0,100960.0
20100730:0000,25.42,81.75,294.15,572.55,122.4,395.0,1.79,169.0,101010.0
20100730:0100,27.4,71.9,507.6,717.09,138.1,397.6,2.41,150.0,101070.0
20100730:0200,28.65,65.3,636.25,647.45,187.75,400.4,2.76,133.0,101090.0
20100730:0300,29.59,61.35,738.35,656.86,199.6,408.9,2.9,121.0,101050.0
20100730:0400,30.39,59.45,819.55,722.41,177.3,410.85,3.03,110.0,100970.0
20100730:0500,30.99,55.75,818.6,755.97,142.35,412.8,3.17,100.0,100850.0
20100730:0600,31.32,54.05,676.95,652.31,131.4,410.85,3.31,92.0,100770.0
20100730:0700,31.21,54.05,493.3,526.59,115.0,420.35,3.31,105.0,100760.0
20100730:0800,30.8,55.75,317.2,432.72,79.75,418.6,3.24,99.0,100740.0
20100730:0900,30.33,59.45,130.65,239.86,49.35,418.0,3.03,92.0,100730.0
20100730:1000,29.43,65.4,7.8,21.78,5.55,413.55,2.41,89.0,100770.0
20100730:1100,28.38,69.65,0.0,-0.0,0.0,410.1,2.28,94.0,100780.0
20100730:1200,27.61,72.0,0.0,-0.0,0.0,405.45,2.14,97.0,100850.0
20100730:1300,27.07,76.8,0.0,-0.0,0.0,409.1,2.07,100.0,100920.0
20100730:1400,26.52,81.85,0.0,-0.0,0.0,401.4,2.14,112.0,100990.0
20100730:1500,25.96,84.5,0.0,-0.0,0.0,400.6,2.0,130.0,101000.0
20100730:1600,25.38,87.3,0.0,-0.0,0.0,401.0,1.66,150.0,101000.0
20100730:1700,24.69,87.25,0.0,-0.0,0.0,397.5,1.45,169.0,101000.0
20100730:1800,24.24,90.1,0.0,-0.0,0.0,399.25,1.45,186.0,100970.0
20100730:1900,24.1,90.1,0.0,-0.0,0.0,396.75,1.59,188.0,100960.0
20100730:2000,23.86,90.1,0.0,-0.0,0.0,392.3,1.72,194.0,100940.0
20100730:2100,23.69,90.1,0.0,-0.0,0.0,392.3,1.86,198.0,100950.0
20100730:2200,23.51,90.1,0.0,-0.0,0.0,391.1,1.93,200.0,100970.0
20100730:2300,23.31,90.05,109.85,1144.24,39.5,386.3,1.93,200.0,101000.0
20100731:0000,24.87,81.7,334.9,847.51,79.7,389.0,1.66,198.0,101040.0
20100731:0100,27.02,69.5,536.15,831.33,106.6,391.25,1.17,190.0,101080.0
20100731:0200,28.54,65.2,685.15,804.26,126.7,395.2,0.97,158.0,101080.0
20100731:0300,29.8,57.4,803.3,827.45,123.15,401.75,1.31,118.0,101040.0
20100731:0400,30.77,53.9,825.25,778.72,131.5,406.8,2.14,102.0,100950.0
20100731:0500,31.28,52.25,807.45,765.94,120.9,412.0,2.62,98.0,100850.0
20100731:0600,31.6,49.0,656.8,655.59,107.4,417.05,2.9,92.0,100760.0
20100731:0700,31.51,50.55,533.55,604.97,98.05,419.75,3.03,94.0,100730.0
20100731:0800,31.46,50.55,320.0,440.67,77.65,413.2,3.17,92.0,100720.0
20100731:0900,30.77,52.15,138.4,268.8,47.05,414.55,3.24,98.0,100730.0
20100731:1000,29.66,59.35,6.3,15.41,4.7,407.2,3.03,104.0,100810.0
20100731:1100,28.62,65.3,0.0,-0.0,0.0,412.4,2.97,109.0,100870.0
20100731:1200,27.87,69.65,0.0,-0.0,0.0,408.15,2.97,116.0,100930.0
20100731:1300,27.37,71.9,0.0,-0.0,0.0,408.9,2.69,124.0,101000.0
20100731:1400,26.86,74.25,0.0,-0.0,0.0,407.55,2.34,140.0,101060.0
20100731:1500,26.23,76.65,0.0,-0.0,0.0,400.0,2.0,155.0,101090.0
20100731:1600,22.15,94.19,0.0,-0.0,0.0,386.63,1.73,169.0,101100.0
20100731:1700,22.72,90.01,0.0,-0.0,0.0,385.61,1.74,178.0,101070.0
20100731:1800,23.29,85.83,0.0,-0.0,0.0,384.59,1.75,187.0,101050.0
20100731:1900,23.87,81.66,0.0,-0.0,0.0,383.57,1.77,179.0,101000.0
20100731:2000,24.44,77.48,0.0,-0.0,0.0,382.54,1.78,187.0,100980.0
20100731:2100,25.01,73.31,0.0,-0.0,0.0,381.52,1.8,192.0,100980.0
20100731:2200,25.58,69.13,0.0,-0.0,0.0,380.5,1.81,198.0,101010.0
20100731:2300,26.15,64.95,125.8,1193.37,51.45,379.48,1.83,206.0,101050.0
20090801:0000,26.72,60.78,361.0,950.16,73.75,378.46,1.84,183.0,100980.0
20090801:0100,27.29,56.6,576.85,938.18,90.7,377.44,1.86,161.0,101030.0
20090801:0200,27.86,52.42,752.35,933.69,102.45,376.42,1.87,132.0,101020.0
20090801:0300,28.43,48.25,865.55,916.71,110.35,375.4,1.89,109.0,100950.0
20090801:0400,29.0,44.07,907.6,888.59,114.3,374.38,1.9,98.0,100840.0
20090801:0500,29.57,39.9,878.7,855.89,109.95,373.36,1.92,92.0,100730.0
20090801:0600,30.14,35.72,734.65,707.68,140.4,372.34,1.93,83.0,100620.0
20090801:0700,30.71,31.54,566.45,605.11,129.95,371.32,1.95,61.0,100580.0
20090801:0800,31.14,37.25,365.4,480.0,100.85,389.75,3.03,60.0,100560.0
20090801:0900,30.45,39.65,152.05,286.61,54.4,396.75,3.31,62.0,100570.0
20090801:1000,29.4,43.65,9.45,28.74,6.45,384.95,3.1,66.0,100630.0
20090801:1100,28.29,49.95,0.0,-0.0,0.0,380.85,2.69,77.0,100700.0
20090801:1200,27.54,55.05,0.0,-0.0,0.0,380.65,2.76,91.0,100780.0
20090801:1300,26.88,58.8,0.0,-0.0,0.0,380.85,2.9,103.0,100840.0
20090801:1400,26.42,62.8,0.0,-0.0,0.0,388.8,2.83,110.0,100880.0
20090801:1500,25.93,67.05,0.0,-0.0,0.0,386.1,2.55,118.0,100920.0
20090801:1600,25.42,69.25,0.0,-0.0,0.0,381.85,2.34,130.0,100910.0
20090801:1700,24.85,71.5,0.0,-0.0,0.0,380.65,2.0,146.0,100890.0
20090801:1800,24.08,71.4,0.0,-0.0,0.0,377.0,1.72,162.0,100860.0
20090801:1900,23.28,73.7,0.0,-0.0,0.0,370.8,1.79,178.0,100840.0
20090801:2000,22.72,76.15,0.0,-0.0,0.0,371.55,1.86,181.0,100870.0
20090801:2100,22.25,78.7,0.0,-0.0,0.0,368.1,2.07,182.0,100860.0
20090801:2200,21.78,81.35,0.0,-0.0,0.0,366.35,1.93,183.0,100900.0
20090801:2300,21.22,84.05,125.9,1193.69,50.49,363.25,1.66,188.0,100980.0
20090802:0000,23.55,76.2,343.65,821.06,94.4,360.55,1.24,186.0,101020.0
20090802:0100,26.57,58.7,552.4,814.87,128.9,367.8,1.24,167.0,101080.0
20090802:0200,28.32,48.25,743.25,901.41,114.25,376.6,1.59,148.0,101050.0
20090802:0300,29.84,42.3,848.15,875.46,125.3,381.25,1.86,133.0,100960.0
20090802:0400,31.04,38.4,886.2,860.72,116.15,387.25,2.14,116.0,100870.0
20090802:0500,31.8,34.9,833.35,786.31,125.65,389.4,2.28,98.0,100750.0
20090802:0600,32.2,33.8,710.7,696.92,124.3,390.75,2.48,80.0,100650.0
20090802:0700,32.0,37.35,517.55,573.31,103.15,399.05,2.55,72.0,100650.0
20090802:0800,31.63,38.55,317.75,398.04,97.9,399.85,2.9,66.0,100620.0
20090802:0900,30.97,41.15,136.85,252.82,50.5,403.5,3.24,63.0,100630.0
20090802:1000,29.94,46.9,9.15,31.95,5.8,407.2,2.9,66.0,100680.0
20090802:1100,28.71,51.8,0.0,-0.0,0.0,387.25,2.55,80.0,100740.0
20090802:1200,27.87,59.0,0.0,-0.0,0.0,387.65,2.69,96.0,100810.0
20090802:1300,27.15,63.0,0.0,-0.0,0.0,387.25,2.9,108.0,100880.0
20090802:1400,26.54,69.4,0.0,-0.0,0.0,387.25,2.9,119.0,100910.0
20090802:1500,25.99,71.65,0.0,-0.0,0.0,384.15,2.76,126.0,100910.0
20090802:1600,25.49,74.0,0.0,-0.0,0.0,382.6,2.48,137.0,100890.0
20090802:1700,24.94,73.95,0.0,-0.0,0.0,380.45,2.28,150.0,100880.0
20090802:1800,24.36,76.35,0.0,-0.0,0.0,378.55,2.07,159.0,100850.0
20090802:1900,23.8,76.3,0.0,-0.0,0.0,374.65,1.93,170.0,100870.0
20090802:2000,23.2,78.85,0.0,-0.0,0.0,372.95,1.86,174.0,100870.0
20090802:2100,22.65,78.75,0.0,-0.0,0.0,374.3,1.72,175.0,100900.0
20090802:2200,22.11,81.4,0.0,-0.0,0.0,372.15,1.72,177.0,100960.0
20090802:2300,21.64,84.1,125.9,1194.02,49.36,367.7,1.72,182.0,101040.0
20090803:0000,23.98,73.75,352.45,908.71,75.4,368.1,1.52,180.0,101070.0
20090803:0100,26.24,58.7,567.05,909.46,92.95,372.85,1.45,166.0,101120.0
20090803:0200,28.03,51.55,724.0,878.1,109.7,380.3,1.66,149.0,101110.0
20090803:0300,29.49,46.75,815.6,826.8,131.35,386.1,2.0,128.0,101050.0
20090803:0400,30.57,42.45,845.35,799.87,128.2,390.55,2.34,114.0,100950.0
20090803:0500,31.34,38.55,816.95,759.97,131.55,392.1,2.62,103.0,100850.0
20090803:0600,31.77,36.1,697.0,647.42,151.15,392.45,2.9,94.0,100730.0
20090803:0700,31.59,39.9,564.3,628.83,108.85,396.95,3.24,81.0,100690.0
20090803:0800,31.32,39.9,348.5,449.42,99.75,400.4,3.38,76.0,100650.0
20090803:0900,30.68,41.15,139.8,240.68,57.4,404.85,3.45,74.0,100650.0
20090803:1000,29.53,48.4,9.05,34.18,5.45,395.55,3.1,76.0,100690.0
20090803:1100,28.27,53.45,0.0,-0.0,0.0,383.55,2.76,84.0,100770.0
20090803:1200,27.47,60.9,0.0,-0.0,0.0,389.2,3.03,96.0,100830.0
20090803:1300,26.84,67.2,0.0,-0.0,0.0,387.85,3.1,103.0,100920.0
20090803:1400,26.29,71.75,0.0,-0.0,0.0,385.7,3.17,107.0,100960.0
20090803:1500,25.8,76.6,0.0,-0.0,0.0,381.65,3.03,111.0,100980.0
20090803:1600,25.4,79.1,0.0,-0.0,0.0,380.1,2.76,118.0,100990.0
20090803:1700,25.02,81.7,0.0,-0.0,0.0,380.45,2.48,129.0,100950.0
20090803:1800,24.52,84.35,0.0,-0.0,0.0,377.0,2.21,144.0,100870.0
20090803:1900,24.1,81.65,0.0,-0.0,0.0,374.3,2.07,155.0,100850.0
20090803:2000,23.41,84.25,0.0,-0.0,0.0,371.0,1.86,165.0,100820.0
20090803:2100,22.66,87.1,0.0,-0.0,0.0,369.45,1.72,172.0,100850.0
20090803:2200,21.9,89.95,0.0,-0.0,0.0,366.95,1.66,174.0,100900.0
20090803:2300,21.46,93.0,121.75,1157.7,46.4,365.0,1.66,174.0,100980.0
20090804:0000,24.24,78.95,339.65,836.58,83.45,369.65,1.59,164.0,101050.0
20090804:0100,26.83,62.9,531.3,810.34,107.55,374.6,2.21,141.0,101080.0
20090804:0200,28.3,53.45,643.15,741.3,123.2,386.65,2.76,122.0,101090.0
20090804:0300,29.41,50.05,788.45,758.99,158.85,388.0,3.1,113.0,101010.0
20090804:0400,30.46,47.0,850.75,782.77,147.4,401.0,3.38,108.0,100920.0
20090804:0500,31.12,45.6,843.45,785.28,133.75,401.55,3.52,104.0,100820.0
20090804:0600,31.45,44.2,709.35,662.46,149.7,403.5,3.59,99.0,100710.0
20090804:0700,31.5,44.2,574.1,649.0,103.1,403.5,3.52,93.0,100680.0
20090804:0800,31.28,44.2,348.5,468.15,88.85,401.4,3.59,94.0,100640.0
20090804:0900,30.59,47.0,154.05,307.0,48.7,401.75,3.72,95.0,100630.0
20090804:1000,29.31,51.8,9.8,37.36,5.85,391.5,3.59,99.0,100640.0
20090804:1100,27.89,61.0,0.0,-0.0,0.0,386.85,3.31,107.0,100690.0
20090804:1200,26.96,69.5,0.0,-0.0,0.0,384.95,3.24,117.0,100770.0
20090804:1300,26.28,74.15,0.0,-0.0,0.0,382.0,3.03,122.0,100860.0
20090804:1400,25.78,79.15,0.0,-0.0,0.0,380.65,2.83,123.0,100920.0
20090804:1500,25.38,81.75,0.0,-0.0,0.0,382.2,2.62,122.0,100930.0
20090804:1600,25.04,84.4,0.0,-0.0,0.0,380.3,2.48,124.0,100930.0
20090804:1700,24.65,84.4,0.0,-0.0,0.0,379.7,2.14,135.0,100880.0
20090804:1800,24.16,87.2,0.0,-0.0,0.0,380.3,1.93,150.0,100830.0
20090804:1900,23.87,90.1,0.0,-0.0,0.0,380.1,1.86,145.0,100810.0
20090804:2000,23.32,93.05,0.0,-0.0,0.0,378.15,1.79,159.0,100820.0
20090804:2100,22.83,93.05,0.0,-0.0,0.0,375.65,1.72,170.0,100830.0
20090804:2200,22.4,93.05,0.0,-0.0,0.0,375.25,1.72,177.0,100880.0
20090804:2300,22.07,93.05,124.4,1153.11,48.15,374.45,1.66,179.0,100930.0
20090805:0000,24.57,81.65,329.7,740.26,101.95,374.65,1.45,167.0,100980.0
20090805:0100,26.96,67.2,551.25,853.3,103.6,381.75,2.07,136.0,101040.0
20090805:0200,28.5,57.15,671.45,781.06,122.15,386.45,2.69,120.0,101050.0
20090805:0300,29.71,51.9,836.2,858.94,122.0,392.85,3.03,114.0,100980.0
20090805:0400,30.83,47.15,858.05,787.06,149.3,395.95,3.1,108.0,100890.0
20090805:0500,31.59,44.2,838.0,780.07,131.55,399.45,3.03,102.0,100780.0
20090805:0600,32.02,42.85,718.95,687.59,136.9,401.0,2.97,97.0,100650.0
20090805:0700,32.02,42.85,541.55,586.18,115.3,406.4,2.69,92.0,100590.0
20090805:0800,31.81,42.85,358.45,462.45,101.45,402.9,2.69,79.0,100560.0
20090805:0900,31.33,42.7,128.05,243.52,44.3,404.45,3.1,62.0,100550.0
20090805:1000,30.21,47.0,8.35,27.33,5.45,412.4,3.03,59.0,100600.0
20090805:1100,29.06,53.55,0.0,-0.0,0.0,412.0,2.55,74.0,100650.0
20090805:1200,28.18,59.1,0.0,-0.0,0.0,399.85,2.41,98.0,100720.0
20090805:1300,27.39,67.3,0.0,-0.0,0.0,388.8,2.62,112.0,100790.0
20090805:1400,26.76,71.85,0.0,-0.0,0.0,387.45,2.76,111.0,100850.0
20090805:1500,26.28,76.65,0.0,-0.0,0.0,389.75,2.69,107.0,100870.0
20090805:1600,25.8,81.8,0.0,-0.0,0.0,384.95,2.55,104.0,100880.0
20090805:1700,25.38,84.45,0.0,-0.0,0.0,383.4,2.21,107.0,100870.0
20090805:1800,24.84,87.25,0.0,-0.0,0.0,384.55,1.72,120.0,100820.0
20090805:1900,24.69,87.25,0.0,-0.0,0.0,405.65,1.1,143.0,100810.0
20090805:2000,24.12,90.1,0.0,-0.0,0.0,399.85,1.24,164.0,100800.0
20090805:2100,23.9,87.15,0.0,-0.0,0.0,406.6,1.38,170.0,100820.0
20090805:2200,23.78,87.15,0.0,-0.0,0.0,405.25,1.38,178.0,100850.0
20090805:2300,23.61,87.15,96.95,830.84,41.1,401.2,1.38,177.0,100890.0
20090806:0000,25.53,79.1,308.75,685.79,96.75,397.7,1.17,162.0,100950.0
20090806:0100,27.18,67.3,512.45,778.87,102.5,402.85,1.31,141.0,100990.0
20090806:0200,28.69,59.2,683.5,789.37,126.85,408.75,1.52,130.0,101000.0
20090806:0300,30.02,55.5,691.85,591.97,198.45,407.4,1.79,118.0,100910.0
20090806:0400,30.85,50.45,760.95,640.89,182.55,419.55,2.0,100.0,100850.0
20090806:0500,31.54,47.25,709.5,551.67,208.85,425.0,2.14,81.0,100730.0
20090806:0600,31.83,45.85,633.05,547.99,168.25,424.2,2.48,63.0,100630.0
20090806:0700,31.56,47.25,473.45,469.47,131.4,426.9,2.55,58.0,100570.0
20090806:0800,31.46,47.25,302.85,361.51,101.55,425.95,2.48,49.0,100580.0
20090806:0900,31.02,48.75,135.8,245.61,51.15,421.1,2.28,42.0,100560.0
20090806:1000,30.27,52.05,7.65,23.95,5.1,421.7,1.93,43.0,100590.0
20090806:1100,29.38,57.3,0.0,-0.0,0.0,423.65,1.72,52.0,100620.0
20090806:1200,28.73,59.2,0.0,-0.0,0.0,419.2,1.86,71.0,100670.0
20090806:1300,28.13,65.3,0.0,-0.0,0.0,410.45,2.07,84.0,100790.0
20090806:1400,27.64,67.4,0.0,-0.0,0.0,413.2,2.28,91.0,100820.0
20090806:1500,27.33,71.9,0.0,-0.0,0.0,420.35,2.34,93.0,100860.0
20090806:1600,27.01,74.25,0.0,-0.0,0.0,420.35,2.14,99.0,100850.0
20090806:1700,26.53,74.15,0.0,-0.0,0.0,419.95,1.66,109.0,100810.0
20090806:1800,26.1,76.65,0.0,-0.0,0.0,421.7,1.1,129.0,100770.0
20090806:1900,25.47,79.1,0.0,-0.0,0.0,411.65,1.17,156.0,100760.0
20090806:2000,25.11,79.1,0.0,-0.0,0.0,413.75,1.03,169.0,100770.0
20090806:2100,24.95,81.7,0.0,-0.0,0.0,416.45,0.9,166.0,100780.0
20090806:2200,24.64,81.7,0.0,-0.0,0.0,411.05,0.9,174.0,100840.0
20090806:2300,24.37,87.2,107.65,945.57,43.0,412.6,1.1,184.0,100870.0
20090807:0000,25.9,74.1,298.85,673.1,89.75,412.8,1.1,187.0,100920.0
20090807:0100,26.87,69.5,532.3,788.19,116.05,414.05,1.03,179.0,100990.0
20090807:0200,28.34,59.1,708.8,822.2,127.4,409.7,0.97,152.0,101000.0
20090807:0300,29.88,51.9,779.95,742.12,159.9,408.75,1.38,122.0,100930.0
20090807:0400,30.94,45.6,793.4,698.67,161.45,416.45,1.79,106.0,100840.0
20090807:0500,31.63,42.7,775.25,693.09,144.95,421.3,2.0,92.0,100720.0
20090807:0600,32.02,40.0,665.9,607.67,149.45,416.3,2.14,77.0,100590.0
20090807:0700,31.87,42.85,531.8,580.97,107.7,426.75,2.55,60.0,100550.0
20090807:0800,31.76,41.4,327.3,436.01,84.05,422.1,2.76,59.0,100500.0
20090807:0900,31.35,42.7,134.55,248.44,48.75,422.65,2.55,62.0,100500.0
20090807:1000,30.48,45.45,8.4,28.56,5.35,416.65,2.14,63.0,100500.0
20090807:1100,29.46,51.8,0.0,-0.0,0.0,411.05,1.93,68.0,100570.0
20090807:1200,28.65,57.3,0.0,-0.0,0.0,409.7,2.28,73.0,100640.0
20090807:1300,28.06,63.1,0.0,-0.0,0.0,414.55,2.62,79.0,100740.0
20090807:1400,27.49,67.3,0.0,-0.0,0.0,409.5,2.55,84.0,100800.0
20090807:1500,27.11,69.6,0.0,-0.0,0.0,414.9,2.34,96.0,100840.0
20090807:1600,26.46,71.75,0.0,-0.0,0.0,399.85,1.79,121.0,100840.0
20090807:1700,25.78,71.65,0.0,-0.0,0.0,408.55,1.52,152.0,100830.0
20090807:1800,25.06,76.45,0.0,-0.0,0.0,395.95,1.38,183.0,100800.0
20090807:1900,24.59,73.95,0.0,-0.0,0.0,392.3,1.59,172.0,100720.0
20090807:2000,24.3,76.35,0.0,-0.0,0.0,400.6,1.59,186.0,100730.0
20090807:2100,24.09,76.35,0.0,-0.0,0.0,401.75,1.66,198.0,100760.0
20090807:2200,23.96,78.9,0.0,-0.0,0.0,407.0,1.52,201.0,100820.0
20090807:2300,23.86,81.55,113.75,1037.7,41.55,408.55,1.31,202.0,100890.0
20090808:0000,25.24,71.6,270.1,598.12,83.35,401.0,1.1,202.0,100950.0
20090808:0100,26.34,62.8,493.35,677.63,134.25,411.95,0.9,204.0,100980.0
20090808:0200,27.64,55.15,709.55,813.62,132.6,414.35,0.83,194.0,101000.0
20090808:0300,29.08,50.05,743.7,720.01,140.65,406.6,0.97,150.0,100920.0
20090808:0400,29.91,48.5,772.1,695.07,142.0,418.2,1.31,129.0,100870.0
20090808:0500,30.74,44.05,699.55,588.17,163.55,416.45,1.66,116.0,100710.0
20090808:0600,31.04,44.05,636.5,543.47,173.7,416.45,1.86,97.0,100590.0
20090808:0700,31.1,44.05,484.45,520.46,103.8,414.55,1.79,77.0,100560.0
20090808:0800,30.85,42.6,331.2,434.48,88.35,412.8,1.52,59.0,100530.0
20090808:0900,30.61,43.95,122.3,213.43,48.45,411.45,1.24,52.0,100500.0
20090808:1000,29.9,45.35,8.35,29.88,5.15,406.2,1.17,52.0,100540.0
20090808:1100,29.09,50.05,0.0,-0.0,0.0,408.55,1.24,66.0,100600.0
20090808:1200,28.43,53.45,0.0,-0.0,0.0,414.55,1.66,84.0,100640.0
20090808:1300,27.83,59.0,0.0,-0.0,0.0,417.05,2.34,95.0,100730.0
20090808:1400,27.27,63.0,0.0,-0.0,0.0,417.25,2.69,99.0,100800.0
20090808:1500,26.85,67.2,0.0,-0.0,0.0,414.15,2.55,106.0,100830.0
20090808:1600,26.37,71.75,0.0,-0.0,0.0,406.8,2.62,106.0,100830.0
20090808:1700,26.02,71.65,0.0,-0.0,0.0,403.9,2.34,112.0,100810.0
20090808:1800,25.55,76.5,0.0,-0.0,0.0,397.9,2.07,127.0,100750.0
20090808:1900,25.09,74.0,0.0,-0.0,0.0,401.75,1.72,146.0,100730.0
20090808:2000,24.78,76.45,0.0,-0.0,0.0,402.75,1.72,157.0,100720.0
20090808:2100,24.21,78.95,0.0,-0.0,0.0,390.15,1.72,168.0,100740.0
20090808:2200,23.67,78.9,0.0,-0.0,0.0,385.5,1.72,177.0,100820.0
20090808:2300,23.3,84.25,131.35,1196.21,46.61,386.3,1.72,184.0,100850.0
20090809:0000,25.46,71.6,336.65,793.53,87.6,382.6,1.45,177.0,100900.0
20090809:0100,27.23,56.95,549.7,835.0,105.65,384.85,1.79,153.0,100950.0
20090809:0200,28.58,51.65,696.35,777.42,143.5,394.0,2.28,135.0,100940.0
20090809:0300,29.74,48.5,832.4,830.95,134.7,397.5,2.55,124.0,100890.0
20090809:0400,30.66,45.6,817.9,708.93,173.8,402.15,2.69,113.0,100830.0
20090809:0500,31.19,44.2,772.55,646.52,182.15,408.15,2.69,102.0,100740.0
20090809:0600,31.45,44.2,604.2,531.63,150.6,417.05,2.97,98.0,100630.0
20090809:0700,31.24,44.2,476.0,457.73,140.6,428.3,3.38,88.0,100630.0
20090809:0800,31.16,44.2,317.2,420.56,81.7,426.75,3.38,86.0,100590.0
20090809:0900,30.72,45.6,147.3,290.78,46.5,410.85,3.24,85.0,100570.0
20090809:1000,29.76,50.2,9.6,35.4,5.8,404.65,3.03,91.0,100620.0
20090809:1100,28.53,59.1,0.0,-0.0,0.0,401.95,3.17,99.0,100650.0
20090809:1200,27.66,65.2,0.0,-0.0,0.0,400.0,3.45,104.0,100710.0
20090809:1300,27.05,71.85,0.0,-0.0,0.0,400.4,3.52,107.0,100780.0
20090809:1400,26.54,76.65,0.0,-0.0,0.0,392.85,3.31,112.0,100840.0
20090809:1500,26.13,76.65,0.0,-0.0,0.0,391.3,2.9,117.0,100860.0
20090809:1600,25.76,79.15,0.0,-0.0,0.0,389.0,2.48,123.0,100880.0
20090809:1700,25.33,81.75,0.0,-0.0,0.0,388.8,2.21,136.0,100860.0
20090809:1800,24.84,81.7,0.0,-0.0,0.0,387.85,2.07,148.0,100790.0
20090809:1900,24.88,84.4,0.0,-0.0,0.0,388.2,2.34,139.0,100750.0
20090809:2000,24.54,84.35,0.0,-0.0,0.0,388.2,2.07,148.0,100730.0
20090809:2100,24.01,87.15,0.0,-0.0,0.0,384.15,1.86,157.0,100750.0
20090809:2200,23.39,90.05,0.0,-0.0,0.0,382.6,1.66,164.0,100800.0
20090809:2300,22.85,93.05,132.15,1182.24,46.85,382.6,1.45,167.0,100840.0
20090810:0000,25.55,79.1,349.25,846.68,82.1,383.55,1.24,143.0,100880.0
20090810:0100,27.61,63.1,576.95,907.71,92.5,389.3,2.21,110.0,100930.0
20090810:0200,28.99,57.3,751.95,912.52,101.15,395.2,2.9,102.0,100940.0
20090810:0300,30.2,52.05,862.25,893.39,110.25,401.2,3.45,100.0,100900.0
20090810:0400,31.12,50.45,899.15,855.14,120.45,407.95,3.79,98.0,100840.0
20090810:0500,31.67,45.85,839.4,785.39,120.7,410.85,3.86,96.0,100760.0
20090810:0600,31.84,45.85,597.05,488.43,179.5,411.85,4.0,92.0,100660.0
20090810:0700,31.25,47.25,429.05,371.41,156.4,433.3,3.93,80.0,100680.0
20090810:0800,30.76,48.75,310.25,386.57,93.4,432.75,3.93,84.0,100620.0
20090810:0900,30.26,50.3,151.35,295.02,48.9,426.75,3.59,94.0,100600.0
20090810:1000,29.44,57.3,9.45,34.4,5.75,404.45,3.03,105.0,100640.0
20090810:1100,28.26,63.2,0.0,-0.0,0.0,409.7,2.83,116.0,100670.0
20090810:1200,27.31,69.6,0.0,-0.0,0.0,396.35,2.9,121.0,100750.0
20090810:1300,26.63,74.25,0.0,-0.0,0.0,394.4,2.9,120.0,100800.0
20090810:1400,26.19,79.2,0.0,-0.0,0.0,394.0,2.62,115.0,100880.0
20090810:1500,25.87,84.5,0.0,-0.0,0.0,394.8,2.34,115.0,100910.0
20090810:1600,25.58,87.3,0.0,-0.0,0.0,393.65,2.28,118.0,100930.0
20090810:1700,25.38,87.3,0.0,-0.0,0.0,397.3,2.07,121.0,100920.0
20090810:1800,25.17,87.3,0.0,-0.0,0.0,403.9,1.86,123.0,100900.0
20090810:1900,25.17,87.3,0.0,-0.0,0.0,403.1,1.93,134.0,100870.0
20090810:2000,24.99,90.15,0.0,-0.0,0.0,401.75,2.0,136.0,100860.0
20090810:2100,24.88,87.25,0.0,-0.0,0.0,400.8,2.07,143.0,100880.0
20090810:2200,24.75,87.25,0.0,-0.0,0.0,401.95,2.07,157.0,100930.0
20090810:2300,24.5,90.1,122.15,1043.26,45.45,397.9,1.93,173.0,100940.0
20090811:0000,26.06,79.15,327.8,735.06,94.6,394.4,1.66,173.0,100980.0
20090811:0100,27.75,63.1,542.0,816.19,104.8,401.3,1.52,160.0,101040.0
20090811:0200,29.21,57.3,706.1,805.63,129.85,407.95,1.38,138.0,101040.0
20090811:0300,30.5,53.8,810.4,793.61,140.7,412.8,1.38,111.0,100990.0
20090811:0400,31.61,48.9,788.15,712.09,138.25,417.45,1.79,85.0,100920.0
20090811:0500,32.34,45.95,784.0,670.62,169.05,421.1,2.41,69.0,100850.0
20090811:0600,32.7,43.1,582.1,520.29,136.45,425.4,2.97,64.0,100760.0
20090811:0700,32.07,49.0,473.65,492.1,111.75,435.25,2.97,58.0,100720.0
20090811:0800,31.56,50.55,284.7,319.26,105.3,440.85,2.34,66.0,100720.0
20090811:0900,31.08,50.45,132.15,240.49,48.5,429.25,1.38,89.0,100700.0
20090811:1000,30.65,50.45,7.3,24.13,4.7,424.2,1.24,108.0,100720.0
20090811:1100,29.75,55.5,0.0,-0.0,0.0,419.95,1.24,113.0,100770.0
20090811:1200,29.07,61.25,0.0,-0.0,0.0,420.15,1.52,119.0,100860.0
20090811:1300,28.47,65.3,0.0,-0.0,0.0,420.9,1.59,113.0,100930.0
20090811:1400,27.88,69.65,0.0,-0.0,0.0,414.75,1.66,100.0,101000.0
20090811:1500,27.33,74.3,0.0,-0.0,0.0,412.8,1.72,95.0,101020.0
20090811:1600,26.96,76.7,0.0,-0.0,0.0,416.1,1.66,97.0,101020.0
20090811:1700,26.62,79.3,0.0,-0.0,0.0,419.4,1.45,98.0,101000.0
20090811:1800,25.76,84.5,0.0,-0.0,0.0,411.05,0.97,92.0,100960.0
20090811:1900,25.53,84.45,0.0,-0.0,0.0,411.25,1.31,146.0,100910.0
20090811:2000,25.35,84.45,0.0,-0.0,0.0,411.65,1.59,156.0,100910.0
20090811:2100,25.17,84.45,0.0,-0.0,0.0,405.65,1.93,162.0,100910.0
20090811:2200,24.99,84.4,0.0,-0.0,0.0,407.0,1.79,162.0,100920.0
20090811:2300,24.71,87.25,115.9,878.68,50.05,404.85,1.52,158.0,100970.0
20090812:0000,26.47,76.65,330.05,772.04,83.75,409.3,1.52,150.0,101020.0
20090812:0100,27.8,67.4,524.0,758.39,116.25,407.7,1.59,140.0,101070.0
20090812:0200,29.14,61.25,719.45,841.03,116.1,417.05,1.72,122.0,101060.0
20090812:0300,30.42,55.6,750.8,705.01,154.35,422.65,2.14,102.0,101020.0
20090812:0400,31.13,53.9,688.35,501.13,229.95,428.45,2.62,90.0,100920.0
20090812:0500,31.49,50.55,716.35,584.68,179.1,430.6,2.83,89.0,100820.0
20090812:0600,31.97,49.0,630.0,570.98,140.0,428.85,2.97,87.0,100690.0
20090812:0700,31.82,49.0,487.4,514.1,108.65,437.95,3.1,80.0,100640.0
20090812:0800,31.62,50.55,280.65,346.45,85.65,431.35,2.97,77.0,100600.0
20090812:0900,31.0,52.15,106.3,170.51,46.9,434.3,2.48,79.0,100630.0
20090812:1000,30.25,53.8,7.0,20.39,4.8,429.05,2.62,83.0,100670.0
20090812:1100,29.37,61.25,0.0,-0.0,0.0,430.2,2.41,92.0,100720.0
20090812:1200,28.75,63.3,0.0,-0.0,0.0,430.0,2.62,102.0,100770.0
20090812:1300,28.18,67.5,0.0,-0.0,0.0,428.65,2.83,106.0,100850.0
20090812:1400,27.68,72.0,0.0,-0.0,0.0,418.6,3.03,111.0,100910.0
20090812:1500,27.24,74.3,0.0,-0.0,0.0,415.3,2.76,115.0,100900.0
20090812:1600,26.92,76.7,0.0,-0.0,0.0,417.25,2.28,113.0,100890.0
20090812:1700,26.59,81.85,0.0,-0.0,0.0,412.0,1.93,111.0,100870.0
20090812:1800,26.21,81.85,0.0,-0.0,0.0,409.9,1.72,109.0,100800.0
20090812:1900,25.99,84.5,0.0,-0.0,0.0,409.3,1.79,108.0,100760.0
20090812:2000,25.81,84.5,0.0,-0.0,0.0,411.45,1.86,115.0,100750.0
20090812:2100,25.59,84.5,0.0,-0.0,0.0,408.35,1.93,125.0,100780.0
20090812:2200,25.38,87.3,0.0,-0.0,0.0,408.15,1.79,136.0,100820.0
20090812:2300,25.17,87.3,114.65,878.74,47.5,405.45,1.72,146.0,100870.0
20090813:0000,26.62,76.7,290.45,659.36,78.9,409.5,1.86,146.0,100920.0
20090813:0100,27.8,69.65,484.5,684.76,114.95,415.8,2.0,138.0,100970.0
20090813:0200,29.03,63.3,522.25,506.71,157.65,426.15,2.28,125.0,100970.0
20090813:0300,29.83,59.35,711.2,665.84,146.45,423.65,2.41,113.0,100910.0
20090813:0400,30.8,55.75,702.65,549.73,198.65,431.0,2.62,100.0,100830.0
20090813:0500,31.21,52.25,766.5,643.54,173.95,435.85,2.83,86.0,100730.0
20090813:0600,31.77,50.7,630.5,562.87,146.55,436.8,2.9,79.0,100630.0
20090813:0700,31.23,50.55,477.35,451.69,144.0,432.55,2.21,78.0,100640.0
20090813:0800,30.98,52.15,271.1,316.19,92.85,441.05,2.21,78.0,100620.0
20090813:0900,30.44,53.8,117.5,183.31,53.55,439.9,2.34,82.0,100610.0
20090813:1000,29.82,55.5,8.05,26.85,5.15,420.9,2.14,97.0,100630.0
20090813:1100,29.14,59.2,0.0,-0.0,0.0,421.3,2.41,107.0,100670.0
20090813:1200,28.35,65.3,0.0,-0.0,0.0,410.85,2.69,108.0,100710.0
20090813:1300,27.75,69.65,0.0,-0.0,0.0,409.1,2.69,109.0,100780.0
20090813:1400,27.32,74.3,0.0,-0.0,0.0,412.0,2.55,113.0,100830.0
20090813:1500,26.98,76.7,0.0,-0.0,0.0,411.85,2.28,119.0,100870.0
20090813:1600,26.58,79.2,0.0,-0.0,0.0,408.35,2.0,127.0,100870.0
20090813:1700,26.13,76.65,0.0,-0.0,0.0,405.85,1.86,137.0,100870.0
20090813:1800,25.79,79.15,0.0,-0.0,0.0,405.45,1.79,149.0,100820.0
20090813:1900,25.41,81.75,0.0,-0.0,0.0,404.1,1.72,149.0,100780.0
20090813:2000,25.01,84.4,0.0,-0.0,0.0,403.7,1.52,160.0,100790.0
20090813:2100,24.54,87.2,0.0,-0.0,0.0,398.45,1.59,166.0,100800.0
20090813:2200,24.18,84.35,0.0,-0.0,0.0,397.3,1.66,170.0,100810.0
20090813:2300,23.93,87.15,135.9,1118.11,48.75,392.85,1.72,173.0,100880.0
20090814:0000,25.97,74.1,357.9,856.81,81.4,391.5,1.52,162.0,100940.0
20090814:0100,27.56,65.1,585.75,901.43,97.4,395.85,1.45,138.0,100990.0
20090814:0200,29.19,57.3,755.25,895.84,108.7,401.75,1.86,121.0,101000.0
20090814:0300,30.58,52.05,876.5,898.68,112.3,408.15,2.28,110.0,100920.0
20090814:0400,31.69,45.85,848.05,744.37,164.05,413.2,2.48,99.0,100840.0
20090814:0500,32.43,44.45,781.5,661.84,170.85,424.0,2.76,90.0,100720.0
20090814:0600,32.85,41.65,693.0,630.38,150.0,421.3,3.1,81.0,100630.0
20090814:0700,32.87,41.65,527.2,561.23,112.3,425.4,3.03,73.0,100630.0
20090814:0800,32.67,41.65,332.85,436.49,86.4,431.55,2.83,69.0,100620.0
20090814:0900,32.06,44.3,134.55,237.88,51.45,426.75,2.55,75.0,100630.0
20090814:1000,30.96,48.75,8.5,31.45,5.1,414.55,2.28,81.0,100680.0
20090814:1100,29.83,57.4,0.0,-0.0,0.0,419.95,2.14,87.0,100750.0
20090814:1200,28.95,61.25,0.0,-0.0,0.0,419.95,2.48,95.0,100810.0
20090814:1300,28.21,67.5,0.0,-0.0,0.0,411.65,2.97,98.0,100890.0
20090814:1400,27.6,74.3,0.0,-0.0,0.0,408.35,3.03,99.0,100950.0
20090814:1500,27.2,74.3,0.0,-0.0,0.0,414.15,2.62,105.0,100980.0
20090814:1600,26.76,76.7,0.0,-0.0,0.0,404.45,2.34,115.0,101000.0
20090814:1700,26.41,79.2,0.0,-0.0,0.0,412.4,2.0,127.0,100970.0
20090814:1800,25.81,81.8,0.0,-0.0,0.0,401.0,1.79,129.0,100930.0
20090814:1900,25.51,84.45,0.0,-0.0,0.0,397.1,1.72,135.0,100890.0
20090814:2000,25.06,87.25,0.0,-0.0,0.0,398.1,1.72,142.0,100860.0
20090814:2100,24.44,90.1,0.0,-0.0,0.0,391.5,1.59,149.0,100850.0
20090814:2200,23.86,93.1,0.0,-0.0,0.0,389.75,1.52,162.0,100900.0
20090814:2300,23.51,93.05,135.6,1075.17,50.1,389.4,1.45,171.0,100940.0
20090815:0000,25.79,79.15,345.85,814.49,81.45,391.3,1.17,170.0,101010.0
20090815:0100,27.44,69.6,526.0,774.92,104.55,399.35,1.1,129.0,101060.0
20090815:0200,28.85,61.25,703.6,776.66,141.35,407.0,1.66,112.0,101110.0
20090815:0300,30.03,57.4,777.15,737.08,148.75,419.4,2.07,107.0,101030.0
20090815:0400,30.89,52.15,764.7,673.09,144.8,415.1,2.28,99.0,100960.0
20090815:0500,31.55,48.9,760.5,649.41,160.1,425.4,2.48,88.0,100840.0
20090815:0600,32.12,47.4,632.4,590.4,122.9,419.0,2.83,83.0,100730.0
20090815:0700,31.84,47.4,514.1,545.85,109.9,429.85,2.83,82.0,100700.0
20090815:0800,31.75,47.4,347.55,467.59,83.15,426.75,2.62,89.0,100680.0
20090815:0900,31.33,47.25,137.4,259.74,46.55,423.65,2.41,103.0,100660.0
20090815:1000,30.49,52.05,8.3,29.59,5.1,421.1,2.55,117.0,100710.0
20090815:1100,29.35,59.2,0.0,-0.0,0.0,418.6,2.9,118.0,100750.0
20090815:1200,28.43,65.3,0.0,-0.0,0.0,416.3,2.76,108.0,100840.0
20090815:1300,27.83,69.65,0.0,-0.0,0.0,410.3,2.55,101.0,100910.0
20090815:1400,27.32,74.3,0.0,-0.0,0.0,410.3,2.14,98.0,100960.0
20090815:1500,27.07,76.7,0.0,-0.0,0.0,417.45,1.93,103.0,100990.0
20090815:1600,26.63,76.7,0.0,-0.0,0.0,407.0,1.52,122.0,100970.0
20090815:1700,26.19,79.2,0.0,-0.0,0.0,413.75,1.24,145.0,100960.0
20090815:1800,25.63,81.8,0.0,-0.0,0.0,407.95,1.31,169.0,100890.0
20090815:1900,25.09,84.45,0.0,-0.0,0.0,401.55,1.45,190.0,100860.0
20090815:2000,24.73,84.4,0.0,-0.0,0.0,403.9,1.45,189.0,100810.0
20090815:2100,24.17,87.2,0.0,-0.0,0.0,396.35,1.38,189.0,100820.0
20090815:2200,23.75,90.1,0.0,-0.0,0.0,395.0,1.24,188.0,100850.0
20090815:2300,23.57,90.1,127.7,938.97,51.5,396.35,1.24,187.0,100900.0
20090816:0000,26.13,74.15,350.5,782.97,94.8,401.55,1.1,182.0,100970.0
20090816:0100,27.74,65.2,564.3,845.6,102.6,403.05,1.03,145.0,101000.0
20090816:0200,29.28,59.2,730.3,847.61,114.8,412.2,1.52,113.0,101020.0
20090816:0300,30.6,53.8,813.0,771.26,153.75,415.7,2.21,98.0,100950.0
20090816:0400,31.42,50.55,805.55,678.07,179.65,421.7,2.55,92.0,100840.0
20090816:0500,32.12,47.4,735.75,582.15,196.45,428.3,2.76,90.0,100730.0
20090816:0600,32.53,45.95,630.5,528.43,173.65,429.65,2.83,88.0,100630.0
20090816:0700,32.24,45.95,522.3,528.31,130.45,433.5,3.17,86.0,100580.0
20090816:0800,32.2,45.95,353.95,465.34,90.45,429.85,3.24,82.0,100570.0
20090816:0900,31.91,47.4,131.1,236.89,48.15,424.0,3.45,78.0,100560.0
20090816:1000,30.84,52.15,7.95,26.35,5.1,426.55,3.24,87.0,100630.0
20090816:1100,29.57,63.3,0.0,-0.0,0.0,423.65,3.1,93.0,100690.0
20090816:1200,28.75,65.4,0.0,-0.0,0.0,420.35,3.03,101.0,100760.0
20090816:1300,28.2,69.75,0.0,-0.0,0.0,422.3,3.03,105.0,100850.0
20090816:1400,27.83,74.4,0.0,-0.0,0.0,425.2,2.97,105.0,100890.0
20090816:1500,27.55,76.8,0.0,-0.0,0.0,423.65,2.55,107.0,100960.0
20090816:1600,27.17,76.8,0.0,-0.0,0.0,419.2,2.07,108.0,100960.0
20090816:1700,26.73,79.3,0.0,-0.0,0.0,410.1,1.86,105.0,100930.0
20090816:1800,26.45,79.2,0.0,-0.0,0.0,412.6,1.79,98.0,100870.0
20090816:1900,26.02,81.8,0.0,-0.0,0.0,405.85,1.45,141.0,100850.0
20090816:2000,25.44,84.45,0.0,-0.0,0.0,401.2,1.52,158.0,100850.0
20090816:2100,25.02,87.25,0.0,-0.0,0.0,402.75,1.59,164.0,100840.0
20090816:2200,24.63,84.4,0.0,-0.0,0.0,397.7,1.66,164.0,100890.0
20090816:2300,24.62,84.4,135.9,1008.06,52.4,403.5,1.72,161.0,100930.0
20090817:0000,26.54,74.15,347.3,780.8,90.75,396.75,1.72,152.0,100960.0
20090817:0100,28.03,67.4,581.3,858.75,110.55,403.6,1.59,132.0,101030.0
20090817:0200,29.56,61.25,748.85,863.93,119.55,413.2,1.79,113.0,101030.0
20090817:0300,30.89,53.9,794.85,702.4,192.9,413.0,2.28,104.0,100990.0
20090817:0400,31.84,49.0,850.7,749.98,156.85,423.65,2.41,94.0,100890.0
20090817:0500,32.61,47.5,795.95,704.87,141.65,420.9,2.69,82.0,100810.0
20090817:0600,32.95,44.55,698.35,641.51,142.75,423.85,2.9,73.0,100700.0
20090817:0700,32.6,47.5,525.0,554.87,112.8,425.55,3.1,79.0,100690.0
20090817:0800,32.34,47.5,307.3,363.47,101.2,429.05,2.48,97.0,100670.0
20090817:0900,31.8,47.4,133.3,243.78,47.85,438.15,2.55,107.0,100650.0
20090817:1000,31.05,50.45,8.7,28.67,5.6,426.15,2.48,109.0,100640.0
20090817:1100,29.9,59.35,0.0,-0.0,0.0,414.9,2.55,105.0,100710.0
20090817:1200,28.97,65.4,0.0,-0.0,0.0,409.5,2.83,103.0,100770.0
20090817:1300,28.32,69.75,0.0,-0.0,0.0,415.1,3.24,103.0,100840.0
20090817:1400,27.8,74.4,0.0,-0.0,0.0,413.4,3.31,103.0,100900.0
20090817:1500,27.34,76.8,0.0,-0.0,0.0,411.25,2.83,104.0,100950.0
20090817:1600,26.95,79.3,0.0,-0.0,0.0,406.4,2.28,110.0,100960.0
20090817:1700,26.53,81.85,0.0,-0.0,0.0,405.05,2.07,121.0,100920.0
20090817:1800,26.07,84.5,0.0,-0.0,0.0,404.85,1.93,130.0,100870.0
20090817:1900,25.71,81.8,0.0,-0.0,0.0,404.3,1.72,138.0,100810.0
20090817:2000,25.25,84.45,0.0,-0.0,0.0,397.3,1.79,137.0,100820.0
20090817:2100,24.83,84.4,0.0,-0.0,0.0,396.15,1.86,139.0,100840.0
20090817:2200,24.49,87.2,0.0,-0.0,0.0,396.55,1.93,147.0,100910.0
20090817:2300,24.38,87.2,142.35,1106.29,48.8,393.05,2.07,163.0,100980.0
20090818:0000,25.95,76.6,361.5,818.63,90.85,398.1,2.14,166.0,101020.0
20090818:0100,27.55,67.3,587.4,867.93,109.7,397.05,2.28,156.0,101110.0
20090818:0200,29.22,59.2,765.6,895.8,111.05,398.65,2.28,139.0,101100.0
20090818:0300,30.67,50.45,813.6,772.96,149.45,403.3,2.62,119.0,101040.0
20090818:0400,31.74,45.85,907.8,838.62,130.2,415.7,3.17,105.0,100950.0
20090818:0500,32.49,42.95,819.6,704.12,164.7,413.95,3.79,96.0,100820.0
20090818:0600,32.73,41.65,734.7,670.64,152.85,414.15,4.21,92.0,100730.0
20090818:0700,32.85,41.65,579.55,620.08,118.2,412.6,4.07,85.0,100710.0
20090818:0800,32.57,42.95,369.1,501.18,84.55,408.35,4.28,85.0,100690.0
20090818:0900,31.77,44.3,152.5,284.6,52.65,404.65,4.41,85.0,100710.0
20090818:1000,30.49,52.05,9.05,33.32,5.45,404.1,4.14,89.0,100740.0
20090818:1100,29.17,59.2,0.0,-0.0,0.0,399.65,3.72,98.0,100840.0
20090818:1200,28.29,63.2,0.0,-0.0,0.0,395.75,3.86,103.0,100910.0
20090818:1300,27.65,67.4,0.0,-0.0,0.0,393.85,3.79,105.0,100990.0
20090818:1400,27.16,71.9,0.0,-0.0,0.0,392.45,3.52,106.0,101070.0
20090818:1500,26.79,76.7,0.0,-0.0,0.0,395.0,2.83,105.0,101110.0
20090818:1600,26.48,79.2,0.0,-0.0,0.0,395.95,2.48,112.0,101140.0
20090818:1700,25.99,81.8,0.0,-0.0,0.0,390.35,2.28,124.0,101090.0
20090818:1800,25.54,84.45,0.0,-0.0,0.0,389.55,2.28,137.0,101020.0
20090818:1900,25.25,81.75,0.0,-0.0,0.0,389.0,2.34,149.0,100960.0
20090818:2000,24.85,81.7,0.0,-0.0,0.0,389.55,2.21,155.0,100940.0
20090818:2100,24.37,84.35,0.0,-0.0,0.0,381.65,2.14,164.0,100970.0
20090818:2200,23.98,84.35,0.0,-0.0,0.0,383.55,2.07,170.0,101020.0
20090818:2300,23.68,81.55,139.65,1017.5,51.8,380.3,2.0,171.0,101100.0
20090819:0000,25.29,71.6,375.25,878.29,83.05,377.55,1.93,163.0,101150.0
20090819:0100,27.29,60.9,585.3,859.08,110.55,382.15,2.0,148.0,101210.0
20090819:0200,29.2,51.8,764.9,867.75,128.85,387.65,2.28,128.0,101240.0
20090819:0300,30.63,47.0,876.7,871.71,125.75,395.0,2.69,110.0,101170.0
20090819:0400,31.79,42.85,935.55,878.97,118.7,399.65,3.1,97.0,101130.0
20090819:0500,32.52,41.55,858.95,771.09,140.35,403.3,3.24,91.0,100980.0
20090819:0600,32.99,37.65,753.25,707.11,138.7,405.85,3.38,88.0,100880.0
20090819:0700,33.29,37.75,574.4,618.75,113.35,408.55,3.66,94.0,100800.0
20090819:0800,33.07,37.65,390.9,545.15,81.0,406.0,3.66,94.0,100740.0
20090819:0900,32.51,40.15,141.1,259.45,50.0,404.65,3.72,92.0,100720.0
20090819:1000,31.27,44.2,10.15,36.59,6.2,401.55,3.79,83.0,100740.0
20090819:1100,29.9,53.7,0.0,-0.0,0.0,402.35,3.66,78.0,100820.0
20090819:1200,28.89,59.2,0.0,-0.0,0.0,395.2,3.38,85.0,100890.0
20090819:1300,28.17,63.2,0.0,-0.0,0.0,392.85,2.83,94.0,100980.0
20090819:1400,27.48,69.6,0.0,-0.0,0.0,392.3,2.14,107.0,101070.0
20090819:1500,26.73,71.85,0.0,-0.0,0.0,392.45,1.66,136.0,101110.0
20090819:1600,25.69,76.6,0.0,-0.0,0.0,382.8,1.45,162.0,101120.0
20090819:1700,24.6,81.7,0.0,-0.0,0.0,376.6,1.59,181.0,101090.0
20090819:1800,23.78,84.35,0.0,-0.0,0.0,371.75,1.79,186.0,101020.0
20090819:1900,23.16,81.5,0.0,-0.0,0.0,370.6,1.79,174.0,100980.0
20090819:2000,22.6,84.25,0.0,-0.0,0.0,369.65,1.79,172.0,100980.0
20090819:2100,22.18,84.15,0.0,-0.0,0.0,373.3,1.66,168.0,100990.0
20090819:2200,21.74,87.0,0.0,-0.0,0.0,368.1,1.72,165.0,101070.0
20090819:2300,21.4,86.95,149.75,1105.89,52.25,363.85,1.66,173.0,101140.0
20090820:0000,24.59,69.15,378.55,862.13,89.9,366.75,1.52,176.0,101190.0
20090820:0100,27.01,56.85,597.35,866.65,116.45,367.6,1.66,167.0,101230.0
20090820:0200,28.93,43.65,743.35,854.69,114.9,375.05,1.52,156.0,101210.0
20090820:0300,30.51,39.65,867.7,847.9,135.35,382.4,1.66,128.0,101120.0
20090820:0400,31.79,36.1,920.35,833.53,144.0,384.75,2.14,112.0,101030.0
20090820:0500,32.68,33.95,849.25,753.58,145.6,391.9,2.62,104.0,100880.0
20090820:0600,33.13,33.95,772.85,747.66,121.95,395.75,2.83,98.0,100740.0
20090820:0700,32.94,35.15,583.05,619.46,120.8,399.45,2.21,82.0,100730.0
20090820:0800,32.81,33.95,375.7,500.06,91.1,399.45,2.48,76.0,100660.0
20090820:0900,32.26,36.25,152.9,279.18,54.8,402.55,3.17,73.0,100650.0
20090820:1000,30.97,44.05,7.45,19.94,5.3,402.75,3.59,74.0,100670.0
20090820:1100,29.47,53.55,0.0,-0.0,0.0,402.15,3.52,84.0,100740.0
20090820:1200,28.58,61.1,0.0,-0.0,0.0,415.5,3.59,96.0,100820.0
20090820:1300,27.95,65.2,0.0,-0.0,0.0,412.6,3.52,104.0,100930.0
20090820:1400,27.41,67.3,0.0,-0.0,0.0,405.85,3.1,114.0,101000.0
20090820:1500,26.93,67.2,0.0,-0.0,0.0,405.45,2.62,127.0,101050.0
20090820:1600,26.35,67.15,0.0,-0.0,0.0,398.65,2.41,141.0,101030.0
20090820:1700,25.75,67.05,0.0,-0.0,0.0,393.05,2.21,156.0,101020.0
20090820:1800,25.23,66.95,0.0,-0.0,0.0,394.0,2.0,168.0,100960.0
20090820:1900,24.64,71.5,0.0,-0.0,0.0,391.3,1.93,185.0,100870.0
20090820:2000,24.09,73.85,0.0,-0.0,0.0,384.35,1.86,194.0,100880.0
20090820:2100,23.58,73.75,0.0,-0.0,0.0,381.05,1.79,199.0,100890.0
20090820:2200,23.07,76.2,0.0,-0.0,0.0,377.0,1.79,203.0,100960.0
20090820:2300,22.7,78.75,146.35,1042.92,52.45,374.85,1.66,209.0,101020.0
20090821:0000,24.75,66.85,371.85,862.99,81.05,377.0,1.31,211.0,101070.0
20090821:0100,26.9,53.1,584.2,855.89,107.3,388.9,1.17,194.0,101090.0
20090821:0200,28.61,42.05,753.65,861.27,118.35,385.1,1.1,163.0,101100.0
20090821:0300,29.97,38.15,849.45,808.05,149.7,404.45,1.17,136.0,101040.0
20090821:0400,31.07,35.85,912.75,789.84,175.45,406.2,1.31,115.0,100970.0
20090821:0500,32.07,32.55,799.15,670.2,172.15,405.25,1.72,97.0,100850.0
20090821:0600,32.42,31.55,660.95,569.7,164.15,416.45,2.28,85.0,100740.0
20090821:0700,31.97,36.1,529.65,525.58,136.9,404.65,2.55,74.0,100750.0
20090821:0800,31.84,36.1,317.8,347.25,119.95,410.45,2.97,71.0,100680.0
20090821:0900,31.23,37.25,126.0,198.24,56.3,405.65,3.03,67.0,100670.0
20090821:1000,30.16,42.45,8.3,30.19,5.05,408.35,2.62,68.0,100690.0
20090821:1100,29.09,50.05,0.0,-0.0,0.0,410.85,2.0,77.0,100760.0
20090821:1200,28.3,53.45,0.0,-0.0,0.0,401.2,1.86,91.0,100840.0
20090821:1300,27.76,57.05,0.0,-0.0,0.0,403.1,1.93,104.0,100930.0
20090821:1400,27.2,60.9,0.0,-0.0,0.0,398.85,1.93,113.0,101000.0
20090821:1500,26.68,65.0,0.0,-0.0,0.0,396.9,1.79,121.0,101030.0
20090821:1600,26.13,69.4,0.0,-0.0,0.0,395.95,1.79,130.0,101030.0
20090821:1700,25.64,71.65,0.0,-0.0,0.0,398.1,1.72,137.0,101000.0
20090821:1800,25.08,76.45,0.0,-0.0,0.0,395.55,1.59,146.0,100940.0
20090821:1900,24.01,81.55,0.0,-0.0,0.0,380.45,1.45,168.0,100890.0
20090821:2000,23.4,84.25,0.0,-0.0,0.0,384.55,1.38,182.0,100910.0
20090821:2100,22.9,84.25,0.0,-0.0,0.0,380.3,1.52,197.0,100900.0
20090821:2200,22.61,84.25,0.0,-0.0,0.0,381.05,1.72,208.0,100940.0
20090821:2300,22.6,87.1,151.1,1069.04,52.8,383.55,1.66,210.0,101000.0
20090822:0000,25.4,71.6,381.7,865.52,88.15,376.4,1.59,203.0,101060.0
20090822:0100,27.37,58.9,609.5,907.92,101.5,387.35,1.38,190.0,101090.0
20090822:0200,28.99,51.8,791.85,921.79,109.75,388.4,1.38,168.0,101090.0
20090822:0300,30.42,47.0,891.2,884.33,123.4,394.2,1.59,145.0,100990.0
20090822:0400,31.65,42.85,896.65,786.23,161.1,400.8,1.93,124.0,100890.0
20090822:0500,32.47,38.8,817.4,675.12,184.6,403.9,2.55,111.0,100770.0
20090822:0600,33.01,35.15,677.25,557.79,190.05,419.95,2.97,104.0,100650.0
20090822:0700,32.54,40.15,555.8,588.81,115.2,427.7,3.17,82.0,100640.0
20090822:0800,32.3,38.8,339.4,428.86,94.8,420.35,3.45,75.0,100590.0
20090822:0900,31.74,38.7,144.9,252.44,56.1,422.65,3.45,72.0,100590.0
20090822:1000,30.81,42.6,7.95,21.87,5.6,418.2,3.1,72.0,100630.0
20090822:1100,29.68,50.2,0.0,-0.0,0.0,418.8,2.69,76.0,100690.0
20090822:1200,28.84,57.3,0.0,-0.0,0.0,414.35,2.76,87.0,100760.0
20090822:1300,28.29,61.1,0.0,-0.0,0.0,421.5,3.1,100.0,100830.0
20090822:1400,27.77,65.2,0.0,-0.0,0.0,418.8,3.24,106.0,100910.0
20090822:1500,27.13,69.6,0.0,-0.0,0.0,405.05,3.03,110.0,100930.0
20090822:1600,26.49,74.15,0.0,-0.0,0.0,390.95,2.62,118.0,100930.0
20090822:1700,26.06,76.6,0.0,-0.0,0.0,395.4,2.07,129.0,100900.0
20090822:1800,25.52,76.5,0.0,-0.0,0.0,391.7,1.79,144.0,100860.0
20090822:1900,25.02,81.7,0.0,-0.0,0.0,385.3,1.79,152.0,100840.0
20090822:2000,24.46,81.65,0.0,-0.0,0.0,386.1,1.79,159.0,100820.0
20090822:2100,23.74,84.35,0.0,-0.0,0.0,380.1,1.66,163.0,100850.0
20090822:2200,23.01,90.05,0.0,-0.0,0.0,378.35,1.52,174.0,100880.0
20090822:2300,22.68,90.05,159.7,1164.39,50.35,377.75,1.52,189.0,100940.0
20090823:0000,25.68,71.65,390.45,905.43,81.35,377.95,1.38,193.0,101000.0
20090823:0100,27.58,58.9,622.4,934.92,97.1,383.7,1.17,186.0,101040.0
20090823:0200,29.17,50.05,796.5,912.19,119.35,392.3,0.83,162.0,101050.0
20090823:0300,30.52,47.0,902.0,893.24,124.45,397.5,0.9,116.0,100980.0
20090823:0400,31.67,41.4,838.75,712.94,170.3,402.55,1.45,86.0,100920.0
20090823:0500,32.25,38.8,825.75,694.94,173.15,413.75,1.93,76.0,100790.0
20090823:0600,32.68,37.65,595.9,479.0,176.85,410.85,2.28,73.0,100670.0
20090823:0700,32.34,40.15,530.45,544.2,122.7,429.45,2.62,76.0,100670.0
20090823:0800,32.37,40.15,294.8,330.7,106.0,411.45,2.9,78.0,100670.0
20090823:0900,31.71,41.4,110.15,158.7,54.3,425.0,3.38,82.0,100670.0
20090823:1000,30.6,47.0,8.5,27.98,5.5,407.0,3.45,90.0,100690.0
20090823:1100,29.29,53.55,0.0,-0.0,0.0,397.1,3.38,102.0,100740.0
20090823:1200,28.44,59.1,0.0,-0.0,0.0,403.5,3.66,112.0,100790.0
20090823:1300,27.75,63.1,0.0,-0.0,0.0,402.75,3.52,118.0,100880.0
20090823:1400,27.17,67.3,0.0,-0.0,0.0,399.85,3.17,121.0,100930.0
20090823:1500,26.52,71.75,0.0,-0.0,0.0,387.45,2.55,126.0,100980.0
20090823:1600,25.99,74.1,0.0,-0.0,0.0,389.4,2.07,137.0,100990.0
20090823:1700,25.37,74.0,0.0,-0.0,0.0,387.85,1.79,154.0,100960.0
20090823:1800,24.65,76.45,0.0,-0.0,0.0,382.4,1.66,171.0,100910.0
20090823:1900,24.1,78.95,0.0,-0.0,0.0,374.85,2.0,167.0,100910.0
20090823:2000,23.54,81.5,0.0,-0.0,0.0,371.0,2.0,172.0,100880.0
20090823:2100,23.07,78.85,0.0,-0.0,0.0,373.9,1.86,174.0,100920.0
20090823:2200,22.49,84.15,0.0,-0.0,0.0,370.4,1.79,175.0,100940.0
20090823:2300,22.04,87.0,162.75,1153.63,52.1,365.4,1.72,179.0,100980.0
20090824:0000,24.79,71.5,396.4,904.14,85.7,365.75,1.38,178.0,101060.0
20090824:0100,26.88,58.8,630.15,935.52,102.3,377.85,1.1,164.0,101080.0
20090824:0200,28.68,50.05,812.95,945.15,109.1,379.1,1.1,143.0,101090.0
20090824:0300,30.22,45.45,912.55,886.86,138.55,384.95,1.17,119.0,101020.0
20090824:0400,31.37,39.9,944.15,854.91,140.85,389.75,1.38,90.0,100940.0
20090824:0500,32.21,35.0,914.1,843.04,120.95,398.1,1.72,71.0,100830.0
20090824:0600,32.66,33.95,700.05,602.02,172.55,394.4,2.07,63.0,100700.0
20090824:0700,32.22,37.5,526.3,495.59,154.5,413.75,2.41,54.0,100670.0
20090824:0800,31.74,40.0,319.65,393.14,95.0,418.0,2.97,55.0,100640.0
20090824:0900,30.95,42.6,125.8,224.85,46.65,412.4,3.17,56.0,100630.0
20090824:1000,30.06,45.35,7.8,25.71,5.05,411.65,2.76,64.0,100670.0
20090824:1100,29.14,50.05,0.0,-0.0,0.0,411.85,2.34,75.0,100740.0
20090824:1200,28.37,55.3,0.0,-0.0,0.0,406.4,2.55,87.0,100800.0
20090824:1300,27.87,59.0,0.0,-0.0,0.0,412.4,3.03,95.0,100910.0
20090824:1400,27.36,63.0,0.0,-0.0,0.0,412.2,3.31,100.0,100980.0
20090824:1500,26.88,67.2,0.0,-0.0,0.0,408.35,3.1,104.0,101030.0
20090824:1600,26.4,69.4,0.0,-0.0,0.0,400.4,2.69,109.0,101040.0
20090824:1700,26.03,71.65,0.0,-0.0,0.0,401.2,2.34,118.0,101010.0
20090824:1800,25.6,71.65,0.0,-0.0,0.0,395.55,2.0,134.0,100950.0
20090824:1900,25.19,74.0,0.0,-0.0,0.0,391.9,1.93,150.0,100930.0
20090824:2000,24.73,76.45,0.0,-0.0,0.0,390.55,1.86,163.0,100920.0
20090824:2100,24.31,76.35,0.0,-0.0,0.0,392.45,1.66,168.0,100940.0
20090824:2200,23.78,78.9,0.0,-0.0,0.0,388.0,1.59,172.0,100960.0
20090824:2300,23.34,84.25,139.3,785.02,62.4,379.9,1.66,176.0,100990.0
20090825:0000,25.44,69.25,339.8,623.24,124.2,387.85,1.52,165.0,101040.0
20090825:0100,27.03,58.8,583.4,774.15,144.75,400.15,1.59,146.0,101070.0
20090825:0200,28.51,51.65,750.15,790.55,159.55,393.25,1.72,128.0,101070.0
20090825:0300,29.7,48.5,866.8,808.92,159.0,405.45,1.86,114.0,101030.0
20090825:0400,30.69,44.05,877.95,751.76,170.05,408.55,1.93,100.0,100920.0
20090825:0500,31.24,42.7,830.3,691.49,178.55,409.1,2.14,86.0,100800.0
20090825:0600,31.66,40.0,746.8,712.84,121.25,419.0,2.55,76.0,100680.0
20090825:0700,31.82,41.4,537.5,578.46,103.0,406.4,3.17,66.0,100660.0
20090825:0800,31.3,41.3,345.4,430.75,99.05,415.7,3.31,66.0,100630.0
20090825:0900,30.78,41.15,143.0,261.02,51.1,414.75,3.03,72.0,100620.0
20090825:1000,30.03,42.3,9.3,32.35,5.85,403.7,2.55,86.0,100640.0
20090825:1100,28.93,48.4,0.0,-0.0,0.0,393.65,2.14,96.0,100700.0
20090825:1200,28.05,55.15,0.0,-0.0,0.0,392.3,2.55,99.0,100760.0
20090825:1300,27.34,60.9,0.0,-0.0,0.0,393.05,3.17,99.0,100880.0
20090825:1400,26.68,65.0,0.0,-0.0,0.0,387.85,3.24,103.0,100950.0
20090825:1500,26.12,69.4,0.0,-0.0,0.0,384.15,2.83,109.0,100980.0
20090825:1600,25.57,74.0,0.0,-0.0,0.0,380.3,2.48,120.0,100990.0
20090825:1700,24.97,76.45,0.0,-0.0,0.0,378.15,2.21,135.0,100970.0
20090825:1800,24.27,76.35,0.0,-0.0,0.0,375.45,1.93,152.0,100940.0
20090825:1900,23.87,78.9,0.0,-0.0,0.0,377.0,2.07,154.0,100880.0
20090825:2000,23.3,78.85,0.0,-0.0,0.0,374.45,1.93,163.0,100870.0
20090825:2100,22.75,78.75,0.0,-0.0,0.0,371.0,1.79,173.0,100900.0
20090825:2200,22.16,81.4,0.0,-0.0,0.0,369.05,1.72,184.0,100920.0
20090825:2300,21.78,84.1,162.7,1076.54,55.0,367.5,1.59,196.0,101000.0
20090826:0000,24.66,66.85,409.2,938.4,82.4,369.65,1.1,200.0,101010.0
20090826:0100,26.95,54.95,631.65,935.18,99.5,374.95,0.55,184.0,101080.0
20090826:0200,28.64,45.2,812.8,942.48,106.45,381.25,0.69,126.0,101070.0
20090826:0300,30.11,42.3,910.65,898.72,122.25,387.65,1.24,95.0,101020.0
20090826:0400,31.23,38.55,941.4,872.07,118.45,392.85,1.79,81.0,100920.0
20090826:0500,31.99,37.35,890.0,814.54,120.9,396.35,2.14,74.0,100840.0
20090826:0600,32.37,36.25,758.25,693.75,148.55,400.4,2.34,75.0,100710.0
20090826:0700,32.31,35.0,595.55,628.12,123.2,400.2,2.9,81.0,100690.0
20090826:0800,32.11,34.9,395.9,543.9,84.6,396.75,2.97,83.0,100650.0
20090826:0900,31.53,34.75,162.75,316.66,51.25,390.75,2.97,86.0,100610.0
20090826:1000,30.44,38.3,10.1,38.09,6.05,390.35,2.97,88.0,100640.0
20090826:1100,28.99,48.4,0.0,-0.0,0.0,384.55,2.76,93.0,100690.0
20090826:1200,28.02,55.15,0.0,-0.0,0.0,384.75,3.1,99.0,100780.0
20090826:1300,27.26,60.9,0.0,-0.0,0.0,386.65,3.31,101.0,100870.0
20090826:1400,26.62,67.2,0.0,-0.0,0.0,382.6,3.1,105.0,100940.0
20090826:1500,26.11,71.75,0.0,-0.0,0.0,385.1,2.62,112.0,100960.0
20090826:1600,25.57,76.5,0.0,-0.0,0.0,382.0,2.28,123.0,100990.0
20090826:1700,24.9,76.45,0.0,-0.0,0.0,380.45,1.86,140.0,100940.0
20090826:1800,24.18,78.95,0.0,-0.0,0.0,380.85,1.66,161.0,100910.0
20090826:1900,23.56,84.25,0.0,-0.0,0.0,376.8,1.52,176.0,100870.0
20090826:2000,22.88,87.1,0.0,-0.0,0.0,376.4,1.52,192.0,100850.0
20090826:2100,22.4,87.05,0.0,-0.0,0.0,375.45,1.59,212.0,100890.0
20090826:2200,22.01,89.95,0.0,-0.0,0.0,374.3,1.66,224.0,100940.0
20090826:2300,21.91,87.0,163.15,1044.38,56.45,371.95,1.72,230.0,100990.0
20090827:0000,24.94,71.5,398.85,867.52,94.7,375.45,1.31,227.0,101020.0
20090827:0100,27.06,58.8,632.35,935.24,97.9,380.4,0.48,214.0,101020.0
20090827:0200,28.68,50.05,812.85,935.82,109.25,385.7,0.41,98.0,101000.0
20090827:0300,30.15,45.45,928.1,925.71,113.95,391.5,0.9,74.0,100950.0
20090827:0400,31.34,41.3,967.35,900.58,115.7,396.55,1.38,67.0,100850.0
20090827:0500,32.23,37.5,926.75,858.03,115.15,400.0,1.72,61.0,100760.0
20090827:0600,32.75,36.35,778.95,737.52,129.85,402.75,2.0,56.0,100660.0
20090827:0700,32.77,37.65,590.3,636.12,111.4,414.15,2.76,70.0,100600.0
20090827:0800,32.46,37.5,344.5,450.45,86.5,408.35,3.1,66.0,100600.0
20090827:0900,31.61,39.9,162.15,312.4,52.15,408.35,3.45,62.0,100610.0
20090827:1000,30.61,42.45,9.7,36.34,5.85,398.3,3.31,63.0,100650.0
20090827:1100,29.36,50.05,0.0,-0.0,0.0,396.35,2.48,68.0,100690.0
20090827:1200,28.61,53.45,0.0,-0.0,0.0,400.6,2.34,83.0,100750.0
20090827:1300,28.04,57.05,0.0,-0.0,0.0,402.15,2.55,99.0,100840.0
20090827:1400,27.48,60.9,0.0,-0.0,0.0,403.1,2.41,110.0,100910.0
20090827:1500,26.91,65.0,0.0,-0.0,0.0,395.75,2.28,119.0,100960.0
20090827:1600,26.29,67.15,0.0,-0.0,0.0,391.9,2.0,133.0,100970.0
20090827:1700,25.58,71.6,0.0,-0.0,0.0,385.5,1.79,148.0,100950.0
20090827:1800,24.73,71.5,0.0,-0.0,0.0,383.75,1.52,163.0,100900.0
20090827:1900,24.61,73.95,0.0,-0.0,0.0,397.1,1.66,166.0,100870.0
20090827:2000,24.01,78.9,0.0,-0.0,0.0,388.4,1.66,183.0,100850.0
20090827:2100,23.63,76.3,0.0,-0.0,0.0,392.65,1.59,190.0,100890.0
20090827:2200,23.05,81.45,0.0,-0.0,0.0,383.75,1.59,196.0,100910.0
20090827:2300,23.02,84.25,164.1,1038.58,55.75,389.95,1.52,198.0,100980.0
20090828:0000,25.52,66.95,403.25,908.44,82.6,384.35,1.17,190.0,101010.0
20090828:0100,27.22,58.9,634.85,935.71,97.85,391.05,0.9,156.0,101040.0
20090828:0200,28.76,51.8,814.3,936.04,108.3,391.1,0.83,122.0,101030.0
20090828:0300,30.14,48.65,924.9,919.73,113.95,397.3,1.1,95.0,101010.0
20090828:0400,31.24,44.2,951.55,874.17,123.15,403.9,1.45,80.0,100930.0
20090828:0500,32.06,42.85,880.0,753.71,165.85,411.25,1.79,72.0,100820.0
20090828:0600,32.47,41.55,682.15,568.39,181.2,416.1,2.0,72.0,100720.0
20090828:0700,32.8,41.65,505.85,488.82,137.45,425.75,1.72,46.0,100660.0
20090828:0800,32.28,44.45,359.7,437.69,108.85,425.95,2.55,38.0,100640.0
20090828:0900,31.33,48.9,160.25,307.04,52.15,423.65,3.17,36.0,100630.0
20090828:1000,30.07,55.5,9.2,32.21,5.8,407.55,3.24,41.0,100660.0
20090828:1100,28.92,59.2,0.0,-0.0,0.0,404.3,2.69,45.0,100720.0
20090828:1200,28.28,63.2,0.0,-0.0,0.0,401.55,2.07,53.0,100800.0
20090828:1300,27.94,65.2,0.0,-0.0,0.0,408.95,1.52,70.0,100870.0
20090828:1400,27.52,67.3,0.0,-0.0,0.0,407.95,1.38,92.0,100950.0
20090828:1500,27.05,71.85,0.0,-0.0,0.0,413.2,1.31,121.0,101000.0
20090828:1600,26.4,74.15,0.0,-0.0,0.0,406.8,1.38,149.0,101000.0
20090828:1700,25.61,76.6,0.0,-0.0,0.0,399.25,1.38,161.0,100980.0
20090828:1800,25.28,76.5,0.0,-0.0,0.0,409.5,1.31,163.0,100940.0
20090828:1900,25.01,76.45,0.0,-0.0,0.0,401.75,1.86,164.0,100890.0
20090828:2000,24.83,73.95,0.0,-0.0,0.0,401.95,2.0,174.0,100920.0
20090828:2100,24.42,73.85,0.0,-0.0,0.0,393.25,1.93,179.0,100940.0
20090828:2200,24.08,73.85,0.0,-0.0,0.0,393.25,1.79,184.0,101000.0
20090828:2300,23.86,76.3,166.35,1069.75,52.4,390.15,1.72,186.0,101070.0
20090829:0000,25.66,64.8,393.8,851.94,91.05,386.45,1.59,179.0,101120.0
20090829:0100,27.49,55.05,611.8,863.8,113.95,398.8,1.79,163.0,101150.0
20090829:0200,29.29,46.75,807.3,922.37,109.4,402.9,1.93,149.0,101120.0
20090829:0300,30.89,39.75,922.35,910.91,117.15,399.65,2.07,127.0,101060.0
20090829:0400,32.06,36.1,929.45,833.98,137.5,406.4,2.21,99.0,100950.0
20090829:0500,32.8,33.95,835.05,731.15,141.1,413.2,2.62,81.0,100850.0
20090829:0600,32.88,33.95,703.3,607.84,166.85,412.0,2.83,75.0,100730.0
20090829:0700,32.73,35.15,495.35,448.22,157.2,414.15,2.69,81.0,100710.0
20090829:0800,32.44,35.0,354.55,444.23,99.8,426.55,3.17,83.0,100650.0
20090829:0900,32.0,36.1,136.75,232.53,54.9,419.55,3.72,85.0,100620.0
20090829:1000,31.04,39.75,8.35,28.53,5.35,419.4,3.52,90.0,100650.0
20090829:1100,29.73,46.9,0.0,-0.0,0.0,400.2,3.03,99.0,100710.0
20090829:1200,28.87,51.8,0.0,-0.0,0.0,401.95,3.03,114.0,100770.0
20090829:1300,28.19,55.3,0.0,-0.0,0.0,410.65,2.97,126.0,100850.0
20090829:1400,27.44,60.9,0.0,-0.0,0.0,398.65,2.62,124.0,100940.0
20090829:1500,26.87,65.0,0.0,-0.0,0.0,396.95,2.34,126.0,101030.0
20090829:1600,26.35,67.15,0.0,-0.0,0.0,395.75,2.07,146.0,101050.0
20090829:1700,25.87,69.3,0.0,-0.0,0.0,396.35,2.14,168.0,100990.0
20090829:1800,25.31,69.25,0.0,-0.0,0.0,389.55,2.07,177.0,100920.0
20090829:1900,24.61,71.5,0.0,-0.0,0.0,382.2,1.79,184.0,100890.0
20090829:2000,24.06,76.3,0.0,-0.0,0.0,381.25,1.72,186.0,100910.0
20090829:2100,23.55,78.85,0.0,-0.0,0.0,380.45,1.66,184.0,100960.0
20090829:2200,23.15,78.85,0.0,-0.0,0.0,381.85,1.72,182.0,101010.0
20090829:2300,22.99,84.25,155.3,851.5,62.7,378.95,1.72,178.0,101080.0
20090830:0000,25.27,69.25,388.6,800.62,102.15,379.9,1.59,168.0,101110.0
20090830:0100,27.2,58.9,629.7,885.95,116.9,383.85,1.45,145.0,101160.0
20090830:0200,29.06,50.05,802.25,869.73,142.1,389.75,1.52,128.0,101150.0
20090830:0300,30.59,47.0,905.5,826.09,173.45,396.75,1.66,114.0,101070.0
20090830:0400,31.84,41.4,894.2,755.62,175.2,402.15,1.86,100.0,100960.0
20090830:0500,32.64,38.8,871.3,718.1,188.6,404.45,2.14,92.0,100840.0
20090830:0600,33.27,35.25,779.25,741.01,124.4,404.45,2.41,89.0,100720.0
20090830:0700,33.19,36.5,579.35,630.94,102.9,407.4,2.97,87.0,100670.0
20090830:0800,33.02,36.35,351.7,443.48,97.25,407.95,3.17,81.0,100640.0
20090830:0900,32.4,36.25,146.4,258.89,55.3,414.55,3.38,75.0,100630.0
20090830:1000,31.22,41.3,8.4,31.04,5.15,412.4,3.24,76.0,100730.0
20090830:1100,29.68,50.2,0.0,-0.0,0.0,399.65,2.83,83.0,100790.0
20090830:1200,28.76,57.3,0.0,-0.0,0.0,400.0,2.76,94.0,100900.0
20090830:1300,28.08,63.1,0.0,-0.0,0.0,397.5,2.69,103.0,100980.0
20090830:1400,27.55,69.6,0.0,-0.0,0.0,398.1,2.48,109.0,101060.0
20090830:1500,27.02,74.25,0.0,-0.0,0.0,396.95,2.0,114.0,101080.0
20090830:1600,26.52,76.65,0.0,-0.0,0.0,395.95,1.66,127.0,101100.0
20090830:1700,25.92,79.15,0.0,-0.0,0.0,397.7,1.52,148.0,101050.0
20090830:1800,25.14,81.75,0.0,-0.0,0.0,389.95,1.52,170.0,100990.0
20090830:1900,24.56,87.2,0.0,-0.0,0.0,392.1,1.52,203.0,100950.0
20090830:2000,24.15,87.2,0.0,-0.0,0.0,390.55,1.66,213.0,100970.0
20090830:2100,23.65,90.1,0.0,-0.0,0.0,386.3,1.59,211.0,100970.0
20090830:2200,23.14,90.05,0.0,-0.0,0.0,383.2,1.52,203.0,101050.0
20090830:2300,23.07,90.05,163.05,959.37,56.55,384.15,1.52,190.0,101120.0
20090831:0000,26.17,71.75,378.6,790.9,93.7,384.35,1.59,169.0,101190.0
20090831:0100,27.99,61.0,589.85,809.25,119.45,392.6,2.0,155.0,101210.0
20090831:0200,29.67,53.7,758.35,812.56,139.65,398.3,2.14,147.0,101200.0
20090831:0300,31.18,47.25,860.4,789.43,159.1,403.7,2.14,134.0,101140.0
20090831:0400,32.36,42.95,895.1,760.76,169.75,409.7,2.07,115.0,101030.0
20090831:0500,33.1,40.3,786.55,646.99,170.45,413.55,2.07,95.0,100900.0
20090831:0600,33.31,39.05,734.6,687.57,126.2,416.65,2.0,79.0,100780.0
20090831:0700,33.54,39.05,546.5,564.21,120.05,423.25,2.0,87.0,100760.0
20090831:0800,33.35,37.75,333.45,414.45,95.55,418.6,1.72,89.0,100710.0
20090831:0900,32.83,38.95,138.6,246.91,51.75,417.45,1.52,93.0,100710.0
20090831:1000,32.14,41.4,8.95,33.58,5.45,410.65,1.72,85.0,100720.0
20090831:1100,30.81,47.15,0.0,-0.0,0.0,404.1,1.66,82.0,100780.0
20090831:1200,29.64,55.5,0.0,-0.0,0.0,399.45,1.66,101.0,100830.0
20090831:1300,28.8,59.2,0.0,-0.0,0.0,402.75,1.66,121.0,100920.0
20090831:1400,28.0,63.1,0.0,-0.0,0.0,401.95,1.72,131.0,101010.0
20090831:1500,27.14,65.1,0.0,-0.0,0.0,392.85,1.72,138.0,101020.0
20090831:1600,22.37,85.45,0.0,-0.0,0.0,377.83,0.95,148.0,101000.0
20090831:1700,23.03,82.56,0.0,-0.0,0.0,379.52,1.15,159.0,100940.0
20090831:1800,23.69,79.66,0.0,-0.0,0.0,381.2,1.34,176.0,100880.0
20090831:1900,24.36,76.77,0.0,-0.0,0.0,382.89,1.54,199.0,100860.0
20090831:2000,25.02,73.87,0.0,-0.0,0.0,384.57,1.73,211.0,100840.0
20090831:2100,25.68,70.98,0.0,-0.0,0.0,386.26,1.93,216.0,100880.0
20090831:2200,26.35,68.08,0.0,-0.0,0.0,387.94,2.12,213.0,100930.0
20090831:2300,27.01,65.19,167.2,999.98,53.9,389.63,2.32,211.0,101010.0
20110901:0000,27.67,62.29,401.9,860.13,89.95,391.31,2.52,150.0,101040.0
20110901:0100,28.34,59.39,620.0,863.28,116.05,393.0,2.71,126.0,101070.0
20110901:0200,29.0,56.5,810.25,911.03,114.4,394.69,2.91,114.0,101070.0
20110901:0300,29.66,53.6,892.2,855.21,130.6,396.37,3.1,104.0,101010.0
20110901:0400,30.33,50.71,943.15,858.86,122.65,398.06,3.3,98.0,100910.0
20110901:0500,30.99,47.81,917.45,819.85,135.5,399.74,3.5,95.0,100800.0
20110901:0600,31.65,44.92,763.05,715.51,129.15,401.43,3.69,93.0,100700.0
20110901:0700,32.32,42.02,596.85,641.78,111.35,403.11,3.89,88.0,100670.0
20110901:0800,32.22,38.8,387.05,525.31,85.4,400.4,5.1,89.0,100660.0
20110901:0900,31.09,42.7,146.85,275.76,49.9,397.7,5.03,94.0,100660.0
20110901:1000,29.65,50.2,9.35,35.68,5.65,391.9,4.28,102.0,100680.0
20110901:1100,28.22,59.0,0.0,-0.0,0.0,383.2,3.38,114.0,100730.0
20110901:1200,27.3,65.1,0.0,-0.0,0.0,383.4,3.1,123.0,100780.0
20110901:1300,26.59,69.5,0.0,-0.0,0.0,378.15,2.9,125.0,100840.0
20110901:1400,26.03,71.75,0.0,-0.0,0.0,377.0,2.41,128.0,100900.0
20110901:1500,25.57,74.1,0.0,-0.0,0.0,378.35,2.28,136.0,100920.0
20110901:1600,25.16,79.1,0.0,-0.0,0.0,378.95,2.14,143.0,100940.0
20110901:1700,24.68,81.7,0.0,-0.0,0.0,378.15,1.93,147.0,100870.0
20110901:1800,24.19,84.35,0.0,-0.0,0.0,377.55,1.86,150.0,100830.0
20110901:1900,23.68,87.15,0.0,-0.0,0.0,375.65,1.86,162.0,100790.0
20110901:2000,23.22,90.05,0.0,-0.0,0.0,374.65,1.86,168.0,100810.0
20110901:2100,22.72,90.05,0.0,-0.0,0.0,372.55,1.72,168.0,100830.0
20110901:2200,22.32,93.05,0.0,-0.0,0.0,377.2,1.52,171.0,100890.0
20110901:2300,22.32,93.05,170.1,968.24,58.15,371.2,1.31,178.0,100960.0
20110902:0000,25.69,74.1,417.0,906.89,85.85,375.85,0.9,157.0,101000.0
20110902:0100,27.6,65.1,636.9,913.53,101.35,382.35,1.38,125.0,101030.0
20110902:0200,29.16,57.3,810.1,887.78,129.9,388.8,1.72,109.0,101030.0
20110902:0300,30.52,52.05,927.95,902.14,122.6,396.55,2.07,96.0,100970.0
20110902:0400,31.64,45.85,957.05,856.46,137.25,406.2,2.34,86.0,100890.0
20110902:0500,32.37,42.95,882.15,783.04,134.15,405.05,2.62,82.0,100800.0
20110902:0600,32.83,38.95,719.65,644.98,147.55,405.65,3.03,80.0,100720.0
20110902:0700,32.49,41.55,535.75,502.77,155.1,411.85,3.86,69.0,100680.0
20110902:0800,32.0,42.85,388.2,515.13,92.3,415.3,4.14,74.0,100660.0
20110902:0900,31.37,42.7,139.75,239.2,55.7,400.8,3.86,84.0,100660.0
20110902:1000,30.08,48.65,8.15,28.59,5.2,405.65,3.52,94.0,100710.0
20110902:1100,28.72,59.1,0.0,-0.0,0.0,401.0,3.24,104.0,100760.0
20110902:1200,27.77,67.3,0.0,-0.0,0.0,399.05,3.38,111.0,100820.0
20110902:1300,27.28,67.3,0.0,-0.0,0.0,411.05,3.38,109.0,100920.0
20110902:1400,26.77,71.85,0.0,-0.0,0.0,402.75,3.03,112.0,100970.0
20110902:1500,26.49,74.15,0.0,-0.0,0.0,407.2,2.83,115.0,101000.0
20110902:1600,26.03,74.15,0.0,-0.0,0.0,394.2,2.34,122.0,101020.0
20110902:1700,25.67,76.6,0.0,-0.0,0.0,397.7,2.07,136.0,100960.0
20110902:1800,25.05,79.1,0.0,-0.0,0.0,384.35,1.79,154.0,100930.0
20110902:1900,24.82,81.7,0.0,-0.0,0.0,389.4,2.07,163.0,100880.0
20110902:2000,24.42,81.65,0.0,-0.0,0.0,386.3,1.93,172.0,100880.0
20110902:2100,23.87,84.35,0.0,-0.0,0.0,379.9,1.86,186.0,100890.0
20110902:2200,23.33,87.1,0.0,-0.0,0.0,376.4,1.93,198.0,100940.0
20110902:2300,23.1,87.1,172.65,951.95,60.35,373.7,1.86,194.0,100960.0
20110903:0000,25.56,69.3,418.6,899.26,88.0,373.7,1.72,180.0,101020.0
20110903:0100,27.42,58.9,635.75,887.85,113.05,378.45,1.66,160.0,101060.0
20110903:0200,29.06,51.8,817.4,898.51,126.85,385.1,1.66,130.0,101090.0
20110903:0300,30.52,48.65,913.25,871.65,133.25,392.1,2.07,109.0,101040.0
20110903:0400,31.67,41.4,951.85,844.4,142.05,397.1,2.41,97.0,100970.0
20110903:0500,32.48,38.8,861.25,737.49,155.7,400.2,2.76,92.0,100870.0
20110903:0600,32.98,35.15,773.0,725.6,128.65,401.75,3.1,93.0,100800.0
20110903:0700,32.85,36.35,560.25,585.47,116.65,404.3,2.9,83.0,100770.0
20110903:0800,32.45,36.25,364.55,461.83,99.2,408.55,3.1,81.0,100730.0
20110903:0900,31.85,36.1,136.9,246.2,50.45,408.55,3.03,76.0,100720.0
20110903:1000,30.82,39.75,7.65,27.28,4.85,408.9,2.62,77.0,100740.0
20110903:1100,29.64,48.5,0.0,-0.0,0.0,407.95,2.21,75.0,100840.0
20110903:1200,28.79,55.3,0.0,-0.0,0.0,402.35,2.07,86.0,100940.0
20110903:1300,28.02,61.0,0.0,-0.0,0.0,399.25,2.14,103.0,101010.0
20110903:1400,27.39,65.1,0.0,-0.0,0.0,401.55,2.14,118.0,101070.0
20110903:1500,26.78,69.5,0.0,-0.0,0.0,399.45,2.21,134.0,101090.0
20110903:1600,26.26,71.75,0.0,-0.0,0.0,397.3,2.14,145.0,101090.0
20110903:1700,25.59,71.65,0.0,-0.0,0.0,386.1,2.0,158.0,101030.0
20110903:1800,25.02,74.0,0.0,-0.0,0.0,385.3,2.07,172.0,101000.0
20110903:1900,24.64,79.05,0.0,-0.0,0.0,382.0,2.14,179.0,100970.0
20110903:2000,24.17,78.95,0.0,-0.0,0.0,379.5,2.14,182.0,100970.0
20110903:2100,23.73,78.9,0.0,-0.0,0.0,377.0,2.14,180.0,100960.0
20110903:2200,23.34,81.5,0.0,-0.0,0.0,374.1,2.14,176.0,101010.0
20110903:2300,23.18,81.5,168.75,919.89,58.05,371.4,2.0,175.0,101080.0
20110904:0000,25.35,69.25,420.25,888.87,91.25,373.5,1.72,169.0,101120.0
20110904:0100,27.27,58.9,629.3,855.53,123.5,378.25,1.38,148.0,101160.0
20110904:0200,29.16,50.05,794.95,844.58,143.85,385.5,1.72,125.0,101180.0
20110904:0300,30.81,44.05,895.4,839.26,142.6,392.3,2.41,115.0,101120.0
20110904:0400,31.97,40.0,922.45,806.23,147.8,397.1,2.76,109.0,101010.0
20110904:0500,32.74,36.35,883.5,789.0,127.55,400.0,2.9,96.0,100900.0
20110904:0600,33.18,34.05,754.7,696.51,135.5,401.55,3.17,85.0,100820.0
20110904:0700,32.72,36.35,553.15,545.82,139.3,406.8,3.24,82.0,100790.0
20110904:0800,32.3,36.25,341.3,435.81,90.85,416.65,3.66,80.0,100760.0
20110904:0900,31.71,37.35,150.95,284.72,51.05,402.55,4.0,80.0,100750.0
20110904:1000,30.46,45.45,7.75,23.03,5.4,397.3,3.59,85.0,100810.0
20110904:1100,29.24,53.55,0.0,-0.0,0.0,412.0,2.9,97.0,100870.0
20110904:1200,28.44,61.0,0.0,-0.0,0.0,409.1,2.83,110.0,100940.0
20110904:1300,27.71,67.3,0.0,-0.0,0.0,399.25,2.62,119.0,101020.0
20110904:1400,27.04,67.3,0.0,-0.0,0.0,393.25,2.41,125.0,101070.0
20110904:1500,26.51,71.85,0.0,-0.0,0.0,393.85,2.14,132.0,101100.0
20110904:1600,26.06,74.15,0.0,-0.0,0.0,394.8,1.93,136.0,101130.0
20110904:1700,25.5,76.6,0.0,-0.0,0.0,388.0,1.86,142.0,101070.0
20110904:1800,24.91,84.4,0.0,-0.0,0.0,383.95,1.86,152.0,101020.0
20110904:1900,24.45,84.35,0.0,-0.0,0.0,382.2,1.93,171.0,100990.0
20110904:2000,23.92,87.15,0.0,-0.0,0.0,380.3,1.79,180.0,100960.0
20110904:2100,23.44,90.05,0.0,-0.0,0.0,379.1,1.79,186.0,100970.0
20110904:2200,23.05,87.1,0.0,-0.0,0.0,379.7,1.79,191.0,101020.0
20110904:2300,22.9,90.05,169.1,888.91,60.0,377.4,1.66,190.0,101070.0
20110905:0000,25.81,74.1,415.05,872.16,90.05,380.1,1.45,176.0,101110.0
20110905:0100,27.74,65.1,637.45,891.62,108.1,387.15,1.24,148.0,101160.0
20110905:0200,29.56,55.5,778.65,821.65,143.3,395.95,1.66,117.0,101150.0
20110905:0300,31.14,48.9,869.85,795.36,154.75,403.7,2.55,105.0,101120.0
20110905:0400,32.21,44.45,900.3,762.1,166.7,409.7,3.24,101.0,101010.0
20110905:0500,32.88,41.65,853.5,749.25,134.6,414.75,3.72,99.0,100930.0
20110905:0600,33.26,39.05,728.95,680.21,123.6,421.1,3.79,96.0,100830.0
20110905:0700,32.96,41.65,559.3,570.11,126.75,417.25,3.52,95.0,100820.0
20110905:0800,32.71,41.65,289.0,280.56,127.75,428.3,4.07,96.0,100790.0
20110905:0900,31.64,44.3,132.9,223.21,54.65,430.8,4.76,101.0,100760.0
20110905:1000,30.33,52.05,7.15,27.1,4.4,412.8,4.9,105.0,100790.0
20110905:1100,28.98,63.2,0.0,-0.0,0.0,409.9,4.55,108.0,100860.0
20110905:1200,28.15,67.4,0.0,-0.0,0.0,413.0,4.07,111.0,100950.0
20110905:1300,27.6,69.6,0.0,-0.0,0.0,410.1,3.38,114.0,101040.0
20110905:1400,27.16,71.9,0.0,-0.0,0.0,405.65,2.41,118.0,101090.0
20110905:1500,26.74,74.25,0.0,-0.0,0.0,404.65,1.86,130.0,101090.0
20110905:1600,26.23,76.65,0.0,-0.0,0.0,397.3,1.52,148.0,101090.0
20110905:1700,25.56,79.15,0.0,-0.0,0.0,392.3,1.45,163.0,101030.0
20110905:1800,24.9,84.4,0.0,-0.0,0.0,391.1,1.52,173.0,100970.0
20110905:1900,24.05,87.2,0.0,-0.0,0.0,384.75,1.31,184.0,100920.0
20110905:2000,23.51,90.1,0.0,-0.0,0.0,380.65,1.31,179.0,100910.0
20110905:2100,23.53,87.15,0.0,-0.0,0.0,381.05,1.24,177.0,100940.0
20110905:2200,23.21,90.05,0.0,-0.0,0.0,380.1,1.31,180.0,101030.0
20110905:2300,22.74,90.05,163.3,822.21,60.4,382.6,1.45,177.0,101100.0
20110906:0000,25.99,74.1,391.65,790.47,95.1,388.4,1.52,156.0,101180.0
20110906:0100,27.54,67.3,598.8,803.12,120.0,395.85,1.72,146.0,101230.0
20110906:0200,29.04,57.3,779.85,816.67,146.45,399.85,2.0,136.0,101210.0
20110906:0300,30.61,48.75,864.6,789.42,153.2,404.45,2.41,121.0,101150.0
20110906:0400,31.72,44.3,904.2,791.42,141.0,413.95,2.97,108.0,101010.0
20110906:0500,32.49,41.55,886.9,783.91,133.7,416.1,3.38,98.0,100890.0
20110906:0600,32.92,38.95,694.2,604.65,155.55,417.05,3.66,91.0,100780.0
20110906:0700,32.57,38.95,519.8,516.88,127.4,433.5,3.93,91.0,100720.0
20110906:0800,32.16,40.15,354.4,432.77,105.65,428.3,4.0,91.0,100710.0
20110906:0900,31.53,44.2,133.25,224.13,54.75,421.3,3.93,96.0,100720.0
20110906:1000,30.58,47.15,8.1,28.26,5.25,422.3,3.66,101.0,100740.0
20110906:1100,29.45,57.3,0.0,-0.0,0.0,408.35,2.97,102.0,100800.0
20110906:1200,28.82,61.1,0.0,-0.0,0.0,417.05,2.83,103.0,100850.0
20110906:1300,28.11,65.2,0.0,-0.0,0.0,402.35,2.55,105.0,100960.0
20110906:1400,27.48,67.3,0.0,-0.0,0.0,400.8,2.21,108.0,101010.0
20110906:1500,26.85,71.85,0.0,-0.0,0.0,398.3,1.79,121.0,101050.0
20110906:1600,26.09,74.15,0.0,-0.0,0.0,392.3,1.72,144.0,101030.0
20110906:1700,25.3,79.1,0.0,-0.0,0.0,388.0,1.59,165.0,100980.0
20110906:1800,24.55,79.05,0.0,-0.0,0.0,384.15,1.66,176.0,100910.0
20110906:1900,23.9,87.15,0.0,-0.0,0.0,381.25,1.59,179.0,100860.0
20110906:2000,23.31,87.1,0.0,-0.0,0.0,380.3,1.66,176.0,100850.0
20110906:2100,22.7,90.05,0.0,-0.0,0.0,374.45,1.66,175.0,100890.0
20110906:2200,22.21,90.0,0.0,-0.0,0.0,371.0,1.72,179.0,100970.0
20110906:2300,22.01,90.0,189.1,1034.6,57.1,369.65,1.59,185.0,101020.0
20110907:0000,25.15,71.6,440.5,942.48,84.55,370.8,1.1,181.0,101100.0
20110907:0100,27.41,56.95,670.0,953.98,98.9,377.3,0.97,149.0,101130.0
20110907:0200,29.5,46.75,845.95,947.42,108.95,383.55,1.59,125.0,101140.0
20110907:0300,31.14,37.25,957.3,933.61,114.05,389.55,2.34,118.0,101080.0
20110907:0400,32.24,33.8,979.5,887.68,121.95,393.25,2.76,115.0,100920.0
20110907:0500,33.07,31.65,918.1,818.81,130.3,394.8,3.03,109.0,100800.0
20110907:0600,33.53,29.65,794.5,751.59,124.3,395.2,3.17,100.0,100680.0
20110907:0700,33.39,29.65,592.3,606.11,131.9,398.3,2.9,88.0,100660.0
20110907:0800,33.11,29.65,403.7,553.85,85.35,399.65,3.59,84.0,100630.0
20110907:0900,32.46,31.55,148.4,257.36,58.35,397.9,4.07,85.0,100640.0
20110907:1000,31.08,35.95,8.95,35.42,5.4,405.85,3.72,89.0,100650.0
20110907:1100,29.58,45.35,0.0,-0.0,0.0,387.45,3.24,96.0,100710.0
20110907:1200,28.65,53.45,0.0,-0.0,0.0,391.7,3.1,102.0,100780.0
20110907:1300,27.8,60.9,0.0,-0.0,0.0,385.5,3.1,101.0,100870.0
20110907:1400,27.16,65.1,0.0,-0.0,0.0,390.15,2.83,107.0,100960.0
20110907:1500,26.48,71.75,0.0,-0.0,0.0,385.3,2.48,121.0,101030.0
20110907:1600,25.84,74.1,0.0,-0.0,0.0,391.7,2.07,138.0,101020.0
20110907:1700,25.08,76.5,0.0,-0.0,0.0,380.85,1.86,155.0,100970.0
20110907:1800,24.38,78.95,0.0,-0.0,0.0,379.1,1.79,178.0,100910.0
20110907:1900,24.1,81.65,0.0,-0.0,0.0,382.6,1.86,183.0,100900.0
20110907:2000,23.51,81.55,0.0,-0.0,0.0,374.3,1.93,199.0,100900.0
20110907:2100,22.98,81.5,0.0,-0.0,0.0,371.0,1.93,212.0,100950.0
20110907:2200,22.52,81.45,0.0,-0.0,0.0,368.65,2.0,217.0,101000.0
20110907:2300,22.38,84.15,193.1,1042.78,57.5,366.35,1.86,214.0,101050.0
20110908:0000,25.0,64.7,436.0,923.59,84.85,370.2,1.45,206.0,101110.0
20110908:0100,27.49,53.2,659.85,912.97,111.05,374.6,1.1,179.0,101140.0
20110908:0200,29.62,45.35,831.45,907.27,123.6,384.75,1.24,137.0,101140.0
20110908:0300,31.31,38.55,930.75,889.71,125.35,390.35,1.72,108.0,101100.0
20110908:0400,32.49,35.0,934.1,815.16,145.25,397.1,2.41,100.0,100970.0
20110908:0500,33.25,31.8,871.8,754.16,145.25,400.8,2.83,100.0,100840.0
20110908:0600,33.55,30.7,711.35,614.21,163.15,402.35,3.1,101.0,100720.0
20110908:0700,32.96,33.95,547.85,556.46,124.95,419.55,3.17,98.0,100720.0
20110908:0800,32.74,33.95,355.1,422.69,112.15,415.1,3.72,93.0,100670.0
20110908:0900,31.97,37.35,143.95,231.61,63.0,408.15,4.21,93.0,100660.0
20110908:1000,30.78,42.6,7.9,26.11,5.3,411.25,3.79,100.0,100660.0
20110908:1100,29.5,51.8,0.0,-0.0,0.0,402.15,3.1,111.0,100750.0
20110908:1200,28.46,59.0,0.0,-0.0,0.0,389.75,2.9,127.0,100830.0
20110908:1300,27.59,63.0,0.0,-0.0,0.0,387.85,2.69,140.0,100900.0
20110908:1400,26.89,65.0,0.0,-0.0,0.0,391.3,2.41,150.0,100970.0
20110908:1500,26.19,67.15,0.0,-0.0,0.0,385.3,2.07,160.0,101010.0
20110908:1600,25.61,69.3,0.0,-0.0,0.0,387.65,1.79,173.0,100990.0
20110908:1700,25.01,71.6,0.0,-0.0,0.0,387.65,1.66,187.0,100960.0
20110908:1800,24.33,76.35,0.0,-0.0,0.0,384.35,1.59,197.0,100930.0
20110908:1900,24.25,78.95,0.0,-0.0,0.0,390.95,1.79,188.0,100920.0
20110908:2000,23.85,78.9,0.0,-0.0,0.0,387.25,1.79,190.0,100940.0
20110908:2100,23.25,81.5,0.0,-0.0,0.0,377.95,1.72,185.0,100970.0
20110908:2200,22.91,81.45,0.0,-0.0,0.0,381.45,1.72,174.0,101040.0
20110908:2300,22.81,84.25,190.8,1006.39,57.45,374.3,1.79,169.0,101080.0
20110909:0000,25.39,66.95,438.1,925.99,83.7,379.9,1.86,163.0,101120.0
20110909:0100,27.43,55.05,667.5,937.09,101.9,380.4,2.14,150.0,101120.0
20110909:0200,29.42,46.75,839.1,920.54,118.8,387.25,2.55,138.0,101090.0
20110909:0300,31.01,41.15,930.35,879.43,132.5,393.05,2.83,125.0,101020.0
20110909:0400,32.09,36.25,923.55,801.15,146.95,398.45,2.9,112.0,100930.0
20110909:0500,32.75,33.95,850.0,703.86,171.05,402.35,2.83,102.0,100820.0
20110909:0600,32.97,32.8,708.5,596.26,175.85,408.35,2.83,96.0,100720.0
20110909:0700,32.62,35.15,555.35,590.6,106.3,415.1,2.55,84.0,100630.0
20110909:0800,32.64,33.95,302.45,341.13,106.4,405.05,2.55,88.0,100590.0
20110909:0900,32.0,36.1,132.25,219.27,55.7,425.55,2.69,95.0,100580.0
20110909:1000,31.06,39.9,7.55,25.28,5.05,415.3,3.03,99.0,100610.0
20110909:1100,29.71,48.5,0.0,-0.0,0.0,410.1,2.9,100.0,100720.0
20110909:1200,28.82,57.15,0.0,-0.0,0.0,416.1,3.17,101.0,100840.0
20110909:1300,27.98,63.0,0.0,-0.0,0.0,407.55,3.1,106.0,100960.0
20110909:1400,27.16,67.3,0.0,-0.0,0.0,396.35,2.76,115.0,101020.0
20110909:1500,26.48,71.75,0.0,-0.0,0.0,392.3,2.55,129.0,101040.0
20110909:1600,26.03,71.75,0.0,-0.0,0.0,398.3,2.34,140.0,101000.0
20110909:1700,25.4,76.5,0.0,-0.0,0.0,386.45,2.0,155.0,100960.0
20110909:1800,24.82,76.45,0.0,-0.0,0.0,383.95,1.86,178.0,100930.0
20110909:1900,24.56,79.05,0.0,-0.0,0.0,389.2,1.93,180.0,100870.0
20110909:2000,24.05,78.95,0.0,-0.0,0.0,379.5,1.93,185.0,100890.0
20110909:2100,23.55,81.55,0.0,-0.0,0.0,379.1,1.79,186.0,100860.0
20110909:2200,22.98,84.25,0.0,-0.0,0.0,376.6,1.59,180.0,100950.0
20110909:2300,22.8,87.1,188.1,927.15,62.95,374.45,1.52,175.0,101010.0
20110910:0000,25.54,67.05,432.7,878.39,94.3,376.0,1.59,166.0,101090.0
20110910:0100,27.58,58.9,645.65,869.2,118.9,381.95,1.66,150.0,101140.0
20110910:0200,29.34,50.05,826.7,901.65,119.15,390.75,1.79,139.0,101130.0
20110910:0300,30.85,44.05,900.55,836.5,140.0,398.1,2.28,123.0,101080.0
20110910:0400,32.0,40.0,933.75,823.0,134.65,403.5,2.9,109.0,100980.0
20110910:0500,32.73,36.35,883.55,757.46,152.0,406.6,3.59,100.0,100860.0
20110910:0600,33.04,35.15,738.2,641.4,164.75,406.6,4.14,95.0,100770.0
20110910:0700,32.66,35.15,543.8,492.75,169.0,412.2,4.48,94.0,100710.0
20110910:0800,32.14,37.5,297.05,253.3,151.5,407.0,4.83,92.0,100700.0
20110910:0900,31.07,41.3,108.85,114.57,68.9,403.9,4.97,94.0,100700.0
20110910:1000,29.86,48.5,6.0,1.53,5.85,402.15,4.48,99.0,100740.0
20110910:1100,28.68,55.3,0.0,-0.0,0.0,396.55,4.07,105.0,100810.0
20110910:1200,27.98,63.0,0.0,-0.0,0.0,401.4,4.07,108.0,100920.0
20110910:1300,27.37,67.3,0.0,-0.0,0.0,399.65,3.45,113.0,100980.0
20110910:1400,26.93,69.5,0.0,-0.0,0.0,399.85,3.1,121.0,100990.0
20110910:1500,26.54,69.5,0.0,-0.0,0.0,398.65,2.55,129.0,100980.0
20110910:1600,26.12,71.75,0.0,-0.0,0.0,396.35,2.21,142.0,100960.0
20110910:1700,25.59,74.1,0.0,-0.0,0.0,394.8,1.66,154.0,100880.0
20110910:1800,24.79,79.05,0.0,-0.0,0.0,385.9,1.31,163.0,100850.0
20110910:1900,24.02,81.65,0.0,-0.0,0.0,382.4,1.52,189.0,100840.0
20110910:2000,23.4,87.1,0.0,-0.0,0.0,379.5,1.59,191.0,100820.0
20110910:2100,22.89,90.05,0.0,-0.0,0.0,379.1,1.52,185.0,100850.0
20110910:2200,22.55,90.05,0.0,-0.0,0.0,381.45,1.45,179.0,100900.0
20110910:2300,22.72,90.05,176.9,843.8,60.9,379.9,1.52,174.0,101010.0
20110911:0000,25.93,71.65,424.1,855.28,92.45,383.55,1.79,156.0,101060.0
20110911:0100,27.72,63.0,635.4,848.97,118.85,389.5,2.21,146.0,101080.0
20110911:0200,29.52,55.4,770.6,806.08,136.25,397.1,2.69,137.0,101070.0
20110911:0300,31.1,47.25,914.65,847.57,142.4,403.7,3.38,123.0,101000.0
20110911:0400,32.23,42.95,853.85,697.57,175.45,412.2,4.28,108.0,100870.0
20110911:0500,32.66,40.3,857.2,732.36,149.05,417.45,5.03,100.0,100740.0
20110911:0600,32.66,40.3,690.3,597.54,155.65,419.75,5.38,96.0,100640.0
20110911:0700,32.01,44.3,513.2,493.03,138.05,429.65,5.38,96.0,100600.0
20110911:0800,31.37,47.25,316.3,355.71,111.95,424.2,5.24,98.0,100560.0
20110911:0900,30.7,48.75,129.5,237.92,46.65,427.9,5.1,99.0,100520.0
20110911:1000,29.76,53.7,7.0,22.55,4.8,413.95,4.69,97.0,100570.0
20110911:1100,28.77,61.1,0.0,-0.0,0.0,413.55,4.28,96.0,100650.0
20110911:1200,28.1,65.2,0.0,-0.0,0.0,409.9,4.0,100.0,100720.0
20110911:1300,27.57,69.6,0.0,-0.0,0.0,407.2,3.66,103.0,100780.0
20110911:1400,27.15,69.6,0.0,-0.0,0.0,407.2,2.76,106.0,100850.0
20110911:1500,26.64,74.25,0.0,-0.0,0.0,399.05,2.34,114.0,100860.0
20110911:1600,26.12,76.65,0.0,-0.0,0.0,394.6,1.93,127.0,100840.0
20110911:1700,25.44,81.75,0.0,-0.0,0.0,391.9,1.45,139.0,100790.0
20110911:1800,24.58,84.4,0.0,-0.0,0.0,388.6,1.24,148.0,100770.0
20110911:1900,24.35,84.35,0.0,-0.0,0.0,391.3,1.72,155.0,100720.0
20110911:2000,24.1,84.35,0.0,-0.0,0.0,388.2,1.93,163.0,100720.0
20110911:2100,23.82,84.35,0.0,-0.0,0.0,386.1,2.0,166.0,100740.0
20110911:2200,23.62,84.35,0.0,-0.0,0.0,386.85,1.93,165.0,100830.0
20110911:2300,23.56,84.35,176.3,789.81,65.75,384.15,1.66,165.0,100910.0
20110912:0000,26.05,69.4,434.75,877.69,92.2,387.65,1.59,150.0,101000.0
20110912:0100,27.9,63.0,644.95,861.17,118.9,394.7,1.45,131.0,101040.0
20110912:0200,29.5,55.4,788.0,816.7,143.5,402.15,1.66,114.0,101040.0
20110912:0300,30.88,48.75,882.0,784.69,165.55,411.65,1.93,102.0,100990.0
20110912:0400,31.98,45.85,906.0,745.6,179.75,418.2,2.62,93.0,100880.0
20110912:0500,32.69,41.65,854.2,747.49,130.6,417.05,3.17,86.0,100760.0
20110912:0600,33.0,40.3,706.5,609.05,161.15,421.1,3.59,80.0,100670.0
20110912:0700,32.46,42.95,562.15,591.88,111.65,426.35,4.55,83.0,100680.0
20110912:0800,31.87,45.85,292.7,322.98,107.2,422.85,4.76,87.0,100650.0
20110912:0900,30.7,52.15,140.3,258.08,50.55,426.75,4.76,92.0,100640.0
20110912:1000,29.56,57.4,7.6,27.88,4.9,414.75,4.41,98.0,100690.0
20110912:1100,28.39,65.2,0.0,-0.0,0.0,406.2,3.79,104.0,100770.0
20110912:1200,27.66,71.9,0.0,-0.0,0.0,403.9,3.31,108.0,100880.0
20110912:1300,27.27,74.3,0.0,-0.0,0.0,413.0,3.1,111.0,101010.0
20110912:1400,26.9,76.7,0.0,-0.0,0.0,409.7,2.76,113.0,101070.0
20110912:1500,26.62,76.7,0.0,-0.0,0.0,413.75,2.48,111.0,101090.0
20110912:1600,26.37,79.2,0.0,-0.0,0.0,411.45,2.48,116.0,101050.0
20110912:1700,26.11,76.65,0.0,-0.0,0.0,403.9,2.55,123.0,100980.0
20110912:1800,25.74,76.6,0.0,-0.0,0.0,406.0,2.28,129.0,100910.0
20110912:1900,25.64,79.15,0.0,-0.0,0.0,401.95,1.93,151.0,100840.0
20110912:2000,25.33,81.75,0.0,-0.0,0.0,401.55,1.66,155.0,100860.0
20110912:2100,24.92,84.4,0.0,-0.0,0.0,399.05,1.59,162.0,100870.0
20110912:2200,24.55,84.4,0.0,-0.0,0.0,396.75,1.66,158.0,100920.0
20110912:2300,24.85,84.4,173.6,796.28,60.15,406.2,1.59,150.0,100980.0
20110913:0000,27.01,67.3,404.85,791.0,94.15,402.9,2.07,135.0,101020.0
20110913:0100,28.54,63.2,625.65,823.89,120.4,408.25,2.34,132.0,101070.0
20110913:0200,30.06,55.6,791.55,813.57,147.75,415.3,2.55,123.0,101050.0
20110913:0300,31.4,50.55,887.05,812.5,143.7,419.2,2.9,111.0,100980.0
20110913:0400,32.26,45.95,912.05,772.3,158.65,423.25,3.24,102.0,100860.0
20110913:0500,32.8,44.55,864.35,730.68,156.25,427.3,3.52,96.0,100740.0
20110913:0600,33.15,41.8,750.45,702.26,121.2,430.0,3.93,93.0,100640.0
20110913:0700,32.87,44.55,551.1,577.02,111.8,429.45,3.79,96.0,100590.0
20110913:0800,32.51,45.95,259.55,263.0,108.55,427.9,4.14,99.0,100560.0
20110913:0900,31.46,50.55,100.9,161.84,44.7,432.55,4.55,97.0,100580.0
20110913:1000,30.19,57.5,5.2,17.16,3.55,433.7,4.62,90.0,100670.0
20110913:1100,29.02,63.2,0.0,-0.0,0.0,426.9,4.28,86.0,100760.0
20110913:1200,28.33,67.4,0.0,-0.0,0.0,431.4,4.14,82.0,100850.0
20110913:1300,27.75,69.6,0.0,-0.0,0.0,426.9,3.72,84.0,100940.0
20110913:1400,27.27,69.6,0.0,-0.0,0.0,428.45,3.59,90.0,101030.0
20110913:1500,26.6,71.85,0.0,-0.0,0.0,425.95,3.03,107.0,101040.0
20110913:1600,26.28,74.15,0.0,-0.0,0.0,418.6,2.69,122.0,101060.0
20110913:1700,26.0,74.15,0.0,-0.0,0.0,413.0,2.55,133.0,101000.0
20110913:1800,25.77,76.6,0.0,-0.0,0.0,414.75,2.34,146.0,100940.0
20110913:1900,25.79,79.15,0.0,-0.0,0.0,407.75,2.07,153.0,100910.0
20110913:2000,25.54,76.6,0.0,-0.0,0.0,405.65,1.79,160.0,100910.0
20110913:2100,25.01,79.1,0.0,-0.0,0.0,399.65,1.38,169.0,100920.0
20110913:2200,24.67,84.4,0.0,-0.0,0.0,400.8,1.03,180.0,100970.0
20110913:2300,24.78,84.4,190.55,867.68,64.75,395.0,0.83,190.0,101010.0
20110914:0000,26.66,69.5,407.85,787.78,96.45,399.05,0.97,184.0,101080.0
20110914:0100,28.07,65.2,621.05,802.85,126.8,404.8,1.03,157.0,101080.0
20110914:0200,29.64,57.4,727.2,756.74,126.75,409.3,1.79,117.0,101100.0
20110914:0300,30.67,53.9,834.3,745.21,151.15,420.75,2.55,99.0,101060.0
20110914:0400,31.37,50.55,826.3,691.63,150.6,428.1,3.17,92.0,100970.0
20110914:0500,31.67,49.0,742.2,587.2,172.55,429.45,3.72,87.0,100860.0
20110914:0600,31.52,52.25,604.85,482.04,172.65,428.85,3.66,86.0,100780.0
20110914:0700,31.58,50.7,416.7,309.53,181.0,439.7,3.66,83.0,100760.0
20110914:0800,30.62,53.9,297.35,364.15,88.35,444.15,3.79,90.0,100700.0
20110914:0900,30.38,55.6,105.1,172.89,45.15,425.2,3.59,98.0,100720.0
20110914:1000,29.38,61.25,5.35,20.96,3.35,422.1,3.72,103.0,100770.0
20110914:1100,28.28,65.2,0.0,-0.0,0.0,420.35,3.52,108.0,100850.0
20110914:1200,27.7,67.3,0.0,-0.0,0.0,417.85,3.38,110.0,100930.0
20110914:1300,27.3,69.6,0.0,-0.0,0.0,412.8,2.97,111.0,101020.0
20110914:1400,27.07,69.6,0.0,-0.0,0.0,416.3,2.97,115.0,101090.0
20110914:1500,26.77,71.85,0.0,-0.0,0.0,413.2,2.83,121.0,101110.0
20110914:1600,26.54,71.85,0.0,-0.0,0.0,415.7,2.55,130.0,101140.0
20110914:1700,26.25,74.15,0.0,-0.0,0.0,416.1,2.41,142.0,101060.0
20110914:1800,25.89,76.6,0.0,-0.0,0.0,406.4,2.07,150.0,101000.0
20110914:1900,25.27,81.75,0.0,-0.0,0.0,395.95,1.38,164.0,100940.0
20110914:2000,24.54,81.7,0.0,-0.0,0.0,388.6,1.45,167.0,100930.0
20110914:2100,24.08,84.35,0.0,-0.0,0.0,390.55,1.59,170.0,100940.0
20110914:2200,23.73,87.15,0.0,-0.0,0.0,389.95,1.66,173.0,100980.0
20110914:2300,23.76,87.15,186.45,836.98,63.0,386.85,1.45,169.0,101030.0
20110915:0000,26.51,69.5,424.55,807.49,103.35,390.75,1.45,153.0,101100.0
20110915:0100,28.17,65.2,640.25,837.42,122.75,397.6,1.59,137.0,101130.0
20110915:0200,29.85,57.4,774.65,775.03,158.05,404.3,1.79,119.0,101140.0
20110915:0300,31.24,50.55,892.9,812.19,146.9,414.35,2.07,102.0,101090.0
20110915:0400,32.22,44.45,919.8,805.94,131.3,416.3,2.41,91.0,101000.0
20110915:0500,33.02,41.65,859.35,729.45,151.0,421.9,2.69,83.0,100880.0
20110915:0600,33.46,39.05,643.0,560.66,140.0,425.95,2.76,85.0,100790.0
20110915:0700,32.79,43.1,526.1,552.78,105.1,436.2,2.62,90.0,100720.0
20110915:0800,32.69,43.1,320.6,406.48,87.4,426.15,2.48,106.0,100690.0
20110915:0900,32.14,42.95,114.7,194.09,47.5,431.75,2.34,126.0,100720.0
20110915:1000,31.28,47.25,6.75,23.76,4.5,429.65,2.41,138.0,100710.0
20110915:1100,30.19,53.8,0.0,-0.0,0.0,417.05,2.14,119.0,100760.0
20110915:1200,29.32,61.25,0.0,-0.0,0.0,415.1,2.41,90.0,100880.0
20110915:1300,28.65,63.2,0.0,-0.0,0.0,417.85,2.83,87.0,100980.0
20110915:1400,28.15,67.4,0.0,-0.0,0.0,423.45,2.69,95.0,101030.0
20110915:1500,27.68,69.6,0.0,-0.0,0.0,416.45,1.66,118.0,101090.0
20110915:1600,27.36,71.9,0.0,-0.0,0.0,422.3,1.45,160.0,101070.0
20110915:1700,26.92,74.25,0.0,-0.0,0.0,417.85,1.31,185.0,101010.0
20110915:1800,26.19,74.15,0.0,-0.0,0.0,408.75,1.1,199.0,100980.0
20110915:1900,25.57,76.6,0.0,-0.0,0.0,407.75,1.17,227.0,100930.0
20110915:2000,25.04,79.1,0.0,-0.0,0.0,401.55,1.31,229.0,100910.0
20110915:2100,24.62,81.7,0.0,-0.0,0.0,401.95,1.17,223.0,100950.0
20110915:2200,24.41,87.2,0.0,-0.0,0.0,402.55,1.03,221.0,100970.0
20110915:2300,24.5,84.4,181.15,780.64,64.05,402.35,0.9,209.0,101040.0
20110916:0000,26.59,69.5,411.8,781.27,99.1,400.2,0.83,181.0,101100.0
20110916:0100,27.94,67.3,635.25,832.35,118.95,404.0,0.55,161.0,101130.0
20110916:0200,29.44,61.25,731.45,693.53,178.25,413.4,0.62,138.0,101130.0
20110916:0300,30.46,55.6,822.2,720.95,158.75,420.35,0.76,104.0,101080.0
20110916:0400,31.48,50.55,815.6,636.05,192.45,423.65,1.03,84.0,100960.0
20110916:0500,32.11,45.95,747.6,580.55,183.3,431.2,1.17,73.0,100860.0
20110916:0600,32.38,44.45,721.9,645.35,142.6,429.65,1.1,63.0,100750.0
20110916:0700,32.74,41.65,553.5,587.44,106.05,431.95,1.31,56.0,100660.0
20110916:0800,32.6,41.65,320.55,416.18,81.9,430.4,1.17,47.0,100600.0
20110916:0900,32.03,44.3,119.7,204.38,49.05,428.3,1.24,42.0,100590.0
20110916:1000,31.13,47.25,6.4,18.09,4.7,418.2,1.66,46.0,100620.0
20110916:1100,30.03,55.5,0.0,-0.0,0.0,425.2,2.07,47.0,100680.0
20110916:1200,29.1,61.25,0.0,-0.0,0.0,420.75,2.41,51.0,100760.0
20110916:1300,28.43,67.4,0.0,-0.0,0.0,418.8,2.62,57.0,100880.0
20110916:1400,27.55,71.9,0.0,-0.0,0.0,413.2,2.55,66.0,100930.0
20110916:1500,27.15,71.9,0.0,-0.0,0.0,414.15,1.79,58.0,100980.0
20110916:1600,26.99,74.25,0.0,-0.0,0.0,417.65,1.52,65.0,100970.0
20110916:1700,26.76,74.25,0.0,-0.0,0.0,418.8,1.45,73.0,100930.0
20110916:1800,26.21,74.15,0.0,-0.0,0.0,417.05,1.17,83.0,100880.0
20110916:1900,25.46,79.1,0.0,-0.0,0.0,410.3,1.03,110.0,100810.0
20110916:2000,25.07,79.1,0.0,-0.0,0.0,407.4,1.03,99.0,100830.0
20110916:2100,25.35,76.5,0.0,-0.0,0.0,410.3,0.76,110.0,100860.0
20110916:2200,25.57,74.1,0.0,-0.0,0.0,410.1,0.55,172.0,100890.0
20110916:2300,24.77,84.4,183.2,753.06,68.35,410.45,0.83,208.0,100930.0
20110917:0000,26.6,69.5,302.95,444.13,124.1,413.0,0.9,206.0,101010.0
20110917:0100,27.21,67.3,564.5,662.48,152.05,412.9,0.69,201.0,101030.0
20110917:0200,28.52,63.2,725.15,691.2,172.4,414.35,0.41,173.0,101060.0
20110917:0300,29.7,57.4,819.1,684.58,187.95,419.75,0.21,105.0,100990.0
20110917:0400,30.67,53.9,796.25,621.14,186.9,428.65,0.62,45.0,100890.0
20110917:0500,30.98,52.15,710.8,532.38,192.85,430.8,1.24,35.0,100780.0
20110917:0600,31.01,52.15,673.0,518.48,207.35,429.85,1.52,35.0,100680.0
20110917:0700,31.14,54.05,501.8,434.26,171.0,429.85,1.52,9.0,100650.0
20110917:0800,30.64,55.75,284.1,307.34,107.95,428.85,1.59,13.0,100640.0
20110917:0900,29.27,61.25,126.05,198.92,57.4,435.85,1.66,27.0,100630.0
20110917:1000,28.84,63.2,5.5,17.7,3.85,419.75,1.03,39.0,100630.0
20110917:1100,28.35,65.2,0.0,-0.0,0.0,422.3,0.21,211.0,100730.0
20110917:1200,27.84,67.3,0.0,-0.0,0.0,424.2,1.45,236.0,100810.0
20110917:1300,27.4,67.3,0.0,-0.0,0.0,422.45,1.31,244.0,100930.0
20110917:1400,26.69,69.5,0.0,-0.0,0.0,423.45,0.76,256.0,100980.0
20110917:1500,26.64,69.5,0.0,-0.0,0.0,419.4,0.21,248.0,101030.0
20110917:1600,26.72,69.5,0.0,-0.0,0.0,422.3,0.14,92.0,101050.0
20110917:1700,25.87,76.6,0.0,-0.0,0.0,419.2,0.83,100.0,101010.0
20110917:1800,25.65,76.6,0.0,-0.0,0.0,416.85,1.1,117.0,100960.0
20110917:1900,25.84,76.6,0.0,-0.0,0.0,415.3,1.72,136.0,100880.0
20110917:2000,25.71,76.6,0.0,-0.0,0.0,411.45,1.72,149.0,100910.0
20110917:2100,25.35,79.1,0.0,-0.0,0.0,408.35,1.59,168.0,100920.0
20110917:2200,24.9,84.4,0.0,-0.0,0.0,407.0,1.38,185.0,100980.0
20110917:2300,24.93,87.25,167.1,537.69,83.75,403.9,1.17,193.0,101050.0
20110918:0000,27.08,69.6,361.7,545.0,140.9,405.45,1.03,183.0,101100.0
20110918:0100,28.39,65.2,509.7,543.81,169.9,412.9,0.97,159.0,101130.0
20110918:0200,29.58,57.4,712.55,559.06,264.35,418.2,1.24,123.0,101170.0
20110918:0300,30.89,52.15,873.5,731.26,198.1,426.15,1.52,109.0,101140.0
20110918:0400,32.0,47.4,840.35,617.18,234.1,430.8,1.72,100.0,101050.0
20110918:0500,32.63,44.55,785.45,563.61,236.65,437.75,2.34,79.0,100920.0
20110918:0600,32.88,44.55,694.55,595.7,159.3,441.65,3.17,70.0,100800.0
20110918:0700,32.04,49.0,494.8,466.48,139.45,441.25,2.48,81.0,100720.0
20110918:0800,31.56,49.0,319.05,409.98,84.2,435.05,2.21,148.0,100710.0
20110918:0900,30.84,52.15,115.25,208.97,43.25,422.65,2.34,184.0,100720.0
20110918:1000,29.85,55.5,6.15,15.68,4.7,419.2,1.72,189.0,100760.0
20110918:1100,29.13,57.3,0.0,-0.0,0.0,415.1,1.1,153.0,100830.0
20110918:1200,28.59,61.1,0.0,-0.0,0.0,416.65,1.31,107.0,100910.0
20110918:1300,28.17,63.1,0.0,-0.0,0.0,424.0,2.0,95.0,101020.0
20110918:1400,27.73,67.3,0.0,-0.0,0.0,422.85,2.21,104.0,101070.0
20110918:1500,27.31,67.3,0.0,-0.0,0.0,415.3,1.86,109.0,101120.0
20110918:1600,26.95,69.5,0.0,-0.0,0.0,416.65,1.52,130.0,101110.0
20110918:1700,26.54,69.5,0.0,-0.0,0.0,415.7,1.45,164.0,101060.0
20110918:1800,26.08,71.75,0.0,-0.0,0.0,411.65,1.45,187.0,101030.0
20110918:1900,25.97,76.6,0.0,-0.0,0.0,423.65,1.52,229.0,100960.0
20110918:2000,25.62,76.6,0.0,-0.0,0.0,411.45,1.52,223.0,101000.0
20110918:2100,25.38,79.1,0.0,-0.0,0.0,415.5,1.24,209.0,101020.0
20110918:2200,25.0,79.1,0.0,-0.0,0.0,411.05,1.17,187.0,101060.0
20110918:2300,25.13,79.1,168.95,628.85,69.9,406.8,1.31,170.0,101130.0
20110919:0000,26.73,69.5,417.6,789.23,95.95,405.05,1.59,154.0,101190.0
20110919:0100,28.25,65.2,634.0,804.51,129.5,411.15,1.72,137.0,101210.0
20110919:0200,29.89,55.5,823.15,840.59,147.6,409.5,2.0,122.0,101230.0
20110919:0300,31.29,48.9,836.15,735.38,155.75,416.1,2.34,108.0,101170.0
20110919:0400,32.16,45.95,912.1,727.6,196.5,421.5,2.55,103.0,101090.0
20110919:0500,32.87,43.1,880.4,769.3,130.7,422.85,2.69,100.0,100950.0
20110919:0600,33.39,40.4,781.2,723.83,130.55,422.1,2.62,94.0,100830.0
20110919:0700,33.48,39.05,572.15,604.32,111.8,420.75,2.97,93.0,100740.0
20110919:0800,33.26,37.75,341.65,434.86,92.7,424.4,3.03,91.0,100710.0
20110919:0900,32.76,38.95,133.65,246.68,48.8,419.0,3.24,97.0,100710.0
20110919:1000,31.66,44.3,5.9,22.34,3.85,416.85,3.1,102.0,100740.0
20110919:1100,30.4,53.8,0.0,-0.0,0.0,415.9,2.97,101.0,100820.0
20110919:1200,29.54,59.35,0.0,-0.0,0.0,415.7,3.1,104.0,100930.0
20110919:1300,28.81,63.2,0.0,-0.0,0.0,411.45,2.9,115.0,101000.0
20110919:1400,28.18,67.4,0.0,-0.0,0.0,406.2,2.62,124.0,101090.0
20110919:1500,27.62,69.6,0.0,-0.0,0.0,404.45,2.07,133.0,101120.0
20110919:1600,27.15,67.3,0.0,-0.0,0.0,407.2,1.86,143.0,101100.0
20110919:1700,26.43,71.75,0.0,-0.0,0.0,394.4,1.72,160.0,101040.0
20110919:1800,25.77,74.1,0.0,-0.0,0.0,393.85,1.59,171.0,100980.0
20110919:1900,25.07,79.1,0.0,-0.0,0.0,388.8,1.66,176.0,100960.0
20110919:2000,24.63,79.05,0.0,-0.0,0.0,386.85,1.86,171.0,100970.0
20110919:2100,24.26,81.65,0.0,-0.0,0.0,382.6,2.07,167.0,100990.0
20110919:2200,23.91,84.35,0.0,-0.0,0.0,380.85,2.0,170.0,101030.0
20110919:2300,23.91,84.35,214.15,913.78,67.95,378.95,1.79,177.0,101100.0
20110920:0000,26.18,69.4,467.15,900.99,97.8,383.2,1.52,181.0,101150.0
20110920:0100,28.01,63.0,698.65,934.14,110.8,387.75,1.03,170.0,101190.0
20110920:0200,29.86,51.9,865.35,923.42,121.45,391.5,0.9,137.0,101210.0
20110920:0300,31.43,44.2,967.6,894.47,138.6,399.05,1.1,108.0,101150.0
20110920:0400,32.58,38.95,972.45,824.43,160.65,404.3,1.52,81.0,101040.0
20110920:0500,33.42,36.5,910.5,782.65,147.2,407.95,1.86,68.0,100920.0
20110920:0600,33.86,34.2,702.25,585.78,175.5,412.6,2.21,64.0,100790.0
20110920:0700,32.84,40.3,564.55,601.27,106.55,419.2,1.72,42.0,100740.0
20110920:0800,32.48,41.55,345.5,451.3,87.3,422.3,1.93,27.0,100730.0
20110920:0900,31.78,44.3,136.15,265.75,44.9,419.55,2.21,16.0,100730.0
20110920:1000,30.65,52.15,5.95,21.97,3.95,412.0,2.21,12.0,100770.0
20110920:1100,29.54,57.4,0.0,-0.0,0.0,406.6,1.72,24.0,100850.0
20110920:1200,28.77,63.2,0.0,-0.0,0.0,405.25,1.66,38.0,100920.0
20110920:1300,28.28,67.4,0.0,-0.0,0.0,411.65,1.66,47.0,100990.0
20110920:1400,27.76,69.6,0.0,-0.0,0.0,403.3,1.59,55.0,101060.0
20110920:1500,27.08,69.6,0.0,-0.0,0.0,407.2,1.59,56.0,101130.0
20110920:1600,26.5,76.65,0.0,-0.0,0.0,400.8,1.31,57.0,101120.0
20110920:1700,26.16,76.65,0.0,-0.0,0.0,402.95,0.83,74.0,101070.0
20110920:1800,25.57,79.15,0.0,-0.0,0.0,405.45,0.9,96.0,101010.0
20110920:1900,24.94,81.7,0.0,-0.0,0.0,398.1,1.17,207.0,100980.0
20110920:2000,24.52,81.7,0.0,-0.0,0.0,394.6,1.45,206.0,100980.0
20110920:2100,24.29,84.35,0.0,-0.0,0.0,398.45,1.45,204.0,101000.0
20110920:2200,23.84,87.15,0.0,-0.0,0.0,387.45,1.59,200.0,101070.0
20110920:2300,24.01,84.35,197.8,791.85,69.15,387.85,1.45,193.0,101130.0
20110921:0000,26.73,69.5,433.55,780.49,111.75,389.75,1.45,174.0,101160.0
20110921:0100,28.27,63.1,677.95,890.47,115.65,392.0,1.52,151.0,101210.0
20110921:0200,29.78,55.5,853.4,911.86,117.1,397.7,1.52,138.0,101210.0
20110921:0300,31.13,47.25,900.4,819.75,139.4,405.25,1.45,124.0,101160.0
20110921:0400,32.07,42.95,949.3,810.86,149.95,414.9,1.31,113.0,101040.0
20110921:0500,32.95,38.95,905.1,779.37,144.45,419.2,1.24,99.0,100930.0
20110921:0600,33.53,36.5,725.9,619.22,168.9,417.25,1.52,93.0,100810.0
20110921:0700,33.1,37.75,563.95,594.43,111.2,433.9,0.97,85.0,100780.0
20110921:0800,33.02,38.95,323.3,438.83,72.4,428.65,0.97,83.0,100700.0
20110921:0900,32.5,38.8,118.9,221.29,43.05,423.85,0.9,93.0,100740.0
20110921:1000,31.69,40.0,5.85,19.38,4.1,422.85,0.62,248.0,100760.0
20110921:1100,30.83,45.6,0.0,-0.0,0.0,426.15,0.69,263.0,100840.0
20110921:1200,30.04,50.3,0.0,-0.0,0.0,412.4,0.21,250.0,100930.0
20110921:1300,29.19,57.3,0.0,-0.0,0.0,409.9,0.34,196.0,101030.0
20110921:1400,28.43,61.0,0.0,-0.0,0.0,402.75,0.55,170.0,101100.0
20110921:1500,27.59,65.1,0.0,-0.0,0.0,395.4,0.69,158.0,101150.0
20110921:1600,25.94,71.65,0.0,-0.0,0.0,392.3,1.24,161.0,101140.0
20110921:1700,25.23,74.0,0.0,-0.0,0.0,386.85,1.79,161.0,101060.0
20110921:1800,24.56,76.45,0.0,-0.0,0.0,381.65,1.79,167.0,100980.0
20110921:1900,24.07,76.35,0.0,-0.0,0.0,382.0,1.79,182.0,100950.0
20110921:2000,23.49,78.9,0.0,-0.0,0.0,380.65,1.59,195.0,100950.0
20110921:2100,23.03,81.5,0.0,-0.0,0.0,378.75,1.66,205.0,100990.0
20110921:2200,22.85,84.25,0.0,-0.0,0.0,383.0,1.72,206.0,101060.0
20110921:2300,23.04,81.5,219.3,928.9,66.1,374.3,1.72,200.0,101120.0
20110922:0000,25.62,64.8,475.5,926.46,91.35,378.75,1.59,189.0,101190.0
20110922:0100,27.74,56.95,697.85,935.22,105.3,380.8,1.17,171.0,101210.0
20110922:0200,29.73,46.9,882.15,952.05,111.65,389.2,1.1,150.0,101200.0
20110922:0300,31.52,39.9,988.8,938.15,116.5,396.55,1.17,129.0,101120.0
20110922:0400,32.93,33.95,1017.5,912.06,117.4,402.15,1.45,109.0,100980.0
20110922:0500,33.9,30.85,965.35,868.23,117.4,406.2,1.66,84.0,100880.0
20110922:0600,34.44,28.9,796.7,751.62,120.4,408.75,2.21,63.0,100780.0
20110922:0700,34.37,28.9,609.6,643.49,119.55,412.4,2.69,66.0,100680.0
20110922:0800,33.88,30.85,352.05,430.74,105.95,415.5,2.97,57.0,100630.0
20110922:0900,32.82,35.15,135.75,250.47,50.05,426.9,2.76,41.0,100690.0
20110922:1000,31.55,41.3,6.2,24.56,4.0,415.9,2.21,23.0,100730.0
20110922:1100,30.47,48.65,0.0,-0.0,0.0,415.1,1.79,11.0,100820.0
20110922:1200,29.66,53.7,0.0,-0.0,0.0,408.15,1.59,18.0,100900.0
20110922:1300,29.01,59.1,0.0,-0.0,0.0,403.1,1.45,36.0,100980.0
20110922:1400,28.14,65.2,0.0,-0.0,0.0,396.55,1.31,58.0,101040.0
20110922:1500,27.34,67.3,0.0,-0.0,0.0,393.45,0.83,89.0,101090.0
20110922:1600,27.11,67.3,0.0,-0.0,0.0,389.2,0.48,146.0,101050.0
20110922:1700,26.38,71.75,0.0,-0.0,0.0,385.5,0.55,204.0,101000.0
20110922:1800,24.54,79.05,0.0,-0.0,0.0,381.85,1.1,233.0,100950.0
20110922:1900,23.67,81.55,0.0,-0.0,0.0,378.35,1.79,228.0,100930.0
20110922:2000,23.23,81.5,0.0,-0.0,0.0,377.75,1.86,226.0,100970.0
20110922:2100,22.88,81.45,0.0,-0.0,0.0,373.7,2.0,217.0,101010.0
20110922:2200,22.59,76.15,0.0,-0.0,0.0,371.0,2.07,209.0,101040.0
20110922:2300,22.85,76.15,228.7,972.69,65.9,370.2,1.93,202.0,101120.0
20110923:0000,25.41,60.45,475.1,904.67,97.9,372.15,1.66,193.0,101150.0
20110923:0100,27.78,48.0,701.0,935.6,106.25,377.3,1.59,175.0,101180.0
20110923:0200,29.67,42.3,887.95,957.34,111.45,385.5,1.17,155.0,101170.0
20110923:0300,31.21,37.25,992.7,941.65,115.8,391.5,1.03,108.0,101120.0
20110923:0400,32.5,33.8,1007.5,894.06,124.25,397.9,1.52,85.0,100990.0
20110923:0500,33.44,30.7,956.45,855.15,120.75,401.4,2.07,77.0,100870.0
20110923:0600,33.94,29.8,818.8,762.83,132.25,404.1,2.55,74.0,100750.0
20110923:0700,33.69,29.8,638.0,699.1,105.7,405.25,2.48,91.0,100640.0
20110923:0800,33.48,30.7,393.4,539.03,85.65,403.5,2.83,84.0,100630.0
20110923:0900,32.9,31.65,152.45,293.96,52.05,401.75,3.31,79.0,100640.0
20110923:1000,31.81,36.1,6.65,24.19,4.5,403.5,3.1,78.0,100690.0
20110923:1100,30.45,45.45,0.0,-0.0,0.0,396.15,2.41,83.0,100750.0
20110923:1200,29.56,51.9,0.0,-0.0,0.0,397.3,1.86,100.0,100860.0
20110923:1300,28.73,57.15,0.0,-0.0,0.0,393.85,1.45,121.0,100940.0
20110923:1400,27.6,65.1,0.0,-0.0,0.0,390.55,1.1,143.0,100990.0
20110923:1500,26.83,67.2,0.0,-0.0,0.0,387.85,1.03,169.0,101010.0
20110923:1600,25.58,71.65,0.0,-0.0,0.0,386.45,1.24,186.0,100980.0
20110923:1700,24.66,76.45,0.0,-0.0,0.0,384.95,1.31,188.0,100920.0
20110923:1800,23.98,78.95,0.0,-0.0,0.0,383.2,1.31,191.0,100850.0
20110923:1900,23.55,81.55,0.0,-0.0,0.0,382.4,1.59,198.0,100860.0
20110923:2000,23.28,81.5,0.0,-0.0,0.0,383.2,1.72,195.0,100890.0
20110923:2100,23.05,81.5,0.0,-0.0,0.0,381.25,1.86,189.0,100930.0
20110923:2200,22.92,81.45,0.0,-0.0,0.0,382.4,1.93,185.0,100990.0
20110923:2300,23.28,78.85,217.75,805.38,81.0,380.45,1.79,181.0,101100.0
20110924:0000,25.95,62.65,463.5,828.67,116.1,382.0,1.79,172.0,101160.0
20110924:0100,28.02,51.55,694.75,891.04,126.5,389.1,2.0,159.0,101210.0
20110924:0200,29.81,45.35,808.15,756.11,193.55,397.3,2.0,150.0,101160.0
20110924:0300,31.23,41.3,922.9,762.53,211.75,404.1,2.0,134.0,101080.0
20110924:0400,32.36,38.8,946.7,750.69,204.35,411.25,2.28,117.0,100950.0
20110924:0500,33.15,36.5,901.85,721.91,195.95,413.75,2.62,105.0,100840.0
20110924:0600,33.46,36.5,801.15,736.02,138.6,414.9,2.97,104.0,100720.0
20110924:0700,33.25,37.75,639.35,689.98,114.1,411.45,3.17,97.0,100650.0
20110924:0800,32.99,37.65,388.5,519.99,91.85,405.85,3.52,95.0,100640.0
20110924:0900,32.18,38.8,153.3,296.99,52.05,401.0,3.66,95.0,100670.0
20110924:1000,30.86,44.05,6.75,27.79,4.3,392.45,3.38,101.0,100730.0
20110924:1100,29.4,53.55,0.0,-0.0,0.0,385.7,2.83,112.0,100800.0
20110924:1200,28.34,61.0,0.0,-0.0,0.0,379.9,2.76,123.0,100870.0
20110924:1300,27.49,65.1,0.0,-0.0,0.0,375.85,2.48,127.0,100930.0
20110924:1400,26.83,69.5,0.0,-0.0,0.0,372.35,2.28,128.0,101000.0
20110924:1500,26.23,71.75,0.0,-0.0,0.0,372.95,2.21,133.0,101040.0
20110924:1600,25.61,76.6,0.0,-0.0,0.0,372.75,2.0,144.0,101030.0
20110924:1700,24.83,81.7,0.0,-0.0,0.0,373.1,1.79,157.0,100970.0
20110924:1800,23.98,81.65,0.0,-0.0,0.0,374.1,1.59,171.0,100920.0
20110924:1900,23.38,87.1,0.0,-0.0,0.0,371.95,1.72,196.0,100900.0
20110924:2000,22.92,90.05,0.0,-0.0,0.0,368.85,1.86,202.0,100920.0
20110924:2100,22.52,90.05,0.0,-0.0,0.0,367.7,1.86,201.0,100970.0
20110924:2200,22.08,90.0,0.0,-0.0,0.0,365.75,1.79,197.0,101030.0
20110924:2300,22.23,93.05,217.95,878.93,66.6,364.8,1.45,192.0,101100.0
20110925:0000,26.17,69.4,463.25,866.73,97.95,368.1,1.1,168.0,101170.0
20110925:0100,28.24,57.05,697.0,905.2,117.9,376.35,1.03,149.0,101200.0
20110925:0200,29.9,48.5,870.85,907.68,131.5,385.3,0.76,118.0,101190.0
20110925:0300,31.38,42.7,975.95,903.37,132.25,391.9,0.9,92.0,101130.0
20110925:0400,32.58,37.65,1007.6,891.47,125.2,396.15,1.1,84.0,100980.0
20110925:0500,33.5,34.05,920.9,808.4,130.0,398.45,1.59,78.0,100840.0
20110925:0600,34.13,30.95,821.7,784.21,115.65,398.65,2.07,74.0,100720.0
20110925:0700,34.19,30.95,607.35,669.52,97.8,399.85,2.76,77.0,100700.0
20110925:0800,34.02,29.8,397.55,558.9,78.95,395.75,3.24,80.0,100690.0
20110925:0900,33.37,29.65,143.05,276.23,49.05,393.25,3.59,84.0,100710.0
20110925:1000,32.01,36.1,6.6,26.86,4.25,392.45,3.31,93.0,100740.0
20110925:1100,30.51,47.0,0.0,-0.0,0.0,391.1,2.9,103.0,100800.0
20110925:1200,29.55,51.9,0.0,-0.0,0.0,394.4,2.83,114.0,100870.0
20110925:1300,28.68,59.1,0.0,-0.0,0.0,389.4,2.62,126.0,100930.0
20110925:1400,27.91,67.3,0.0,-0.0,0.0,387.05,2.34,137.0,101000.0
20110925:1500,27.23,67.3,0.0,-0.0,0.0,386.45,2.0,147.0,101050.0
20110925:1600,26.52,69.5,0.0,-0.0,0.0,386.65,1.93,163.0,101020.0
20110925:1700,25.8,74.1,0.0,-0.0,0.0,383.55,1.86,177.0,100960.0
20110925:1800,25.23,76.5,0.0,-0.0,0.0,385.1,1.86,187.0,100930.0
20110925:1900,24.77,79.05,0.0,-0.0,0.0,382.2,1.86,201.0,100890.0
20110925:2000,24.31,81.65,0.0,-0.0,0.0,381.65,1.93,203.0,100880.0
20110925:2100,23.87,84.35,0.0,-0.0,0.0,381.45,1.79,202.0,100940.0
20110925:2200,23.44,87.1,0.0,-0.0,0.0,378.55,1.79,198.0,100990.0
20110925:2300,23.71,84.35,218.25,846.89,70.4,376.8,1.66,190.0,101050.0
20110926:0000,26.43,67.15,483.8,927.01,91.05,379.3,1.86,175.0,101080.0
20110926:0100,28.38,59.0,705.25,914.19,118.6,383.7,2.0,157.0,101090.0
20110926:0200,30.27,48.65,869.65,906.64,129.65,390.95,2.0,137.0,101080.0
20110926:0300,31.9,40.0,960.2,884.59,132.9,396.75,2.07,119.0,101020.0
20110926:0400,33.07,34.05,1009.05,883.61,133.65,402.35,2.21,102.0,100900.0
20110926:0500,33.86,31.95,938.2,819.49,136.05,406.4,2.21,84.0,100780.0
20110926:0600,34.25,29.9,719.95,599.82,179.85,411.25,2.34,66.0,100660.0
20110926:0700,33.78,31.95,549.6,549.19,131.75,427.7,2.69,68.0,100580.0
20110926:0800,33.19,32.9,394.8,534.51,90.35,426.15,2.83,48.0,100560.0
20110926:0900,32.58,36.35,136.05,247.29,52.05,405.85,3.03,34.0,100540.0
20110926:1000,31.23,42.7,6.5,24.77,4.35,413.75,2.48,28.0,100580.0
20110926:1100,30.02,53.7,0.0,-0.0,0.0,407.55,2.0,33.0,100650.0
20110926:1200,29.36,57.3,0.0,-0.0,0.0,419.0,2.0,54.0,100720.0
20110926:1300,28.71,63.2,0.0,-0.0,0.0,407.75,1.79,70.0,100830.0
20110926:1400,28.14,65.2,0.0,-0.0,0.0,408.75,1.45,94.0,100890.0
20110926:1500,27.46,67.3,0.0,-0.0,0.0,403.5,1.38,130.0,100940.0
20110926:1600,26.43,71.75,0.0,-0.0,0.0,395.2,1.03,185.0,100930.0
20110926:1700,25.45,76.5,0.0,-0.0,0.0,391.3,1.38,224.0,100880.0
20110926:1800,24.98,79.05,0.0,-0.0,0.0,396.35,1.59,229.0,100850.0
20110926:1900,24.81,79.05,0.0,-0.0,0.0,389.75,2.07,221.0,100810.0
20110926:2000,24.52,79.05,0.0,-0.0,0.0,390.35,2.14,206.0,100800.0
20110926:2100,24.06,78.95,0.0,-0.0,0.0,381.85,2.07,198.0,100810.0
20110926:2200,23.55,78.9,0.0,-0.0,0.0,376.4,2.07,195.0,100850.0
20110926:2300,23.71,78.9,229.4,887.9,72.3,380.3,1.79,193.0,100920.0
20110927:0000,25.65,64.8,480.3,863.35,112.65,378.15,1.66,183.0,100970.0
20110927:0100,27.72,55.05,718.8,913.64,130.75,375.55,1.66,169.0,101000.0
20110927:0200,29.73,45.35,882.75,913.86,135.4,382.0,1.52,157.0,100980.0
20110927:0300,31.55,35.95,954.15,868.59,140.75,388.2,1.59,142.0,100920.0
20110927:0400,32.85,31.65,961.8,810.96,157.7,393.65,1.86,122.0,100800.0
20110927:0500,33.71,28.75,915.75,780.27,151.65,397.7,2.21,107.0,100680.0
20110927:0600,34.16,26.95,750.7,666.07,150.9,400.8,2.55,96.0,100550.0
20110927:0700,33.76,29.8,554.95,540.95,143.5,409.9,3.03,86.0,100520.0
20110927:0800,33.37,30.7,349.8,432.43,103.7,413.2,3.59,78.0,100490.0
20110927:0900,32.5,35.0,150.75,293.02,51.4,408.35,3.66,78.0,100470.0
20110927:1000,31.27,39.9,6.35,23.22,4.35,396.55,2.76,87.0,100530.0
20110927:1100,29.93,50.2,0.0,-0.0,0.0,397.5,1.86,105.0,100600.0
20110927:1200,29.11,53.55,0.0,-0.0,0.0,397.9,1.52,123.0,100710.0
20110927:1300,28.37,59.0,0.0,-0.0,0.0,401.95,1.1,125.0,100790.0
20110927:1400,27.53,63.0,0.0,-0.0,0.0,402.55,0.97,135.0,100880.0
20110927:1500,26.39,64.95,0.0,-0.0,0.0,390.55,1.38,160.0,100930.0
20110927:1600,25.59,67.05,0.0,-0.0,0.0,386.65,1.66,179.0,100910.0
20110927:1700,24.9,71.5,0.0,-0.0,0.0,380.1,1.93,192.0,100860.0
20110927:1800,24.42,73.85,0.0,-0.0,0.0,382.8,1.93,206.0,100800.0
20110927:1900,23.97,73.75,0.0,-0.0,0.0,382.4,2.0,204.0,100770.0
20110927:2000,23.59,73.75,0.0,-0.0,0.0,378.15,1.86,200.0,100770.0
20110927:2100,23.1,76.2,0.0,-0.0,0.0,374.85,1.79,193.0,100770.0
20110927:2200,22.76,78.75,0.0,-0.0,0.0,377.0,1.79,186.0,100820.0
20110927:2300,22.83,81.45,206.9,691.72,82.9,370.8,1.52,181.0,100890.0
20110928:0000,25.74,64.8,472.4,827.98,118.05,378.55,1.38,169.0,100960.0
20110928:0100,27.77,56.95,668.4,805.34,148.55,381.95,1.66,155.0,101010.0
20110928:0200,29.55,46.9,840.2,840.19,151.8,389.55,1.66,139.0,101010.0
20110928:0300,31.0,42.6,920.3,776.21,192.5,396.35,1.52,123.0,100960.0
20110928:0400,32.16,38.8,905.15,715.55,195.1,403.3,1.52,103.0,100860.0
20110928:0500,32.77,36.35,773.15,547.33,236.95,419.4,1.66,81.0,100750.0
20110928:0600,32.91,36.35,622.75,446.28,220.85,425.4,2.0,64.0,100640.0
20110928:0700,32.5,36.25,488.2,415.47,172.3,419.0,2.41,57.0,100600.0
20110928:0800,32.18,36.25,296.35,285.78,133.85,418.8,2.62,45.0,100600.0
20110928:0900,31.53,39.9,111.1,149.81,60.4,420.75,2.55,38.0,100600.0
20110928:1000,30.53,45.45,6.4,25.15,4.25,419.4,2.21,41.0,100650.0
20110928:1100,29.27,53.55,0.0,-0.0,0.0,391.1,1.72,54.0,100690.0
20110928:1200,28.52,59.0,0.0,-0.0,0.0,394.6,1.72,71.0,100790.0
20110928:1300,27.85,63.0,0.0,-0.0,0.0,391.5,1.66,89.0,100870.0
20110928:1400,27.08,65.1,0.0,-0.0,0.0,390.75,1.52,116.0,100940.0
20110928:1500,26.11,71.75,0.0,-0.0,0.0,390.55,1.24,146.0,100960.0
20110928:1600,25.17,76.5,0.0,-0.0,0.0,386.3,1.31,175.0,100960.0
20110928:1700,24.39,81.65,0.0,-0.0,0.0,385.5,1.31,192.0,100910.0
20110928:1800,23.78,84.35,0.0,-0.0,0.0,383.95,1.38,200.0,100860.0
20110928:1900,24.03,81.65,0.0,-0.0,0.0,396.75,1.52,230.0,100840.0
20110928:2000,23.86,84.35,0.0,-0.0,0.0,394.0,1.66,220.0,100840.0
20110928:2100,23.79,84.35,0.0,-0.0,0.0,396.55,1.72,216.0,100860.0
20110928:2200,23.42,87.1,0.0,-0.0,0.0,389.55,1.66,216.0,100900.0
20110928:2300,23.8,87.15,219.5,787.89,76.45,392.85,1.17,211.0,100980.0
20110929:0000,26.74,67.2,413.95,708.28,109.35,394.2,0.97,179.0,101050.0
20110929:0100,28.17,61.0,629.4,738.65,151.25,410.0,1.1,147.0,101090.0
20110929:0200,29.68,51.9,746.45,678.76,189.3,403.7,1.45,132.0,101100.0
20110929:0300,30.73,45.6,844.6,733.21,156.3,417.45,1.52,122.0,101040.0
20110929:0400,31.72,40.0,863.75,709.18,159.5,415.7,1.45,103.0,100930.0
20110929:0500,32.52,37.5,846.4,724.78,136.1,416.65,1.66,87.0,100820.0
20110929:0600,32.93,36.35,701.1,603.85,157.3,420.15,1.72,81.0,100690.0
20110929:0700,32.93,37.65,539.9,557.45,116.2,423.45,2.41,73.0,100640.0
20110929:0800,32.66,37.65,338.9,437.23,90.5,415.3,2.69,73.0,100630.0
20110929:0900,31.92,40.0,130.75,236.66,50.8,412.4,2.9,73.0,100600.0
20110929:1000,30.74,45.6,5.4,20.62,3.65,413.2,2.62,75.0,100660.0
20110929:1100,29.56,51.9,0.0,-0.0,0.0,410.1,2.14,80.0,100710.0
20110929:1200,28.68,59.1,0.0,-0.0,0.0,397.1,1.86,91.0,100790.0
20110929:1300,28.05,63.1,0.0,-0.0,0.0,394.2,1.72,104.0,100890.0
20110929:1400,27.47,67.3,0.0,-0.0,0.0,394.6,1.66,111.0,100980.0
20110929:1500,26.89,69.5,0.0,-0.0,0.0,391.9,1.86,116.0,101020.0
20110929:1600,26.38,71.75,0.0,-0.0,0.0,394.2,1.86,127.0,101010.0
20110929:1700,26.01,71.75,0.0,-0.0,0.0,400.0,1.93,133.0,100950.0
20110929:1800,25.44,76.5,0.0,-0.0,0.0,387.25,1.93,140.0,100900.0
20110929:1900,24.68,81.7,0.0,-0.0,0.0,384.35,1.52,167.0,100870.0
20110929:2000,23.99,81.65,0.0,-0.0,0.0,382.4,1.59,182.0,100870.0
20110929:2100,23.42,87.1,0.0,-0.0,0.0,377.2,1.79,198.0,100850.0
20110929:2200,22.85,90.05,0.0,-0.0,0.0,375.45,1.72,203.0,100870.0
20110929:2300,23.13,87.1,222.85,822.23,71.7,376.6,1.24,200.0,100940.0
20110930:0000,26.64,69.5,477.4,878.04,98.0,378.15,0.9,170.0,101020.0
20110930:0100,28.56,57.15,683.3,854.72,128.5,385.6,0.97,130.0,101070.0
20110930:0200,30.18,48.65,860.4,873.43,142.2,394.0,1.38,110.0,101090.0
20110930:0300,31.54,44.2,959.95,861.39,150.4,400.4,2.07,99.0,101010.0
20110930:0400,32.54,40.15,939.7,785.58,159.05,404.85,2.62,93.0,100910.0
20110930:0500,33.15,37.75,953.1,839.42,130.2,406.2,2.83,90.0,100780.0
20110930:0600,33.54,36.5,798.3,713.09,156.15,407.95,2.9,90.0,100650.0
20110930:0700,33.39,37.75,639.2,704.5,103.95,412.6,2.97,84.0,100590.0
20110930:0800,33.07,38.95,390.5,537.06,85.65,405.45,2.97,82.0,100550.0
20110930:0900,32.25,41.55,139.55,268.22,49.1,414.35,3.1,77.0,100580.0
20110930:1000,30.82,48.75,5.7,21.37,3.9,421.9,2.9,73.0,100600.0
20110930:1100,29.39,57.3,0.0,-0.0,0.0,403.9,2.28,75.0,100680.0
20110930:1200,28.6,63.2,0.0,-0.0,0.0,402.75,2.0,94.0,100770.0
20110930:1300,28.05,65.2,0.0,-0.0,0.0,400.0,2.21,116.0,100860.0
20110930:1400,27.54,67.3,0.0,-0.0,0.0,398.85,2.28,125.0,100920.0
20110930:1500,27.1,67.3,0.0,-0.0,0.0,396.75,2.14,129.0,100960.0
20110930:1600,23.18,88.5,0.0,-0.0,0.0,379.53,1.42,138.0,100960.0
20110930:1700,23.84,85.1,0.0,-0.0,0.0,381.3,1.5,146.0,100870.0
20110930:1800,24.5,81.7,0.0,-0.0,0.0,383.06,1.58,151.0,100830.0
20110930:1900,25.16,78.3,0.0,-0.0,0.0,384.83,1.65,172.0,100780.0
20110930:2000,25.82,74.9,0.0,-0.0,0.0,386.59,1.73,179.0,100760.0
20110930:2100,26.48,71.5,0.0,-0.0,0.0,388.36,1.81,185.0,100780.0
20110930:2200,27.14,68.09,0.0,-0.0,0.0,390.12,1.88,191.0,100830.0
20110930:2300,27.8,64.69,219.5,820.96,66.75,391.89,1.96,195.0,100910.0
20081001:0000,28.46,61.29,505.65,951.15,90.9,393.65,2.04,153.0,100990.0
20081001:0100,29.12,57.89,739.0,979.86,99.65,395.42,2.12,106.0,101050.0
20081001:0200,29.78,54.49,907.8,968.86,108.5,397.19,2.19,80.0,101050.0
20081001:0300,30.44,51.08,985.8,927.33,112.45,398.95,2.27,76.0,101000.0
20081001:0400,31.1,47.68,960.95,811.01,154.05,400.72,2.35,75.0,100910.0
20081001:0500,31.76,44.28,929.75,819.78,125.7,402.48,2.42,76.0,100810.0
20081001:0600,32.42,40.88,714.25,614.86,160.65,404.25,2.5,80.0,100680.0
20081001:0700,33.08,37.48,597.35,647.89,105.55,406.01,2.58,79.0,100620.0
20081001:0800,33.13,35.25,382.8,521.62,87.25,407.75,3.1,89.0,100580.0
20081001:0900,32.53,37.5,149.5,305.18,46.95,401.4,3.17,97.0,100570.0
20081001:1000,31.28,41.3,6.15,25.88,4.0,395.0,3.17,108.0,100580.0
20081001:1100,29.85,50.2,0.0,-0.0,0.0,392.1,2.83,115.0,100630.0
20081001:1200,28.85,57.15,0.0,-0.0,0.0,386.85,2.62,114.0,100700.0
20081001:1300,28.17,63.1,0.0,-0.0,0.0,388.2,2.14,107.0,100840.0
20081001:1400,27.62,67.4,0.0,-0.0,0.0,391.1,1.79,105.0,100980.0
20081001:1500,27.03,74.25,0.0,-0.0,0.0,393.05,1.66,114.0,101050.0
20081001:1600,26.36,76.65,0.0,-0.0,0.0,393.65,1.59,126.0,101000.0
20081001:1700,25.74,81.8,0.0,-0.0,0.0,393.85,1.52,137.0,100940.0
20081001:1800,25.27,84.45,0.0,-0.0,0.0,399.05,1.38,147.0,100880.0
20081001:1900,24.74,87.25,0.0,-0.0,0.0,390.95,1.52,143.0,100870.0
20081001:2000,24.23,90.1,0.0,-0.0,0.0,389.4,1.31,154.0,100870.0
20081001:2100,23.74,90.1,0.0,-0.0,0.0,387.05,1.45,172.0,100900.0
20081001:2200,23.36,93.05,0.0,-0.0,0.0,386.1,1.38,181.0,100930.0
20081001:2300,24.19,87.2,221.95,661.96,95.9,386.3,1.03,180.0,101000.0
20081002:0000,27.03,74.25,459.5,716.17,145.85,388.2,0.83,152.0,101050.0
20081002:0100,28.74,61.1,694.6,811.11,164.05,394.15,0.76,118.0,101100.0
20081002:0200,30.33,50.3,869.8,816.15,195.45,402.35,1.1,89.0,101090.0
20081002:0300,31.8,44.3,948.85,786.68,207.25,406.2,1.66,79.0,101030.0
20081002:0400,32.89,38.95,975.15,815.2,163.65,412.4,2.28,79.0,100910.0
20081002:0500,33.57,37.75,887.15,689.26,211.0,413.95,2.69,78.0,100820.0
20081002:0600,33.77,35.4,769.5,678.93,158.3,415.3,2.76,79.0,100700.0
20081002:0700,33.35,36.5,569.7,517.91,176.75,419.2,3.24,83.0,100690.0
20081002:0800,33.06,37.65,364.95,474.93,96.1,417.25,3.24,81.0,100660.0
20081002:0900,32.26,38.8,140.5,253.99,55.3,410.65,3.17,76.0,100640.0
20081002:1000,30.88,47.15,5.8,15.75,4.5,404.3,2.76,78.0,100690.0
20081002:1100,29.52,55.4,0.0,-0.0,0.0,395.2,2.0,83.0,100770.0
20081002:1200,28.79,61.1,0.0,-0.0,0.0,397.1,1.66,93.0,100860.0
20081002:1300,28.23,65.2,0.0,-0.0,0.0,395.4,1.72,107.0,100960.0
20081002:1400,27.72,67.4,0.0,-0.0,0.0,395.75,1.93,119.0,101040.0
20081002:1500,27.19,69.6,0.0,-0.0,0.0,393.45,2.07,131.0,101070.0
20081002:1600,26.75,74.25,0.0,-0.0,0.0,395.55,2.14,142.0,101050.0
20081002:1700,26.27,76.65,0.0,-0.0,0.0,395.4,2.0,151.0,100970.0
20081002:1800,25.78,76.6,0.0,-0.0,0.0,393.25,1.93,159.0,100930.0
20081002:1900,25.56,79.15,0.0,-0.0,0.0,392.65,1.93,152.0,100860.0
20081002:2000,25.06,81.75,0.0,-0.0,0.0,390.95,1.72,159.0,100870.0
20081002:2100,24.52,84.4,0.0,-0.0,0.0,389.2,1.59,164.0,100890.0
20081002:2200,24.03,87.2,0.0,-0.0,0.0,387.65,1.59,167.0,100940.0
20081002:2300,24.51,87.2,236.95,822.94,78.5,386.85,1.38,165.0,100990.0
20081003:0000,27.55,69.6,471.35,836.85,103.3,391.3,1.59,148.0,101040.0
20081003:0100,29.31,61.25,692.9,861.04,128.35,399.15,1.93,128.0,101050.0
20081003:0200,31.02,53.9,841.7,814.23,167.95,405.45,2.48,118.0,101050.0
20081003:0300,32.5,45.95,939.2,818.83,166.6,414.35,2.83,109.0,100990.0
20081003:0400,33.65,40.55,983.35,843.12,143.65,418.0,3.03,99.0,100920.0
20081003:0500,34.44,36.75,895.4,742.87,166.55,424.8,3.17,88.0,100800.0
20081003:0600,34.84,34.45,753.55,690.05,132.45,425.0,3.38,81.0,100720.0
20081003:0700,34.71,36.9,538.15,574.81,102.25,431.4,3.79,80.0,100640.0
20081003:0800,34.05,39.2,336.6,445.66,84.55,430.4,3.79,78.0,100600.0
20081003:0900,33.25,40.4,127.8,247.1,45.05,426.75,3.86,87.0,100600.0
20081003:1000,32.06,47.4,5.0,17.07,3.6,420.9,3.59,100.0,100670.0
20081003:1100,30.79,53.9,0.0,-0.0,0.0,427.3,3.03,108.0,100730.0
20081003:1200,29.92,61.35,0.0,-0.0,0.0,419.75,2.83,115.0,100820.0
20081003:1300,29.18,65.4,0.0,-0.0,0.0,413.4,2.41,119.0,100890.0
20081003:1400,28.43,69.65,0.0,-0.0,0.0,413.75,1.59,134.0,100960.0
20081003:1500,27.99,69.65,0.0,-0.0,0.0,417.65,1.59,123.0,101030.0
20081003:1600,27.41,71.9,0.0,-0.0,0.0,408.75,1.24,149.0,100990.0
20081003:1700,26.55,74.25,0.0,-0.0,0.0,404.65,1.1,179.0,100910.0
20081003:1800,25.89,79.15,0.0,-0.0,0.0,401.95,1.24,187.0,100860.0
20081003:1900,25.35,81.75,0.0,-0.0,0.0,397.3,1.45,196.0,100840.0
20081003:2000,24.98,84.4,0.0,-0.0,0.0,396.95,1.52,202.0,100840.0
20081003:2100,24.69,84.4,0.0,-0.0,0.0,395.2,1.66,198.0,100850.0
20081003:2200,24.38,87.2,0.0,-0.0,0.0,393.65,1.66,190.0,100870.0
20081003:2300,24.84,87.25,226.4,813.38,68.1,392.45,1.1,176.0,100930.0
20081004:0000,27.85,67.4,462.65,826.98,97.45,397.1,1.1,132.0,101010.0
20081004:0100,29.61,59.35,682.85,833.74,134.95,404.6,1.59,120.0,101050.0
20081004:0200,31.33,52.25,822.0,806.33,153.85,413.0,2.34,118.0,101050.0
20081004:0300,32.68,46.1,940.25,813.49,172.05,420.55,2.9,110.0,100970.0
20081004:0400,33.76,41.95,986.0,861.83,127.3,426.75,3.31,102.0,100860.0
20081004:0500,34.56,38.0,897.6,763.44,148.5,427.3,3.59,94.0,100740.0
20081004:0600,34.88,35.65,754.25,699.25,125.0,428.85,3.72,87.0,100640.0
20081004:0700,34.98,35.65,561.6,606.84,101.65,432.35,3.93,80.0,100560.0
20081004:0800,34.49,36.75,348.4,441.91,98.7,427.9,3.79,88.0,100520.0
20081004:0900,33.82,37.9,127.95,252.89,43.4,420.75,3.72,104.0,100530.0
20081004:1000,32.54,44.45,4.8,17.78,3.35,418.2,3.45,103.0,100610.0
20081004:1100,31.11,54.05,0.0,-0.0,0.0,416.3,2.55,105.0,100700.0
20081004:1200,30.23,59.45,0.0,-0.0,0.0,412.8,2.14,116.0,100760.0
20081004:1300,29.64,63.4,0.0,-0.0,0.0,415.1,1.72,127.0,100870.0
20081004:1400,28.94,67.5,0.0,-0.0,0.0,411.65,1.17,138.0,100930.0
20081004:1500,28.3,72.0,0.0,-0.0,0.0,412.2,0.41,135.0,100970.0
20081004:1600,28.17,69.65,0.0,-0.0,0.0,413.75,0.34,50.0,100980.0
20081004:1700,26.85,76.7,0.0,-0.0,0.0,407.55,0.55,300.0,100940.0
20081004:1800,25.9,81.8,0.0,-0.0,0.0,403.1,1.38,296.0,100940.0
20081004:1900,25.48,81.75,0.0,-0.0,0.0,394.2,1.38,210.0,100850.0
20081004:2000,24.99,84.4,0.0,-0.0,0.0,395.4,1.45,205.0,100840.0
20081004:2100,24.53,81.7,0.0,-0.0,0.0,393.05,1.45,196.0,100860.0
20081004:2200,24.12,84.35,0.0,-0.0,0.0,390.9,1.45,188.0,100920.0
20081004:2300,24.92,84.4,219.85,680.38,86.05,390.75,1.45,182.0,101000.0
20081005:0000,27.83,65.2,448.9,707.45,135.25,394.4,1.79,165.0,101060.0
20081005:0100,29.58,55.5,681.15,766.63,176.25,400.7,1.93,150.0,101080.0
20081005:0200,31.29,48.9,831.65,753.26,206.65,407.95,1.93,128.0,101060.0
20081005:0300,32.7,43.1,924.1,748.15,217.05,416.3,2.41,112.0,100980.0
20081005:0400,33.78,39.2,963.15,737.4,228.15,420.75,2.76,106.0,100890.0
20081005:0500,34.62,35.65,871.6,682.58,201.8,423.25,2.9,100.0,100770.0
20081005:0600,35.07,34.45,679.7,558.98,176.8,426.9,2.97,95.0,100650.0
20081005:0700,34.3,38.0,535.0,545.92,121.45,429.65,2.69,83.0,100640.0
20081005:0800,33.96,39.2,338.9,433.29,94.3,423.65,2.97,91.0,100600.0
20081005:0900,33.34,40.4,129.75,237.87,50.35,423.65,2.9,100.0,100580.0
20081005:1000,32.4,44.45,5.2,14.18,4.05,416.1,2.69,108.0,100620.0
20081005:1100,31.1,52.25,0.0,-0.0,0.0,412.2,1.79,101.0,100720.0
20081005:1200,30.18,59.45,0.0,-0.0,0.0,408.55,1.17,69.0,100810.0
20081005:1300,29.42,67.6,0.0,-0.0,0.0,409.3,0.9,30.0,100920.0
20081005:1400,27.97,69.65,0.0,-0.0,0.0,405.25,1.17,9.0,101040.0
20081005:1500,27.48,74.3,0.0,-0.0,0.0,402.35,1.66,341.0,101080.0
20081005:1600,26.89,79.3,0.0,-0.0,0.0,405.45,1.24,349.0,101050.0
20081005:1700,26.41,81.85,0.0,-0.0,0.0,404.1,0.9,339.0,101000.0
20081005:1800,26.28,81.85,0.0,-0.0,0.0,400.0,0.76,270.0,100960.0
20081005:1900,25.31,81.75,0.0,-0.0,0.0,402.35,1.24,200.0,100910.0
20081005:2000,24.89,84.4,0.0,-0.0,0.0,398.1,1.24,205.0,100870.0
20081005:2100,25.07,81.75,0.0,-0.0,0.0,397.1,1.1,209.0,100900.0
20081005:2200,24.54,84.4,0.0,-0.0,0.0,393.65,1.17,202.0,100960.0
20081005:2300,24.95,87.25,230.5,762.91,78.95,392.3,1.31,191.0,101000.0
20081006:0000,27.78,67.4,476.1,802.28,119.05,395.0,1.52,163.0,101050.0
20081006:0100,29.47,61.25,684.7,838.81,131.1,402.05,1.66,140.0,101070.0
20081006:0200,31.16,50.55,822.95,807.21,152.35,409.7,1.79,119.0,101070.0
20081006:0300,32.47,45.95,929.0,807.36,165.45,422.85,2.14,106.0,100980.0
20081006:0400,33.46,41.8,900.65,761.82,141.05,426.55,2.48,97.0,100870.0
20081006:0500,33.99,39.2,859.15,732.3,140.55,433.5,2.55,85.0,100760.0
20081006:0600,34.29,38.0,735.15,651.68,149.0,430.0,2.69,76.0,100670.0
20081006:0700,34.07,37.9,566.65,600.64,111.9,420.75,2.28,67.0,100650.0
20081006:0800,33.9,37.9,371.3,486.52,96.9,422.3,2.21,67.0,100600.0
20081006:0900,33.39,39.05,134.7,224.44,59.9,417.25,2.34,72.0,100630.0
20081006:1000,32.28,44.45,4.6,6.2,4.1,418.8,2.97,76.0,100650.0
20081006:1100,30.78,53.9,0.0,-0.0,0.0,416.1,2.76,74.0,100720.0
20081006:1200,29.86,61.35,0.0,-0.0,0.0,416.1,2.41,71.0,100800.0
20081006:1300,29.25,67.6,0.0,-0.0,0.0,413.4,2.21,75.0,100900.0
20081006:1400,28.14,72.0,0.0,-0.0,0.0,418.4,1.72,88.0,100970.0
20081006:1500,27.23,71.9,0.0,-0.0,0.0,414.35,1.59,77.0,101050.0
20081006:1600,26.89,76.7,0.0,-0.0,0.0,417.05,0.76,22.0,101020.0
20081006:1700,26.42,79.2,0.0,-0.0,0.0,409.9,1.03,297.0,100940.0
20081006:1800,26.2,79.2,0.0,-0.0,0.0,417.65,1.1,285.0,100890.0
20081006:1900,25.78,81.8,0.0,-0.0,0.0,401.0,1.17,229.0,100820.0
20081006:2000,25.27,84.45,0.0,-0.0,0.0,397.7,1.17,222.0,100820.0
20081006:2100,24.86,87.25,0.0,-0.0,0.0,395.95,1.45,216.0,100850.0
20081006:2200,24.64,87.25,0.0,-0.0,0.0,394.8,1.66,215.0,100910.0
20081006:2300,25.3,84.45,226.45,646.34,96.8,395.0,1.52,214.0,100950.0
20081007:0000,27.67,67.4,425.55,587.78,163.0,400.4,0.97,202.0,101010.0
20081007:0100,29.12,63.3,655.4,717.3,181.05,407.5,0.55,168.0,101020.0
20081007:0200,30.68,53.9,835.95,770.38,195.2,413.75,0.48,96.0,101010.0
20081007:0300,32.05,49.0,902.0,719.65,220.95,426.35,0.97,69.0,100920.0
20081007:0400,32.95,44.55,944.05,764.17,181.9,432.35,1.59,57.0,100860.0
20081007:0500,33.63,40.55,873.0,710.15,176.15,430.8,2.14,51.0,100760.0
20081007:0600,33.94,40.55,667.15,594.1,132.95,436.0,2.55,48.0,100680.0
20081007:0700,33.6,43.2,467.35,445.43,130.3,438.15,1.93,47.0,100610.0
20081007:0800,32.94,46.1,281.6,344.46,87.5,436.4,1.59,62.0,100650.0
20081007:0900,30.44,57.5,117.4,219.52,44.35,435.45,1.79,69.0,100640.0
20081007:1000,29.74,59.35,3.75,5.61,3.3,428.45,1.45,68.0,100710.0
20081007:1100,29.37,63.3,0.0,-0.0,0.0,431.95,1.66,68.0,100770.0
20081007:1200,28.93,67.5,0.0,-0.0,0.0,423.85,1.31,62.0,100870.0
20081007:1300,28.62,69.75,0.0,-0.0,0.0,425.0,1.03,58.0,100940.0
20081007:1400,27.11,81.95,0.0,-0.0,0.0,425.2,0.69,34.0,101000.0
20081007:1500,27.66,69.65,0.0,-0.0,0.0,436.8,0.83,303.0,101010.0
20081007:1600,26.81,81.9,0.0,-0.0,0.0,432.15,1.1,265.0,100990.0
20081007:1700,26.63,81.9,0.0,-0.0,0.0,433.9,1.31,269.0,100920.0
20081007:1800,26.02,87.3,0.0,-0.0,0.0,431.55,0.9,283.0,100870.0
20081007:1900,26.48,79.2,0.0,-0.0,0.0,428.1,0.69,263.0,100830.0
20081007:2000,26.07,87.35,0.0,-0.0,0.0,427.1,0.76,247.0,100800.0
20081007:2100,26.4,76.65,0.0,-0.0,0.0,417.85,1.1,212.0,100830.0
20081007:2200,26.04,84.55,0.0,-0.0,0.0,420.15,0.76,201.0,100900.0
20081007:2300,26.11,84.55,184.05,374.59,108.2,412.2,0.55,218.0,100950.0
20081008:0000,27.37,71.9,404.3,530.39,166.55,417.45,0.28,259.0,101020.0
20081008:0100,28.69,67.5,602.2,536.18,246.95,418.7,0.14,260.0,101040.0
20081008:0200,29.9,61.35,753.7,576.83,273.4,425.4,0.41,65.0,101000.0
20081008:0300,31.01,57.6,797.95,431.77,389.1,433.7,1.66,43.0,100960.0
20081008:0400,31.44,57.75,740.6,358.11,383.35,437.0,2.07,48.0,100860.0
20081008:0500,31.79,55.95,733.9,406.49,335.05,439.9,2.62,46.0,100730.0
20081008:0600,31.47,57.75,361.0,101.51,269.75,437.75,2.76,31.0,100650.0
20081008:0700,29.05,69.75,244.75,37.88,216.1,436.4,2.69,358.0,100710.0
20081008:0800,28.54,74.4,127.5,10.48,121.6,431.0,2.34,18.0,100750.0
20081008:0900,28.08,74.4,43.35,4.21,41.95,433.3,1.72,29.0,100750.0
20081008:1000,27.95,74.4,2.25,0.0,2.25,434.1,1.1,53.0,100810.0
20081008:1100,27.79,74.4,0.0,-0.0,0.0,429.85,0.55,66.0,100880.0
20081008:1200,27.6,74.4,0.0,-0.0,0.0,428.3,0.14,10.0,100940.0
20081008:1300,26.91,81.9,0.0,-0.0,0.0,425.2,0.55,10.0,100960.0
20081008:1400,26.68,81.9,0.0,-0.0,0.0,419.0,0.55,21.0,101020.0
20081008:1500,26.28,87.35,0.0,-0.0,0.0,423.05,0.9,28.0,101060.0
20081008:1600,25.82,90.2,0.0,-0.0,0.0,421.1,0.9,347.0,101020.0
20081008:1700,25.85,87.3,0.0,-0.0,0.0,427.3,1.03,305.0,100960.0
20081008:1800,25.74,87.3,0.0,-0.0,0.0,426.15,1.24,276.0,100890.0
20081008:1900,25.67,81.8,0.0,-0.0,0.0,415.3,1.31,217.0,100830.0
20081008:2000,25.3,84.45,0.0,-0.0,0.0,410.3,1.24,205.0,100800.0
20081008:2100,25.08,84.45,0.0,-0.0,0.0,413.0,1.17,182.0,100820.0
20081008:2200,24.85,90.15,0.0,-0.0,0.0,407.95,1.24,160.0,100860.0
20081008:2300,25.54,84.5,142.95,186.95,104.75,406.4,1.31,135.0,100930.0
20081009:0000,27.23,74.3,347.05,328.94,199.1,405.85,2.0,115.0,101030.0
20081009:0100,28.47,72.0,551.15,460.48,245.5,411.35,2.48,116.0,101050.0
20081009:0200,29.64,63.4,585.8,455.25,206.35,419.75,2.83,115.0,101010.0
20081009:0300,30.45,61.45,820.7,604.53,247.95,423.85,2.97,109.0,100940.0
20081009:0400,31.51,55.85,811.65,623.89,189.15,428.1,3.1,99.0,100830.0
20081009:0500,32.2,52.5,862.2,671.84,203.05,431.75,3.24,90.0,100760.0
20081009:0600,32.63,49.25,672.8,492.62,230.15,430.8,3.45,81.0,100630.0
20081009:0700,32.2,54.25,400.05,282.88,186.25,440.65,2.97,72.0,100630.0
20081009:0800,31.73,55.95,238.25,181.61,136.1,443.35,3.38,78.0,100610.0
20081009:0900,31.08,59.55,83.05,40.53,69.6,438.75,3.03,100.0,100670.0
20081009:1000,29.38,65.4,3.75,1.89,3.6,431.75,2.97,108.0,100740.0
20081009:1100,28.63,69.75,0.0,-0.0,0.0,429.45,3.1,108.0,100840.0
20081009:1200,28.09,74.4,0.0,-0.0,0.0,420.35,2.62,118.0,100890.0
20081009:1300,27.83,74.4,0.0,-0.0,0.0,423.85,2.28,129.0,100920.0
20081009:1400,27.55,74.4,0.0,-0.0,0.0,417.25,2.14,133.0,100980.0
20081009:1500,27.24,76.8,0.0,-0.0,0.0,413.75,2.0,136.0,101030.0
20081009:1600,26.88,76.7,0.0,-0.0,0.0,416.45,1.93,134.0,101000.0
20081009:1700,26.49,81.85,0.0,-0.0,0.0,409.5,1.66,138.0,100950.0
20081009:1800,26.06,81.85,0.0,-0.0,0.0,410.3,1.52,163.0,100860.0
20081009:1900,25.66,84.5,0.0,-0.0,0.0,407.75,1.38,189.0,100820.0
20081009:2000,25.23,84.45,0.0,-0.0,0.0,402.35,1.52,188.0,100820.0
20081009:2100,24.96,87.25,0.0,-0.0,0.0,402.55,1.59,190.0,100830.0
20081009:2200,24.72,87.25,0.0,-0.0,0.0,399.85,1.66,194.0,100870.0
20081009:2300,25.36,87.3,251.9,849.49,76.8,397.3,1.38,198.0,100920.0
20081010:0000,27.73,69.65,491.5,868.06,99.8,400.8,1.1,186.0,100990.0
20081010:0100,29.17,63.3,732.55,928.11,115.45,406.7,0.83,152.0,101040.0
20081010:0200,30.69,57.6,890.0,928.99,114.95,413.2,1.1,105.0,100990.0
20081010:0300,32.06,52.4,979.8,892.89,133.45,417.05,2.07,87.0,100900.0
20081010:0400,33.15,44.7,940.85,804.99,137.55,419.55,3.24,84.0,100820.0
20081010:0500,33.68,41.95,846.5,728.51,131.85,420.35,4.07,88.0,100710.0
20081010:0600,33.73,40.55,779.4,718.91,133.65,423.05,4.62,89.0,100620.0
20081010:0700,33.74,37.9,578.5,618.21,111.55,418.0,4.69,88.0,100560.0
20081010:0800,33.21,39.05,296.75,386.04,79.8,419.2,4.69,89.0,100520.0
20081010:0900,32.36,42.95,119.8,219.38,47.1,417.65,4.55,95.0,100530.0
20081010:1000,31.15,50.55,4.75,17.03,3.4,421.3,3.79,104.0,100570.0
20081010:1100,29.96,61.35,0.0,-0.0,0.0,414.15,3.45,108.0,100670.0
20081010:1200,29.18,67.6,0.0,-0.0,0.0,414.35,3.24,107.0,100780.0
20081010:1300,28.59,72.1,0.0,-0.0,0.0,413.75,3.1,100.0,100870.0
20081010:1400,28.21,76.85,0.0,-0.0,0.0,418.6,3.03,94.0,100960.0
20081010:1500,27.91,76.85,0.0,-0.0,0.0,421.1,2.55,97.0,101000.0
20081010:1600,27.44,79.35,0.0,-0.0,0.0,418.8,2.55,110.0,100980.0
20081010:1700,27.1,79.35,0.0,-0.0,0.0,418.0,1.93,128.0,100910.0
20081010:1800,26.81,81.9,0.0,-0.0,0.0,412.8,2.0,153.0,100840.0
20081010:1900,26.4,84.55,0.0,-0.0,0.0,405.65,1.86,171.0,100790.0
20081010:2000,26.03,84.5,0.0,-0.0,0.0,403.5,1.79,180.0,100800.0
20081010:2100,25.63,84.5,0.0,-0.0,0.0,399.45,1.86,187.0,100820.0
20081010:2200,25.19,84.45,0.0,-0.0,0.0,397.7,1.59,192.0,100890.0
20081010:2300,25.66,84.5,258.4,864.75,78.65,398.85,1.24,189.0,100970.0
20081011:0000,28.08,69.65,481.65,824.84,108.3,395.55,0.97,165.0,101030.0
20081011:0100,29.78,61.35,699.7,828.27,148.1,402.25,1.66,130.0,101090.0
20081011:0200,31.33,50.55,883.55,892.55,138.25,411.45,3.1,113.0,101070.0
20081011:0300,32.47,44.45,993.55,916.15,124.8,413.95,4.62,103.0,101000.0
20081011:0400,33.13,39.05,986.35,870.75,117.35,411.25,5.66,98.0,100920.0
20081011:0500,33.35,39.05,901.85,799.65,117.55,413.95,5.86,96.0,100780.0
20081011:0600,33.47,37.75,772.65,722.37,124.05,405.25,5.93,95.0,100680.0
20081011:0700,33.32,36.5,595.3,649.72,104.85,406.4,6.07,96.0,100650.0
20081011:0800,32.61,38.95,368.85,505.7,84.9,402.9,5.79,98.0,100600.0
20081011:0900,31.69,44.3,144.05,295.94,46.1,397.3,5.17,102.0,100550.0
20081011:1000,30.41,52.05,5.45,22.78,3.65,392.65,4.14,110.0,100600.0
20081011:1100,29.28,59.2,0.0,-0.0,0.0,389.55,3.24,112.0,100690.0
20081011:1200,28.61,65.3,0.0,-0.0,0.0,391.7,2.97,103.0,100810.0
20081011:1300,28.08,69.65,0.0,-0.0,0.0,391.3,2.83,94.0,100890.0
20081011:1400,27.76,72.0,0.0,-0.0,0.0,398.85,2.76,91.0,100950.0
20081011:1500,27.39,76.8,0.0,-0.0,0.0,394.6,2.62,99.0,100980.0
20081011:1600,26.97,79.3,0.0,-0.0,0.0,397.5,2.0,122.0,100940.0
20081011:1700,26.34,79.2,0.0,-0.0,0.0,397.9,1.66,155.0,100830.0
20081011:1800,25.59,81.8,0.0,-0.0,0.0,393.85,1.52,173.0,100740.0
20081011:1900,25.01,87.25,0.0,-0.0,0.0,390.95,1.31,187.0,100710.0
20081011:2000,24.57,84.4,0.0,-0.0,0.0,393.25,1.38,194.0,100680.0
20081011:2100,24.11,87.2,0.0,-0.0,0.0,388.8,1.45,196.0,100730.0
20081011:2200,23.78,90.1,0.0,-0.0,0.0,388.6,1.38,196.0,100750.0
20081011:2300,24.76,87.25,247.7,864.47,66.55,389.0,1.1,189.0,100820.0
20081012:0000,28.0,67.4,491.45,835.63,112.1,396.55,0.97,153.0,100890.0
20081012:0100,29.58,61.35,731.95,935.49,108.0,405.75,1.31,119.0,100930.0
20081012:0200,31.11,54.05,879.6,895.43,131.3,413.0,1.93,103.0,100930.0
20081012:0300,32.36,49.15,929.05,794.43,175.45,419.4,2.9,91.0,100870.0
20081012:0400,33.24,46.2,916.8,781.69,136.65,426.75,3.72,87.0,100790.0
20081012:0500,33.71,43.35,848.0,715.43,146.45,433.3,4.21,86.0,100680.0
20081012:0600,33.68,43.35,652.55,577.61,134.15,438.9,4.34,86.0,100580.0
20081012:0700,33.53,44.7,509.35,495.17,135.8,439.5,4.76,87.0,100600.0
20081012:0800,33.13,43.2,252.05,266.65,102.45,437.75,4.9,93.0,100550.0
20081012:0900,31.96,47.4,87.05,116.46,48.55,431.75,3.86,101.0,100590.0
20081012:1000,31.05,53.9,4.2,12.06,3.25,430.4,2.83,110.0,100600.0
20081012:1100,30.21,59.45,0.0,-0.0,0.0,421.5,2.34,115.0,100700.0
20081012:1200,29.66,63.4,0.0,-0.0,0.0,420.55,2.0,103.0,100800.0
20081012:1300,29.13,69.85,0.0,-0.0,0.0,417.25,2.07,98.0,100880.0
20081012:1400,28.67,72.1,0.0,-0.0,0.0,419.4,2.07,107.0,100920.0
20081012:1500,28.26,76.85,0.0,-0.0,0.0,419.55,2.0,118.0,100920.0
20081012:1600,27.75,76.85,0.0,-0.0,0.0,414.75,1.86,129.0,100880.0
20081012:1700,27.13,79.35,0.0,-0.0,0.0,407.75,1.72,152.0,100790.0
20081012:1800,26.56,81.9,0.0,-0.0,0.0,406.0,1.52,166.0,100750.0
20081012:1900,26.11,84.55,0.0,-0.0,0.0,407.95,1.31,189.0,100690.0
20081012:2000,25.52,87.3,0.0,-0.0,0.0,403.5,1.17,204.0,100690.0
20081012:2100,25.26,87.3,0.0,-0.0,0.0,403.9,1.38,216.0,100740.0
20081012:2200,25.04,87.3,0.0,-0.0,0.0,404.3,1.52,216.0,100780.0
20081012:2300,25.75,87.3,252.25,834.83,75.95,400.4,1.1,213.0,100830.0
20081013:0000,28.46,69.65,500.45,882.28,98.8,404.1,0.69,199.0,100890.0
20081013:0100,30.04,61.35,705.0,874.13,121.15,411.55,0.34,133.0,100930.0
20081013:0200,31.44,54.05,862.5,859.33,143.85,417.85,1.1,67.0,100930.0
20081013:0300,32.69,49.25,954.55,856.85,141.5,423.85,2.14,67.0,100870.0
20081013:0400,33.6,46.2,971.6,827.44,145.8,428.85,2.62,75.0,100780.0
20081013:0500,34.28,42.05,892.6,769.41,138.3,431.95,3.03,81.0,100660.0
20081013:0600,34.45,40.65,700.5,607.18,155.8,432.55,3.66,77.0,100570.0
20081013:0700,33.45,46.2,559.4,540.18,152.15,431.4,3.17,58.0,100600.0
20081013:0800,32.44,49.15,263.65,270.35,112.1,433.7,2.55,60.0,100550.0
20081013:0900,31.67,50.7,122.25,206.83,53.95,427.7,1.93,64.0,100530.0
20081013:1000,30.99,55.75,5.0,17.18,3.65,425.2,1.31,66.0,100580.0
20081013:1100,30.09,59.45,0.0,-0.0,0.0,414.9,0.83,50.0,100650.0
20081013:1200,29.48,65.4,0.0,-0.0,0.0,410.3,0.83,18.0,100740.0
20081013:1300,28.55,74.4,0.0,-0.0,0.0,409.1,1.03,355.0,100790.0
20081013:1400,27.87,76.85,0.0,-0.0,0.0,409.7,1.38,339.0,100890.0
20081013:1500,27.2,76.8,0.0,-0.0,0.0,410.1,1.45,339.0,100930.0
20081013:1600,26.76,81.9,0.0,-0.0,0.0,410.3,1.1,320.0,100880.0
20081013:1700,27.43,76.8,0.0,-0.0,0.0,408.75,0.41,342.0,100830.0
20081013:1800,27.25,79.35,0.0,-0.0,0.0,408.35,0.21,226.0,100780.0
20081013:1900,27.1,71.9,0.0,-0.0,0.0,412.8,0.69,216.0,100780.0
20081013:2000,26.0,79.15,0.0,-0.0,0.0,405.45,0.97,249.0,100780.0
20081013:2100,25.13,81.75,0.0,-0.0,0.0,403.5,1.24,243.0,100800.0
20081013:2200,25.73,81.8,0.0,-0.0,0.0,408.75,0.97,250.0,100840.0
20081013:2300,25.98,87.3,260.9,881.07,73.45,405.65,0.9,258.0,100910.0
20081014:0000,28.18,72.0,448.0,765.03,98.8,406.0,0.55,276.0,100990.0
20081014:0100,29.49,65.4,727.45,926.89,107.55,413.85,0.28,291.0,101030.0
20081014:0200,31.02,57.6,888.25,932.09,108.25,417.65,0.34,53.0,101010.0
20081014:0300,32.39,50.8,984.55,907.96,122.8,429.45,1.17,65.0,100950.0
20081014:0400,33.47,47.75,924.15,793.96,131.8,428.1,2.07,62.0,100850.0
20081014:0500,33.95,44.8,877.1,766.77,125.6,434.85,2.76,65.0,100720.0
20081014:0600,34.16,43.45,751.25,707.27,117.05,428.65,3.17,68.0,100600.0
20081014:0700,34.15,42.05,582.1,629.45,107.85,429.65,3.45,61.0,100560.0
20081014:0800,33.69,43.35,285.25,382.24,71.15,423.85,3.45,62.0,100520.0
20081014:0900,32.78,46.1,123.4,246.44,42.1,431.4,3.24,79.0,100550.0
20081014:1000,31.69,52.4,4.95,19.12,3.45,414.35,2.83,97.0,100590.0
20081014:1100,30.61,59.55,0.0,-0.0,0.0,414.15,2.41,107.0,100700.0
20081014:1200,29.75,63.4,0.0,-0.0,0.0,412.0,2.28,113.0,100810.0
20081014:1300,29.16,67.6,0.0,-0.0,0.0,410.85,1.93,118.0,100900.0
20081014:1400,28.64,69.75,0.0,-0.0,0.0,408.9,1.59,120.0,100980.0
20081014:1500,27.82,72.0,0.0,-0.0,0.0,407.75,1.38,126.0,100990.0
20081014:1600,27.05,74.3,0.0,-0.0,0.0,408.15,1.24,121.0,100980.0
20081014:1700,26.31,79.2,0.0,-0.0,0.0,403.9,1.17,142.0,100890.0
20081014:1800,25.86,79.15,0.0,-0.0,0.0,403.7,1.24,151.0,100830.0
20081014:1900,25.61,79.15,0.0,-0.0,0.0,401.2,1.52,174.0,100830.0
20081014:2000,25.42,81.75,0.0,-0.0,0.0,399.25,1.79,182.0,100800.0
20081014:2100,25.1,81.75,0.0,-0.0,0.0,394.6,1.86,190.0,100800.0
20081014:2200,24.61,84.4,0.0,-0.0,0.0,390.55,1.66,196.0,100830.0
20081014:2300,25.23,84.45,263.4,887.68,73.2,390.75,1.24,200.0,100870.0
20081015:0000,28.28,65.2,524.55,935.33,96.55,393.05,0.83,186.0,100950.0
20081015:0100,29.97,57.4,742.85,935.25,116.6,396.85,0.69,137.0,100990.0
20081015:0200,31.56,52.25,887.8,898.41,135.55,404.85,1.45,98.0,100960.0
20081015:0300,32.85,46.1,1015.7,954.31,109.8,409.9,2.69,90.0,100910.0
20081015:0400,33.86,40.55,985.0,855.57,131.25,415.7,3.79,89.0,100800.0
20081015:0500,34.29,38.0,915.95,793.18,138.8,419.2,4.48,88.0,100700.0
20081015:0600,34.5,36.75,706.8,639.22,133.9,417.65,4.69,88.0,100590.0
20081015:0700,33.88,39.2,609.2,672.81,102.6,420.75,4.48,94.0,100560.0
20081015:0800,33.71,37.9,390.7,555.49,79.8,416.65,4.55,96.0,100510.0
20081015:0900,32.84,41.65,144.5,299.47,45.8,409.9,4.48,100.0,100490.0
20081015:1000,31.49,48.9,5.3,22.97,3.5,409.3,3.79,106.0,100530.0
20081015:1100,30.15,57.5,0.0,-0.0,0.0,402.15,3.1,112.0,100600.0
20081015:1200,29.35,63.3,0.0,-0.0,0.0,400.4,2.97,116.0,100680.0
20081015:1300,28.79,67.5,0.0,-0.0,0.0,399.85,2.69,115.0,100750.0
20081015:1400,28.35,72.0,0.0,-0.0,0.0,399.45,2.48,111.0,100850.0
20081015:1500,27.9,74.4,0.0,-0.0,0.0,399.25,2.0,120.0,100880.0
20081015:1600,27.29,76.8,0.0,-0.0,0.0,398.45,1.66,142.0,100830.0
20081015:1700,26.41,81.85,0.0,-0.0,0.0,395.75,1.45,157.0,100750.0
20081015:1800,25.63,84.5,0.0,-0.0,0.0,395.0,1.31,173.0,100680.0
20081015:1900,25.37,87.3,0.0,-0.0,0.0,392.1,1.24,180.0,100630.0
20081015:2000,24.93,87.25,0.0,-0.0,0.0,393.45,1.59,184.0,100640.0
20081015:2100,24.64,87.25,0.0,-0.0,0.0,390.55,1.79,186.0,100650.0
20081015:2200,24.39,90.1,0.0,-0.0,0.0,390.55,1.79,189.0,100680.0
20081015:2300,25.33,84.45,263.1,862.23,77.1,392.65,1.38,188.0,100760.0
20081016:0000,28.15,69.65,522.95,926.04,98.2,399.05,1.1,181.0,100830.0
20081016:0100,29.79,61.35,745.4,950.32,108.35,403.4,0.62,143.0,100870.0
20081016:0200,31.3,54.05,920.8,965.11,112.3,412.0,0.76,102.0,100840.0
20081016:0300,32.76,46.1,904.95,789.88,155.05,418.0,1.38,82.0,100770.0
20081016:0400,33.53,43.2,979.5,836.4,145.0,425.75,2.07,68.0,100670.0
20081016:0500,34.22,39.3,898.8,789.22,125.8,423.85,2.55,63.0,100540.0
20081016:0600,34.4,39.3,770.9,722.48,123.7,423.85,2.62,62.0,100430.0
20081016:0700,34.62,35.65,616.45,690.64,96.75,423.05,3.03,75.0,100330.0
20081016:0800,34.4,36.75,365.7,503.52,84.1,416.1,3.31,74.0,100310.0
20081016:0900,33.61,37.9,144.0,301.08,44.85,412.6,3.17,77.0,100330.0
20081016:1000,32.37,44.45,5.1,22.35,3.35,410.3,2.69,80.0,100370.0
20081016:1100,31.06,53.9,0.0,-0.0,0.0,405.85,1.86,76.0,100440.0
20081016:1200,30.3,59.45,0.0,-0.0,0.0,405.45,1.24,71.0,100530.0
20081016:1300,29.53,65.4,0.0,-0.0,0.0,406.8,0.97,68.0,100620.0
20081016:1400,28.75,69.75,0.0,-0.0,0.0,401.95,0.83,59.0,100720.0
20081016:1500,28.96,69.75,0.0,-0.0,0.0,401.95,0.69,77.0,100770.0
20081016:1600,28.29,72.0,0.0,-0.0,0.0,402.35,0.83,126.0,100700.0
20081016:1700,27.91,72.0,0.0,-0.0,0.0,402.15,0.9,136.0,100640.0
20081016:1800,27.77,72.0,0.0,-0.0,0.0,401.0,0.83,153.0,100620.0
20081016:1900,25.81,84.5,0.0,-0.0,0.0,402.35,1.66,144.0,100580.0
20081016:2000,25.49,87.3,0.0,-0.0,0.0,398.85,1.72,167.0,100570.0
20081016:2100,25.19,87.3,0.0,-0.0,0.0,396.75,1.72,185.0,100590.0
20081016:2200,25.03,81.75,0.0,-0.0,0.0,398.65,1.72,198.0,100650.0
20081016:2300,25.93,81.8,249.1,806.95,73.9,397.5,1.45,208.0,100700.0
20081017:0000,28.73,67.5,511.35,894.2,100.3,410.1,1.38,202.0,100740.0
20081017:0100,30.36,57.5,706.05,878.57,116.5,410.8,1.03,190.0,100760.0
20081017:0200,31.76,49.0,822.2,782.8,166.15,422.3,0.69,140.0,100720.0
20081017:0300,32.79,46.1,839.5,723.31,152.75,432.35,1.1,91.0,100670.0
20081017:0400,33.15,43.2,856.35,694.41,163.65,434.45,1.52,76.0,100600.0
20081017:0500,33.6,43.2,839.8,714.64,140.1,440.65,1.86,64.0,100520.0
20081017:0600,33.88,41.95,708.75,621.49,152.3,431.2,2.07,59.0,100420.0
20081017:0700,33.9,43.35,484.85,463.89,136.0,437.75,2.55,65.0,100380.0
20081017:0800,33.3,44.7,255.15,294.61,90.5,437.95,2.14,66.0,100320.0
20081017:0900,32.67,46.1,124.1,220.17,51.65,434.45,1.66,64.0,100350.0
20081017:1000,32.16,47.5,4.4,11.5,3.5,430.2,1.59,69.0,100400.0
20081017:1100,31.19,54.05,0.0,-0.0,0.0,420.9,1.31,66.0,100470.0
20081017:1200,30.49,61.45,0.0,-0.0,0.0,419.55,1.17,75.0,100540.0
20081017:1300,29.77,65.5,0.0,-0.0,0.0,419.2,0.97,76.0,100610.0
20081017:1400,28.54,69.65,0.0,-0.0,0.0,419.4,0.9,47.0,100710.0
20081017:1500,27.94,74.4,0.0,-0.0,0.0,415.3,0.97,358.0,100720.0
20081017:1600,27.77,74.4,0.0,-0.0,0.0,412.8,0.76,347.0,100680.0
20081017:1700,26.86,79.3,0.0,-0.0,0.0,414.35,1.03,25.0,100650.0
20081017:1800,27.84,74.4,0.0,-0.0,0.0,421.1,0.41,346.0,100590.0
20081017:1900,27.71,72.0,0.0,-0.0,0.0,416.3,0.55,156.0,100580.0
20081017:2000,27.65,72.0,0.0,-0.0,0.0,411.85,0.62,175.0,100580.0
20081017:2100,27.25,74.3,0.0,-0.0,0.0,410.45,0.76,190.0,100620.0
20081017:2200,26.41,81.85,0.0,-0.0,0.0,414.9,0.97,184.0,100680.0
20081017:2300,26.54,84.55,204.7,633.11,66.4,410.45,0.9,178.0,100730.0
20081018:0000,28.54,72.0,439.7,743.87,97.05,413.0,1.1,149.0,100750.0
20081018:0100,30.19,59.45,659.35,770.12,142.1,418.5,1.38,135.0,100790.0
20081018:0200,31.69,50.7,814.05,772.21,166.65,428.1,1.66,116.0,100750.0
20081018:0300,32.9,46.1,939.8,836.22,145.85,435.65,1.86,95.0,100690.0
20081018:0400,33.96,41.95,966.45,839.5,129.2,434.65,2.55,78.0,100640.0
20081018:0500,34.57,40.65,786.9,646.11,154.55,434.1,3.17,73.0,100540.0
20081018:0600,34.51,40.65,634.6,570.31,124.25,436.4,3.45,70.0,100450.0
20081018:0700,34.07,43.35,558.95,596.51,110.65,440.85,3.52,63.0,100390.0
20081018:0800,33.91,43.35,302.2,408.25,74.2,436.0,3.38,71.0,100410.0
20081018:0900,33.11,46.2,123.25,236.88,45.35,435.45,3.24,82.0,100430.0
20081018:1000,32.09,52.4,4.55,14.69,3.4,427.1,2.83,95.0,100460.0
20081018:1100,31.06,57.6,0.0,-0.0,0.0,427.7,2.48,107.0,100530.0
20081018:1200,30.48,61.45,0.0,-0.0,0.0,427.1,1.72,114.0,100630.0
20081018:1300,30.03,65.5,0.0,-0.0,0.0,419.95,1.24,109.0,100700.0
20081018:1400,29.4,69.85,0.0,-0.0,0.0,417.85,0.76,138.0,100790.0
20081018:1500,29.16,67.6,0.0,-0.0,0.0,416.85,0.62,134.0,100820.0
20081018:1600,29.0,69.75,0.0,-0.0,0.0,414.35,0.48,159.0,100800.0
20081018:1700,28.67,69.75,0.0,-0.0,0.0,414.55,0.62,195.0,100730.0
20081018:1800,28.3,74.4,0.0,-0.0,0.0,416.45,0.62,202.0,100670.0
20081018:1900,27.25,74.3,0.0,-0.0,0.0,414.15,0.83,195.0,100620.0
20081018:2000,26.26,79.2,0.0,-0.0,0.0,415.3,1.24,195.0,100600.0
20081018:2100,26.09,79.2,0.0,-0.0,0.0,411.45,1.52,196.0,100630.0
20081018:2200,26.1,79.2,0.0,-0.0,0.0,411.25,1.1,174.0,100680.0
20081018:2300,26.76,81.9,239.05,710.01,83.05,409.9,0.83,177.0,100720.0
20081019:0000,28.89,67.5,519.6,925.11,92.65,410.45,0.62,147.0,100770.0
20081019:0100,30.58,57.6,721.7,911.42,109.05,416.95,0.97,118.0,100790.0
20081019:0200,32.12,50.8,820.5,823.75,129.7,423.65,1.59,97.0,100760.0
20081019:0300,33.24,46.2,916.15,826.2,131.75,430.8,2.41,85.0,100700.0
20081019:0400,34.08,43.35,926.0,792.14,136.2,438.15,3.03,78.0,100640.0
20081019:0500,34.41,42.05,733.55,589.71,156.65,441.05,3.52,74.0,100550.0
20081019:0600,34.08,44.8,686.05,601.36,148.2,436.0,3.66,73.0,100500.0
20081019:0700,34.38,43.45,467.95,476.98,109.7,445.9,4.0,80.0,100450.0
20081019:0800,33.57,46.2,231.4,240.9,96.95,441.45,4.14,87.0,100390.0
20081019:0900,32.71,46.1,109.85,199.13,44.4,433.5,3.66,96.0,100440.0
20081019:1000,31.91,50.7,4.1,9.57,3.35,426.9,4.0,109.0,100480.0
20081019:1100,30.95,57.6,0.0,-0.0,0.0,423.05,3.24,122.0,100590.0
20081019:1200,30.2,63.5,0.0,-0.0,0.0,418.0,2.62,128.0,100660.0
20081019:1300,29.64,67.7,0.0,-0.0,0.0,416.85,2.21,133.0,100720.0
20081019:1400,29.09,69.85,0.0,-0.0,0.0,410.3,1.79,135.0,100790.0
20081019:1500,28.55,74.4,0.0,-0.0,0.0,408.55,1.66,143.0,100820.0
20081019:1600,27.84,74.4,0.0,-0.0,0.0,407.0,1.45,147.0,100780.0
20081019:1700,27.07,76.8,0.0,-0.0,0.0,406.2,1.31,157.0,100730.0
20081019:1800,26.27,79.2,0.0,-0.0,0.0,403.3,1.38,164.0,100660.0
20081019:1900,26.05,79.2,0.0,-0.0,0.0,402.95,1.38,162.0,100620.0
20081019:2000,25.73,81.8,0.0,-0.0,0.0,405.25,1.31,168.0,100580.0
20081019:2100,25.35,81.75,0.0,-0.0,0.0,401.55,1.38,180.0,100590.0
20081019:2200,25.13,81.75,0.0,-0.0,0.0,401.0,1.59,186.0,100630.0
20081019:2300,26.32,79.2,260.65,849.41,73.0,404.3,1.31,186.0,100670.0
20081020:0000,29.09,63.3,503.15,878.06,97.2,406.0,1.17,161.0,100730.0
20081020:0100,30.74,55.75,702.1,840.23,136.9,416.0,1.45,122.0,100750.0
20081020:0200,32.26,49.15,892.2,915.56,124.25,419.4,2.28,102.0,100730.0
20081020:0300,33.67,43.35,956.4,853.31,146.35,430.0,3.45,98.0,100640.0
20081020:0400,34.62,38.15,978.55,851.98,129.35,431.4,4.28,95.0,100560.0
20081020:0500,35.22,35.8,954.9,858.32,115.6,431.35,4.69,93.0,100450.0
20081020:0600,35.44,34.6,733.75,680.4,125.55,424.8,4.9,92.0,100360.0
20081020:0700,34.96,36.9,571.45,593.65,125.85,427.7,4.76,90.0,100310.0
20081020:0800,34.39,38.0,350.05,470.7,87.5,425.75,4.69,93.0,100300.0
20081020:0900,33.47,41.8,127.45,239.86,48.65,422.45,4.41,96.0,100310.0
20081020:1000,32.24,45.95,5.0,17.84,3.6,416.65,4.07,105.0,100350.0
20081020:1100,30.98,55.75,0.0,-0.0,0.0,411.05,3.45,112.0,100380.0
20081020:1200,30.13,59.45,0.0,-0.0,0.0,404.85,3.03,115.0,100470.0
20081020:1300,29.51,65.4,0.0,-0.0,0.0,402.75,2.55,115.0,100550.0
20081020:1400,28.96,69.75,0.0,-0.0,0.0,401.75,2.21,115.0,100640.0
20081020:1500,28.44,74.4,0.0,-0.0,0.0,401.75,2.14,115.0,100650.0
20081020:1600,27.96,76.85,0.0,-0.0,0.0,401.4,2.14,117.0,100640.0
20081020:1700,27.49,79.35,0.0,-0.0,0.0,401.75,2.07,124.0,100570.0
20081020:1800,27.01,79.3,0.0,-0.0,0.0,401.2,1.79,135.0,100520.0
20081020:1900,26.83,79.3,0.0,-0.0,0.0,407.2,1.59,138.0,100470.0
20081020:2000,26.32,81.85,0.0,-0.0,0.0,406.6,1.45,137.0,100490.0
20081020:2100,25.82,84.5,0.0,-0.0,0.0,406.2,1.45,142.0,100540.0
20081020:2200,25.61,81.8,0.0,-0.0,0.0,405.25,1.52,144.0,100630.0
20081020:2300,26.76,79.3,285.2,980.59,67.45,407.0,1.45,138.0,100700.0
20081021:0000,29.13,69.85,489.9,835.95,102.8,408.15,2.21,109.0,100790.0
20081021:0100,30.51,63.5,705.55,834.07,144.15,423.55,2.9,104.0,100820.0
20081021:0200,31.76,55.95,832.45,806.49,155.9,428.65,3.31,109.0,100790.0
20081021:0300,33.03,50.9,915.25,809.04,147.35,428.45,3.79,112.0,100700.0
20081021:0400,34.06,44.8,918.05,765.51,155.3,435.85,4.55,101.0,100640.0
20081021:0500,34.46,43.45,841.3,723.01,134.65,435.85,5.03,94.0,100560.0
20081021:0600,34.28,43.45,689.95,621.24,134.95,440.1,4.97,93.0,100460.0
20081021:0700,33.35,46.2,461.65,453.7,121.3,440.85,5.66,92.0,100410.0
20081021:0800,31.22,55.85,296.35,393.3,77.1,437.95,5.03,88.0,100430.0
20081021:0900,31.33,55.85,119.05,218.32,47.35,431.2,4.55,96.0,100470.0
20081021:1000,30.4,61.45,4.2,15.26,3.0,427.3,4.07,100.0,100530.0
20081021:1100,29.54,69.85,0.0,-0.0,0.0,426.75,3.52,116.0,100560.0
20081021:1200,29.06,74.5,0.0,-0.0,0.0,421.3,2.62,128.0,100660.0
20081021:1300,28.69,74.5,0.0,-0.0,0.0,418.0,2.21,130.0,100720.0
20081021:1400,28.5,79.4,0.0,-0.0,0.0,425.75,2.28,127.0,100770.0
20081021:1500,28.28,79.4,0.0,-0.0,0.0,424.2,2.21,121.0,100770.0
20081021:1600,27.98,76.85,0.0,-0.0,0.0,419.95,2.14,119.0,100740.0
20081021:1700,27.72,76.85,0.0,-0.0,0.0,423.65,1.72,135.0,100660.0
20081021:1800,27.12,76.8,0.0,-0.0,0.0,424.4,1.79,119.0,100610.0
20081021:1900,27.19,76.8,0.0,-0.0,0.0,427.5,1.93,136.0,100600.0
20081021:2000,26.99,79.3,0.0,-0.0,0.0,417.05,2.0,130.0,100590.0
20081021:2100,26.92,79.3,0.0,-0.0,0.0,422.85,2.07,128.0,100590.0
20081021:2200,26.69,79.3,0.0,-0.0,0.0,412.8,2.0,128.0,100660.0
20081021:2300,27.17,76.8,237.1,756.94,68.2,415.7,1.93,123.0,100690.0
20081022:0000,28.74,72.1,493.45,782.22,130.7,427.5,2.41,119.0,100750.0
20081022:0100,30.36,63.5,694.55,838.02,130.2,425.1,2.55,114.0,100770.0
20081022:0200,31.67,55.95,892.45,924.93,116.5,427.9,2.62,96.0,100760.0
20081022:0300,33.12,49.4,951.35,869.8,125.95,431.55,2.9,85.0,100690.0
20081022:0400,34.22,44.95,939.3,801.2,141.3,435.25,3.31,83.0,100620.0
20081022:0500,34.8,42.2,915.85,799.64,134.7,439.9,3.72,80.0,100520.0
20081022:0600,35.0,40.8,581.75,482.27,151.15,436.6,3.93,80.0,100390.0
20081022:0700,33.23,46.2,455.05,459.04,110.9,438.15,2.28,94.0,100400.0
20081022:0800,33.41,43.2,290.1,335.09,103.4,433.5,2.76,97.0,100340.0
20081022:0900,33.01,43.1,93.85,157.15,42.25,435.25,3.24,104.0,100380.0
20081022:1000,32.08,47.4,4.5,13.95,3.4,426.75,2.69,114.0,100450.0
20081022:1100,30.93,55.75,0.0,-0.0,0.0,415.1,1.93,125.0,100530.0
20081022:1200,30.19,59.45,0.0,-0.0,0.0,410.3,1.79,133.0,100660.0
20081022:1300,29.53,63.3,0.0,-0.0,0.0,407.95,1.59,144.0,100730.0
20081022:1400,28.77,65.3,0.0,-0.0,0.0,406.4,1.52,146.0,100810.0
20081022:1500,27.83,69.65,0.0,-0.0,0.0,406.0,1.24,144.0,100830.0
20081022:1600,27.1,71.9,0.0,-0.0,0.0,405.45,1.24,156.0,100810.0
20081022:1700,26.67,74.25,0.0,-0.0,0.0,404.65,1.17,174.0,100750.0
20081022:1800,26.3,76.65,0.0,-0.0,0.0,403.7,1.17,188.0,100700.0
20081022:1900,26.55,74.25,0.0,-0.0,0.0,403.3,1.03,179.0,100620.0
20081022:2000,26.41,76.65,0.0,-0.0,0.0,401.4,1.03,180.0,100610.0
20081022:2100,25.52,81.75,0.0,-0.0,0.0,400.8,1.17,179.0,100640.0
20081022:2200,24.8,84.4,0.0,-0.0,0.0,400.4,1.38,189.0,100690.0
20081022:2300,25.98,84.5,256.6,749.06,88.7,400.8,1.17,189.0,100770.0
20081023:0000,29.07,61.25,515.35,881.98,105.8,408.75,0.9,177.0,100840.0
20081023:0100,30.72,53.9,741.75,919.52,122.25,415.25,0.62,154.0,100880.0
20081023:0200,32.31,47.5,868.95,871.12,138.15,422.65,0.48,97.0,100880.0
20081023:0300,33.54,44.7,885.45,754.87,169.3,431.4,0.76,49.0,100830.0
20081023:0400,34.28,40.65,926.4,704.67,224.85,435.25,1.03,38.0,100760.0
20081023:0500,34.86,39.45,765.6,536.54,241.75,438.75,1.66,48.0,100640.0
20081023:0600,34.97,39.45,704.3,625.48,146.15,446.45,2.21,45.0,100520.0
20081023:0700,34.9,42.2,493.9,511.63,110.55,446.3,2.69,40.0,100460.0
20081023:0800,32.79,49.25,246.05,280.66,89.75,442.4,2.62,27.0,100420.0
20081023:0900,32.09,55.95,114.55,215.04,43.95,435.25,2.69,35.0,100480.0
20081023:1000,31.04,61.55,4.2,13.91,3.1,428.45,2.55,51.0,100580.0
20081023:1100,30.26,65.6,0.0,-0.0,0.0,431.55,1.86,22.0,100710.0
20081023:1200,29.7,69.95,0.0,-0.0,0.0,427.5,1.79,341.0,100820.0
20081023:1300,28.64,74.5,0.0,-0.0,0.0,419.2,2.07,314.0,100930.0
20081023:1400,28.33,76.85,0.0,-0.0,0.0,421.7,1.93,294.0,100970.0
20081023:1500,27.83,76.85,0.0,-0.0,0.0,418.6,1.45,284.0,101030.0
20081023:1600,27.06,76.8,0.0,-0.0,0.0,418.0,0.97,283.0,101000.0
20081023:1700,26.25,84.55,0.0,-0.0,0.0,415.1,1.03,322.0,100940.0
20081023:1800,26.39,81.85,0.0,-0.0,0.0,416.45,1.38,309.0,100900.0
20081023:1900,26.29,81.85,0.0,-0.0,0.0,426.15,0.9,277.0,100880.0
20081023:2000,26.0,84.5,0.0,-0.0,0.0,415.5,1.17,261.0,100870.0
20081023:2100,25.9,84.5,0.0,-0.0,0.0,413.4,1.52,263.0,100910.0
20081023:2200,25.86,84.5,0.0,-0.0,0.0,415.7,1.59,258.0,100980.0
20081023:2300,26.52,84.55,198.25,404.72,107.15,413.2,1.45,253.0,101030.0
20081024:0000,28.18,74.4,448.6,604.01,167.8,415.9,1.31,257.0,101090.0
20081024:0100,29.8,65.5,643.35,652.59,203.55,417.15,1.1,276.0,101140.0
20081024:0200,31.14,55.85,758.35,642.67,219.25,427.7,0.9,322.0,101110.0
20081024:0300,32.22,52.5,843.85,652.78,224.75,439.7,1.1,347.0,101050.0
20081024:0400,33.15,47.75,830.35,630.43,203.0,441.05,1.1,4.0,100960.0
20081024:0500,33.67,46.35,847.5,708.12,156.5,439.5,1.52,12.0,100860.0
20081024:0600,34.2,44.95,678.65,576.46,164.55,443.2,1.93,4.0,100720.0
20081024:0700,33.44,49.4,491.25,450.36,154.0,441.25,1.72,339.0,100680.0
20081024:0800,33.02,50.9,246.1,276.3,92.3,445.9,1.38,354.0,100640.0
20081024:0900,31.28,57.75,97.7,131.13,54.65,440.65,1.72,340.0,100680.0
20081024:1000,29.57,67.6,3.1,3.78,2.8,428.65,2.07,324.0,100790.0
20081024:1100,27.7,72.0,0.0,-0.0,0.0,433.3,1.93,298.0,100930.0
20081024:1200,26.71,81.9,0.0,-0.0,0.0,433.9,1.93,279.0,101000.0
20081024:1300,26.69,79.3,0.0,-0.0,0.0,432.15,1.93,276.0,101080.0
20081024:1400,26.65,79.3,0.0,-0.0,0.0,420.55,1.17,286.0,101120.0
20081024:1500,26.57,79.3,0.0,-0.0,0.0,425.75,1.31,314.0,101150.0
20081024:1600,26.15,84.55,0.0,-0.0,0.0,427.9,1.38,302.0,101110.0
20081024:1700,26.14,81.85,0.0,-0.0,0.0,420.15,1.31,273.0,101030.0
20081024:1800,25.87,84.5,0.0,-0.0,0.0,414.9,1.38,240.0,100930.0
20081024:1900,26.08,79.2,0.0,-0.0,0.0,414.55,1.17,172.0,100850.0
20081024:2000,25.56,81.8,0.0,-0.0,0.0,409.1,1.17,173.0,100830.0
20081024:2100,25.23,84.45,0.0,-0.0,0.0,409.1,1.1,142.0,100870.0
20081024:2200,25.01,87.25,0.0,-0.0,0.0,405.65,1.24,126.0,100970.0
20081024:2300,26.02,87.3,275.25,881.31,76.1,406.2,0.9,139.0,101000.0
20081025:0000,28.12,69.65,497.8,751.45,148.1,407.2,0.83,135.0,101060.0
20081025:0100,29.51,61.25,647.6,609.12,237.0,409.4,0.76,114.0,101090.0
20081025:0200,30.78,53.9,702.65,480.73,299.45,420.35,1.1,86.0,101070.0
20081025:0300,31.71,47.4,761.45,352.88,426.9,427.1,1.72,70.0,101020.0
20081025:0400,32.39,45.95,722.5,322.59,401.65,432.15,2.07,58.0,100940.0
20081025:0500,32.7,43.1,746.05,445.26,311.8,431.2,2.07,46.0,100840.0
20081025:0600,32.88,43.1,523.65,347.3,214.1,435.85,1.93,39.0,100690.0
20081025:0700,31.37,54.05,381.8,267.36,181.7,444.75,2.69,5.0,100700.0
20081025:0800,30.73,55.75,238.9,148.63,156.2,440.1,2.55,7.0,100660.0
20081025:0900,30.17,59.45,103.85,112.69,66.85,430.8,1.93,7.0,100700.0
20081025:1000,29.31,63.3,3.15,2.51,2.95,424.8,1.52,3.0,100780.0
20081025:1100,28.56,67.4,0.0,-0.0,0.0,431.55,1.59,11.0,100870.0
20081025:1200,27.73,69.65,0.0,-0.0,0.0,423.45,1.03,22.0,100960.0
20081025:1300,27.36,71.9,0.0,-0.0,0.0,423.45,0.28,88.0,101000.0
20081025:1400,26.89,76.7,0.0,-0.0,0.0,419.75,0.48,214.0,101080.0
20081025:1500,26.36,76.65,0.0,-0.0,0.0,414.15,0.97,221.0,101110.0
20081025:1600,26.22,76.65,0.0,-0.0,0.0,417.85,1.24,236.0,101060.0
20081025:1700,26.06,76.65,0.0,-0.0,0.0,413.95,1.59,236.0,100940.0
20081025:1800,26.0,79.15,0.0,-0.0,0.0,418.4,1.72,233.0,100870.0
20081025:1900,25.97,79.15,0.0,-0.0,0.0,413.55,1.86,239.0,100810.0
20081025:2000,25.9,76.6,0.0,-0.0,0.0,417.25,1.79,233.0,100780.0
20081025:2100,25.67,76.6,0.0,-0.0,0.0,413.2,1.59,232.0,100820.0
20081025:2200,25.26,81.75,0.0,-0.0,0.0,409.5,1.24,230.0,100870.0
20081025:2300,25.85,81.8,206.95,349.46,127.7,407.4,0.97,246.0,100930.0
20081026:0000,27.84,65.2,414.9,426.18,216.4,408.55,0.55,269.0,101010.0
20081026:0100,29.32,61.25,566.15,425.78,279.1,421.05,0.34,299.0,101060.0
20081026:0200,30.48,55.6,657.45,361.7,354.15,427.1,0.55,0.0,101050.0
20081026:0300,31.36,50.55,695.85,339.79,373.85,437.4,1.03,33.0,100990.0
20081026:0400,31.76,50.7,677.25,362.04,317.35,438.75,1.59,23.0,100910.0
20081026:0500,31.97,50.7,738.8,526.43,225.7,441.45,2.0,12.0,100810.0
20081026:0600,32.2,49.15,506.55,361.1,184.9,438.55,2.55,359.0,100700.0
20081026:0700,30.32,61.45,345.15,256.41,153.35,442.0,3.38,359.0,100640.0
20081026:0800,29.59,65.5,135.95,66.25,99.1,437.2,2.9,347.0,100640.0
20081026:0900,28.51,72.0,81.35,81.0,54.75,440.3,2.34,344.0,100640.0
20081026:1000,28.09,72.0,2.15,0.0,2.15,428.85,2.21,351.0,100760.0
20081026:1100,27.31,74.3,0.0,-0.0,0.0,432.35,2.21,322.0,100890.0
20081026:1200,26.95,79.3,0.0,-0.0,0.0,435.65,1.72,316.0,100960.0
20081026:1300,25.86,87.3,0.0,-0.0,0.0,429.85,1.52,309.0,101030.0
20081026:1400,25.67,87.3,0.0,-0.0,0.0,435.25,1.66,292.0,101110.0
20081026:1500,25.42,90.2,0.0,-0.0,0.0,434.3,1.59,279.0,101100.0
20081026:1600,25.16,90.2,0.0,-0.0,0.0,423.85,1.59,270.0,101060.0
20081026:1700,24.76,93.15,0.0,-0.0,0.0,424.4,1.59,263.0,100980.0
20081026:1800,24.49,96.2,0.0,-0.0,0.0,431.55,1.31,254.0,100910.0
20081026:1900,24.99,90.15,0.0,-0.0,0.0,425.35,1.59,273.0,100890.0
20081026:2000,24.99,90.15,0.0,-0.0,0.0,424.4,1.72,289.0,100870.0
20081026:2100,24.93,90.15,0.0,-0.0,0.0,426.9,1.59,299.0,100930.0
20081026:2200,24.84,90.15,0.0,-0.0,0.0,424.4,1.31,279.0,100970.0
20081026:2300,25.3,90.2,94.15,90.32,73.6,429.45,1.31,272.0,101050.0
20081027:0000,25.81,84.5,200.3,95.37,155.85,425.4,1.03,283.0,101120.0
20081027:0100,26.58,81.9,364.8,195.86,232.75,427.4,1.31,293.0,101180.0
20081027:0200,27.4,79.35,396.15,140.23,278.6,432.35,1.72,308.0,101180.0
20081027:0300,27.65,79.4,512.25,203.55,319.45,429.45,1.66,318.0,101120.0
20081027:0400,28.37,79.4,500.2,195.62,305.85,432.35,1.45,319.0,101060.0
20081027:0500,28.74,76.95,555.5,253.83,308.25,436.4,1.72,322.0,100950.0
20081027:0600,29.23,74.55,485.25,268.47,246.25,433.9,1.86,322.0,100830.0
20081027:0700,28.52,76.85,391.0,320.61,151.3,436.8,2.55,346.0,100780.0
20081027:0800,28.15,76.85,244.85,226.15,119.1,431.2,2.07,352.0,100750.0
20081027:0900,27.66,76.85,55.0,69.1,32.3,424.8,1.72,338.0,100780.0
20081027:1000,26.64,84.6,3.35,5.59,2.9,434.65,1.38,312.0,100840.0
20081027:1100,25.89,90.2,0.0,-0.0,0.0,423.65,0.83,228.0,100920.0
20081027:1200,25.45,96.25,0.0,-0.0,0.0,420.9,0.55,164.0,100980.0
20081027:1300,25.42,93.15,0.0,-0.0,0.0,420.15,0.97,128.0,101060.0
20081027:1400,25.12,90.2,0.0,-0.0,0.0,416.65,1.17,146.0,101120.0
20081027:1500,24.91,93.15,0.0,-0.0,0.0,418.0,1.24,163.0,101130.0
20081027:1600,24.75,96.2,0.0,-0.0,0.0,416.3,1.1,191.0,101050.0
20081027:1700,24.88,93.15,0.0,-0.0,0.0,416.85,1.31,202.0,100940.0
20081027:1800,24.58,96.2,0.0,-0.0,0.0,419.4,0.97,195.0,100880.0
20081027:1900,24.4,96.2,0.0,-0.0,0.0,414.15,0.83,173.0,100850.0
20081027:2000,24.31,96.2,0.0,-0.0,0.0,411.05,0.97,215.0,100790.0
20081027:2100,24.27,96.2,0.0,-0.0,0.0,408.55,1.24,237.0,100820.0
20081027:2200,24.2,96.2,0.0,-0.0,0.0,405.65,1.45,227.0,100870.0
20081027:2300,25.15,90.2,246.65,666.09,94.65,405.45,1.1,232.0,100950.0
20081028:0000,26.46,81.85,493.75,750.15,143.9,409.9,1.03,208.0,101030.0
20081028:0100,27.82,74.4,679.35,770.45,159.95,412.15,0.9,148.0,101070.0
20081028:0200,29.06,69.75,776.9,707.05,184.4,418.2,1.03,110.0,101050.0
20081028:0300,30.04,65.5,861.3,675.96,221.35,429.85,1.45,88.0,100960.0
20081028:0400,30.84,61.55,797.0,576.37,224.7,435.25,1.86,79.0,100860.0
20081028:0500,30.96,61.55,720.1,525.79,208.25,433.9,2.07,68.0,100740.0
20081028:0600,31.02,61.55,624.55,500.85,178.95,436.4,2.0,60.0,100630.0
20081028:0700,30.4,65.6,503.45,483.23,142.35,442.6,2.9,50.0,100590.0
20081028:0800,30.03,67.7,300.1,367.59,95.75,430.4,2.14,52.0,100600.0
20081028:0900,29.19,69.85,113.45,206.13,45.7,429.65,1.52,51.0,100640.0
20081028:1000,28.53,74.4,4.25,16.04,2.95,427.7,1.24,31.0,100730.0
20081028:1100,27.94,74.4,0.0,-0.0,0.0,423.05,1.59,51.0,100860.0
20081028:1200,27.54,76.8,0.0,-0.0,0.0,421.5,1.24,66.0,100910.0
20081028:1300,27.0,84.6,0.0,-0.0,0.0,425.0,0.9,120.0,100940.0
20081028:1400,26.48,87.35,0.0,-0.0,0.0,419.95,0.9,158.0,100980.0
20081028:1500,26.34,84.55,0.0,-0.0,0.0,420.35,0.9,179.0,101010.0
20081028:1600,25.57,90.2,0.0,-0.0,0.0,411.85,0.97,175.0,100990.0
20081028:1700,25.25,93.15,0.0,-0.0,0.0,412.2,0.97,159.0,100930.0
20081028:1800,24.82,93.15,0.0,-0.0,0.0,409.1,0.97,126.0,100880.0
20081028:1900,25.53,87.3,0.0,-0.0,0.0,412.0,0.9,160.0,100800.0
20081028:2000,25.29,87.3,0.0,-0.0,0.0,414.35,0.97,180.0,100790.0
20081028:2100,24.94,90.15,0.0,-0.0,0.0,410.45,1.24,152.0,100830.0
20081028:2200,24.88,90.15,0.0,-0.0,0.0,406.6,1.66,150.0,100860.0
20081028:2300,25.93,87.3,251.35,788.66,70.9,401.95,1.72,159.0,100890.0
20081029:0000,27.31,74.3,466.25,753.15,114.85,406.0,1.86,149.0,100970.0
20081029:0100,28.63,69.75,679.05,801.5,138.8,414.45,1.72,132.0,100990.0
20081029:0200,29.69,65.5,830.6,789.06,169.65,420.55,1.59,114.0,100980.0
20081029:0300,30.67,61.55,801.25,658.38,178.3,430.2,1.79,94.0,100920.0
20081029:0400,31.01,59.55,843.15,697.41,151.1,427.3,2.07,82.0,100850.0
20081029:0500,31.38,57.75,835.05,698.56,155.45,427.3,2.41,73.0,100740.0
20081029:0600,31.59,55.95,696.55,630.99,135.5,424.8,2.83,67.0,100630.0
20081029:0700,31.77,52.4,480.35,470.54,128.9,430.0,3.03,61.0,100600.0
20081029:0800,31.32,54.05,367.15,508.54,84.5,425.2,3.1,68.0,100600.0
20081029:0900,30.69,57.6,123.65,252.68,40.55,418.4,2.69,78.0,100600.0
20081029:1000,29.87,61.35,5.0,17.16,3.6,422.65,2.21,80.0,100670.0
20081029:1100,29.11,65.4,0.0,-0.0,0.0,416.1,1.79,90.0,100810.0
20081029:1200,28.41,72.0,0.0,-0.0,0.0,407.95,1.59,96.0,100920.0
20081029:1300,27.71,72.0,0.0,-0.0,0.0,413.0,1.45,113.0,100980.0
20081029:1400,26.84,76.7,0.0,-0.0,0.0,408.55,1.86,110.0,101030.0
20081029:1500,26.33,81.85,0.0,-0.0,0.0,410.1,1.17,121.0,101040.0
20081029:1600,26.06,81.85,0.0,-0.0,0.0,413.95,1.31,154.0,101010.0
20081029:1700,25.64,84.5,0.0,-0.0,0.0,407.4,1.31,141.0,100920.0
20081029:1800,25.38,87.3,0.0,-0.0,0.0,408.75,1.31,137.0,100870.0
20081029:1900,25.35,81.75,0.0,-0.0,0.0,404.65,1.45,149.0,100870.0
20081029:2000,25.0,81.7,0.0,-0.0,0.0,401.0,1.52,161.0,100870.0
20081029:2100,24.67,84.4,0.0,-0.0,0.0,400.0,1.45,169.0,100900.0
20081029:2200,24.38,87.2,0.0,-0.0,0.0,399.05,1.45,170.0,100960.0
20081029:2300,25.77,81.8,269.7,805.33,85.0,403.7,1.31,162.0,101000.0
20081030:0000,28.27,67.4,498.0,858.15,97.5,402.15,1.72,137.0,101050.0
20081030:0100,29.31,65.4,679.75,815.8,130.0,410.4,2.28,110.0,101070.0
20081030:0200,30.35,59.45,822.5,823.55,133.0,415.1,2.69,94.0,101070.0
20081030:0300,31.09,57.75,868.75,694.31,212.2,421.9,2.97,86.0,101000.0
20081030:0400,31.66,55.95,936.0,799.87,142.8,427.9,3.38,80.0,100930.0
20081030:0500,31.92,57.85,733.8,607.47,143.2,432.15,3.59,76.0,100830.0
20081030:0600,31.77,57.85,733.6,679.14,130.1,429.85,3.66,75.0,100720.0
20081030:0700,32.03,59.75,508.3,511.68,126.3,436.4,3.59,71.0,100650.0
20081030:0800,31.29,59.65,299.7,381.31,87.8,433.3,3.45,71.0,100610.0
20081030:0900,30.6,63.6,126.85,258.13,41.9,434.45,2.62,87.0,100630.0
20081030:1000,29.22,67.6,4.95,19.48,3.35,419.2,2.14,101.0,100660.0
20081030:1100,28.78,72.1,0.0,-0.0,0.0,420.15,2.07,94.0,100770.0
20081030:1200,28.31,76.85,0.0,-0.0,0.0,415.9,1.52,92.0,100890.0
20081030:1300,27.75,79.4,0.0,-0.0,0.0,415.7,1.31,105.0,100990.0
20081030:1400,26.9,79.3,0.0,-0.0,0.0,417.25,1.66,100.0,101060.0
20081030:1500,26.78,79.3,0.0,-0.0,0.0,415.9,1.72,92.0,101090.0
20081030:1600,26.44,81.85,0.0,-0.0,0.0,417.25,1.31,125.0,101060.0
20081030:1700,26.09,81.85,0.0,-0.0,0.0,422.85,1.1,161.0,101000.0
20081030:1800,26.14,79.2,0.0,-0.0,0.0,419.2,0.62,175.0,100970.0
20081030:1900,25.48,87.3,0.0,-0.0,0.0,407.0,1.03,137.0,100940.0
20081030:2000,25.63,81.8,0.0,-0.0,0.0,408.15,1.17,156.0,100920.0
20081030:2100,25.18,84.45,0.0,-0.0,0.0,406.6,1.45,165.0,100960.0
20081030:2200,24.93,90.15,0.0,-0.0,0.0,409.3,1.17,156.0,101000.0
20081030:2300,25.79,87.3,234.9,736.67,65.6,409.7,0.9,122.0,101060.0
20081031:0000,27.83,72.0,447.2,694.88,122.85,415.7,1.24,110.0,101130.0
20081031:0100,28.86,69.75,653.6,765.01,138.25,421.05,1.59,100.0,101160.0
20081031:0200,29.91,63.4,787.75,746.74,162.9,420.75,1.86,91.0,101120.0
20081031:0300,30.91,59.55,880.35,722.38,197.7,435.25,2.0,87.0,101040.0
20081031:0400,31.81,55.95,890.4,724.94,172.0,431.55,2.21,82.0,100950.0
20081031:0500,32.29,52.5,830.9,701.49,149.35,432.35,2.41,80.0,100810.0
20081031:0600,32.43,52.5,584.35,488.07,150.9,435.25,2.76,80.0,100690.0
20081031:0700,31.88,57.85,449.15,414.48,139.85,440.45,3.1,50.0,100640.0
20081031:0800,31.44,59.65,255.9,323.49,76.15,438.75,2.07,62.0,100620.0
20081031:0900,30.4,63.5,124.95,237.57,46.7,433.1,2.07,86.0,100590.0
20081031:1000,30.11,63.5,4.65,16.91,3.25,419.4,2.21,92.0,100660.0
20081031:1100,28.82,69.75,0.0,-0.0,0.0,420.75,2.41,88.0,100750.0
20081031:1200,28.39,74.4,0.0,-0.0,0.0,421.5,2.48,97.0,100850.0
20081031:1300,28.13,76.85,0.0,-0.0,0.0,422.65,2.48,115.0,100890.0
20081031:1400,27.83,76.85,0.0,-0.0,0.0,416.1,2.28,129.0,100950.0
20081031:1500,27.51,79.35,0.0,-0.0,0.0,417.25,2.0,135.0,100960.0
20081031:1600,25.18,86.65,0.0,-0.0,0.0,405.02,1.8,142.0,100930.0
20081031:1700,25.55,85.24,0.0,-0.0,0.0,406.98,1.75,145.0,100860.0
20081031:1800,25.92,83.83,0.0,-0.0,0.0,408.93,1.71,154.0,100820.0
20081031:1900,26.3,82.42,0.0,-0.0,0.0,410.89,1.66,159.0,100800.0
20081031:2000,26.67,81.01,0.0,-0.0,0.0,412.85,1.62,144.0,100800.0
20081031:2100,27.05,79.61,0.0,-0.0,0.0,414.8,1.57,149.0,100810.0
20081031:2200,27.42,78.2,0.0,-0.0,0.0,416.76,1.53,160.0,100850.0
20081031:2300,27.8,76.79,223.0,475.84,113.45,418.71,1.48,166.0,100910.0
20161101:0000,28.17,75.38,471.15,641.96,171.5,420.67,1.44,261.0,100850.0
20161101:0100,28.55,73.98,685.8,740.76,187.0,422.62,1.39,273.0,100900.0
20161101:0200,28.92,72.57,785.45,665.83,228.65,424.58,1.35,285.0,100870.0
20161101:0300,29.3,71.16,899.35,731.51,208.55,426.54,1.3,288.0,100820.0
20161101:0400,29.67,69.75,854.85,659.97,201.3,428.49,1.26,307.0,100740.0
20161101:0500,30.04,68.34,787.55,575.13,229.15,430.45,1.21,339.0,100620.0
20161101:0600,30.42,66.94,675.35,541.42,194.8,432.4,1.17,312.0,100560.0
20161101:0700,30.79,65.53,451.9,402.72,151.5,434.36,1.12,326.0,100510.0
20161101:0800,29.43,67.7,282.65,326.56,101.2,439.3,0.9,0.0,100440.0
20161101:0900,29.21,69.85,107.15,165.0,52.75,434.85,0.9,335.0,100500.0
20161101:1000,28.46,72.1,4.25,8.39,3.55,435.25,1.31,266.0,100570.0
20161101:1100,26.96,79.3,0.0,-0.0,0.0,428.65,1.79,244.0,100680.0
20161101:1200,26.77,81.85,0.0,-0.0,0.0,423.25,0.48,248.0,100770.0
20161101:1300,26.9,79.3,0.0,-0.0,0.0,421.1,0.07,275.0,100820.0
20161101:1400,26.58,84.55,0.0,-0.0,0.0,424.4,0.48,249.0,100860.0
20161101:1500,26.08,90.2,0.0,-0.0,0.0,425.0,0.83,249.0,100870.0
20161101:1600,25.95,87.3,0.0,-0.0,0.0,421.7,1.1,244.0,100840.0
20161101:1700,25.64,90.2,0.0,-0.0,0.0,421.7,1.03,258.0,100780.0
20161101:1800,25.41,87.3,0.0,-0.0,0.0,417.05,1.17,286.0,100750.0
20161101:1900,25.42,90.2,0.0,-0.0,0.0,416.45,1.31,260.0,100640.0
20161101:2000,25.41,90.2,0.0,-0.0,0.0,416.85,0.97,274.0,100660.0
20161101:2100,25.17,93.15,0.0,-0.0,0.0,415.1,1.17,272.0,100690.0
20161101:2200,25.39,90.2,0.0,-0.0,0.0,409.7,1.17,261.0,100760.0
20161101:2300,26.24,87.3,244.9,693.09,85.1,415.7,1.17,256.0,100780.0
20161102:0000,27.5,76.8,462.55,721.98,125.6,415.5,1.24,246.0,100840.0
20161102:0100,28.45,72.1,682.75,792.56,149.35,416.4,0.9,221.0,100870.0
20161102:0200,29.42,67.7,761.85,694.22,181.7,422.85,0.34,165.0,100850.0
20161102:0300,30.04,63.5,885.0,728.97,197.1,429.85,0.34,64.0,100830.0
20161102:0400,30.69,63.6,869.55,706.28,170.65,429.25,0.9,8.0,100750.0
20161102:0500,31.08,61.65,754.1,632.42,140.5,434.1,1.17,327.0,100670.0
20161102:0600,29.64,67.7,649.35,597.71,119.15,430.0,1.17,329.0,100570.0
20161102:0700,30.23,67.8,500.25,518.41,113.7,432.75,1.1,334.0,100530.0
20161102:0800,29.27,69.85,273.6,310.71,100.95,431.55,1.1,353.0,100480.0
20161102:0900,29.03,69.85,97.8,134.53,53.4,432.75,1.72,359.0,100490.0
20161102:1000,28.75,72.1,4.3,4.16,3.95,425.2,1.52,318.0,100590.0
20161102:1100,27.6,76.8,0.0,-0.0,0.0,427.1,2.14,314.0,100710.0
20161102:1200,27.04,81.9,0.0,-0.0,0.0,438.15,2.0,314.0,100790.0
20161102:1300,26.68,84.55,0.0,-0.0,0.0,426.35,1.86,296.0,100840.0
20161102:1400,26.32,87.3,0.0,-0.0,0.0,416.65,1.93,283.0,100890.0
20161102:1500,26.12,87.3,0.0,-0.0,0.0,419.75,1.93,268.0,100900.0
20161102:1600,25.93,87.3,0.0,-0.0,0.0,417.45,2.07,255.0,100860.0
20161102:1700,25.83,90.2,0.0,-0.0,0.0,422.3,1.86,247.0,100820.0
20161102:1800,25.69,90.2,0.0,-0.0,0.0,417.65,1.93,245.0,100790.0
20161102:1900,25.6,90.2,0.0,-0.0,0.0,416.3,1.72,275.0,100740.0
20161102:2000,25.43,90.2,0.0,-0.0,0.0,412.6,1.38,270.0,100750.0
20161102:2100,25.07,93.15,0.0,-0.0,0.0,410.1,1.1,233.0,100770.0
20161102:2200,24.84,96.2,0.0,-0.0,0.0,412.2,1.03,200.0,100810.0
20161102:2300,25.92,90.2,231.45,610.62,90.5,409.9,0.97,184.0,100850.0
20161103:0000,27.42,79.35,438.25,668.27,126.45,411.25,1.03,172.0,100910.0
20161103:0100,28.46,74.5,657.3,744.79,156.35,418.9,0.97,166.0,100950.0
20161103:0200,29.51,69.95,744.3,715.26,147.0,418.6,1.03,140.0,100930.0
20161103:0300,30.25,65.6,871.6,785.43,131.0,425.55,1.52,112.0,100870.0
20161103:0400,30.83,63.6,895.2,744.29,159.25,428.1,1.93,96.0,100800.0
20161103:0500,31.15,61.65,907.25,788.4,142.85,427.7,2.07,87.0,100690.0
20161103:0600,31.58,61.75,682.05,580.86,167.1,428.85,1.72,65.0,100630.0
20161103:0700,31.36,61.65,562.1,590.84,121.7,428.85,1.59,66.0,100550.0
20161103:0800,31.16,61.65,334.25,421.72,99.9,423.65,1.59,63.0,100540.0
20161103:0900,30.56,63.6,116.8,207.45,48.25,423.25,1.72,61.0,100540.0
20161103:1000,29.75,67.7,5.0,14.72,3.75,417.65,1.52,62.0,100580.0
20161103:1100,28.91,72.15,0.0,-0.0,0.0,418.8,1.38,72.0,100660.0
20161103:1200,27.92,82.05,0.0,-0.0,0.0,414.35,1.1,97.0,100740.0
20161103:1300,27.26,84.6,0.0,-0.0,0.0,412.8,1.17,126.0,100800.0
20161103:1400,26.86,87.35,0.0,-0.0,0.0,417.05,1.45,126.0,100860.0
20161103:1500,26.52,84.55,0.0,-0.0,0.0,409.3,1.24,153.0,100880.0
20161103:1600,26.32,87.3,0.0,-0.0,0.0,416.45,1.1,188.0,100870.0
20161103:1700,26.06,87.3,0.0,-0.0,0.0,410.65,1.03,197.0,100810.0
20161103:1800,25.63,90.2,0.0,-0.0,0.0,410.65,1.03,199.0,100790.0
20161103:1900,25.56,93.15,0.0,-0.0,0.0,413.2,1.1,200.0,100690.0
20161103:2000,25.49,93.15,0.0,-0.0,0.0,415.3,1.24,203.0,100710.0
20161103:2100,25.45,90.2,0.0,-0.0,0.0,415.5,1.38,200.0,100740.0
20161103:2200,25.13,90.15,0.0,-0.0,0.0,413.2,1.45,208.0,100780.0
20161103:2300,26.23,90.2,246.7,723.93,79.45,414.95,1.1,217.0,100840.0
20161104:0000,27.9,79.4,493.1,851.66,95.9,415.3,0.9,211.0,100890.0
20161104:0100,28.86,74.5,713.05,903.68,105.65,421.6,0.48,194.0,100890.0
20161104:0200,29.94,67.8,781.4,763.41,144.4,425.2,0.07,116.0,100860.0
20161104:0300,30.72,63.6,940.65,855.27,134.85,437.2,0.28,345.0,100830.0
20161104:0400,31.37,61.65,974.25,849.22,135.2,432.9,0.55,343.0,100780.0
20161104:0500,31.91,61.75,867.4,751.39,139.4,437.55,1.03,358.0,100650.0
20161104:0600,31.86,61.75,609.9,505.74,161.8,436.6,1.52,359.0,100550.0
20161104:0700,31.21,61.65,481.15,483.61,120.8,445.1,0.97,250.0,100510.0
20161104:0800,29.99,63.5,288.0,369.04,82.9,437.75,0.83,254.0,100510.0
20161104:0900,29.71,65.5,102.05,176.5,43.65,430.2,0.83,45.0,100500.0
20161104:1000,29.18,67.6,4.35,14.58,3.1,430.0,0.55,33.0,100530.0
20161104:1100,28.57,72.1,0.0,-0.0,0.0,422.65,1.59,298.0,100630.0
20161104:1200,27.76,79.35,0.0,-0.0,0.0,422.65,1.72,300.0,100720.0
20161104:1300,27.24,84.6,0.0,-0.0,0.0,423.65,1.38,301.0,100800.0
20161104:1400,26.8,87.35,0.0,-0.0,0.0,419.2,1.31,288.0,100850.0
20161104:1500,26.67,87.35,0.0,-0.0,0.0,421.5,1.72,277.0,100870.0
20161104:1600,26.36,87.35,0.0,-0.0,0.0,418.0,1.52,267.0,100830.0
20161104:1700,26.03,90.2,0.0,-0.0,0.0,415.9,1.31,259.0,100780.0
20161104:1800,25.81,93.15,0.0,-0.0,0.0,416.1,1.38,251.0,100740.0
20161104:1900,25.93,87.3,0.0,-0.0,0.0,415.5,1.79,266.0,100720.0
20161104:2000,25.74,90.2,0.0,-0.0,0.0,411.05,1.79,258.0,100730.0
20161104:2100,25.53,90.2,0.0,-0.0,0.0,410.45,1.72,247.0,100770.0
20161104:2200,25.38,90.2,0.0,-0.0,0.0,412.4,1.59,239.0,100810.0
20161104:2300,26.02,90.2,256.25,725.88,88.45,408.55,1.59,231.0,100850.0
20161105:0000,27.52,79.35,463.4,696.92,138.55,408.55,1.45,227.0,100870.0
20161105:0100,28.78,74.5,670.35,748.72,167.5,419.3,1.03,211.0,100880.0
20161105:0200,30.01,65.6,854.35,800.52,186.95,420.55,0.83,173.0,100850.0
20161105:0300,31.08,61.65,853.35,732.82,163.5,422.85,1.03,116.0,100780.0
20161105:0400,31.68,57.85,914.8,751.75,172.65,427.1,1.45,92.0,100740.0
20161105:0500,32.28,56.1,856.7,699.14,179.8,428.85,1.72,84.0,100660.0
20161105:0600,32.56,54.4,698.3,570.11,193.45,430.4,1.93,82.0,100560.0
20161105:0700,32.51,54.4,517.9,486.84,155.25,434.85,1.86,80.0,100500.0
20161105:0800,32.31,56.1,309.45,385.6,95.1,431.95,2.0,72.0,100460.0
20161105:0900,31.7,57.85,122.6,229.67,46.5,427.9,1.93,54.0,100520.0
20161105:1000,30.81,63.6,5.15,15.59,3.8,425.75,1.52,34.0,100570.0
20161105:1100,29.55,74.65,0.0,-0.0,0.0,424.8,1.1,25.0,100660.0
20161105:1200,28.44,72.1,0.0,-0.0,0.0,425.75,1.86,45.0,100800.0
20161105:1300,27.71,84.65,0.0,-0.0,0.0,423.85,0.76,11.0,100890.0
20161105:1400,27.94,76.85,0.0,-0.0,0.0,426.35,0.62,54.0,100960.0
20161105:1500,26.8,87.35,0.0,-0.0,0.0,417.25,1.31,29.0,101000.0
20161105:1600,26.34,90.2,0.0,-0.0,0.0,417.25,1.38,6.0,100990.0
20161105:1700,25.8,93.15,0.0,-0.0,0.0,422.3,0.97,357.0,100910.0
20161105:1800,26.17,87.3,0.0,-0.0,0.0,418.0,0.62,4.0,100890.0
20161105:1900,26.03,87.3,0.0,-0.0,0.0,421.3,0.55,35.0,100850.0
20161105:2000,26.45,81.85,0.0,-0.0,0.0,414.35,0.34,58.0,100870.0
20161105:2100,26.09,87.3,0.0,-0.0,0.0,418.6,0.28,233.0,100930.0
20161105:2200,25.52,90.2,0.0,-0.0,0.0,416.65,0.9,235.0,100990.0
20161105:2300,26.58,84.55,273.05,805.24,86.85,415.9,0.83,228.0,101030.0
20161106:0000,27.7,79.35,464.05,691.06,142.15,418.0,0.55,189.0,101090.0
20161106:0100,28.82,76.95,678.35,735.95,184.5,422.95,0.55,123.0,101110.0
20161106:0200,29.97,70.0,809.45,751.42,183.55,429.25,0.69,122.0,101070.0
20161106:0300,31.03,63.7,907.0,810.24,144.95,435.45,0.69,121.0,100960.0
20161106:0400,32.0,59.85,954.35,834.95,130.75,433.1,1.17,75.0,100880.0
20161106:0500,32.61,56.2,849.15,684.97,186.45,436.8,1.66,59.0,100770.0
20161106:0600,32.57,56.2,702.8,647.42,129.8,440.45,2.14,40.0,100650.0
20161106:0700,32.19,59.85,520.3,518.93,133.85,447.05,1.24,3.0,100620.0
20161106:0800,31.76,63.8,309.6,333.8,124.0,437.35,0.97,73.0,100590.0
20161106:0900,30.65,63.6,115.55,168.59,59.6,435.45,2.21,85.0,100640.0
20161106:1000,30.03,65.6,5.35,14.29,4.1,436.4,1.38,92.0,100710.0
20161106:1100,29.61,72.25,0.0,-0.0,0.0,431.2,0.41,63.0,100780.0
20161106:1200,29.69,67.7,0.0,-0.0,0.0,431.75,0.28,353.0,100850.0
20161106:1300,29.47,69.95,0.0,-0.0,0.0,421.9,0.21,295.0,100930.0
20161106:1400,28.74,74.5,0.0,-0.0,0.0,420.55,0.69,280.0,100980.0
20161106:1500,27.31,87.4,0.0,-0.0,0.0,419.95,1.03,265.0,100980.0
20161106:1600,26.84,87.35,0.0,-0.0,0.0,421.1,1.38,256.0,100970.0
20161106:1700,26.52,90.25,0.0,-0.0,0.0,422.1,1.38,245.0,100920.0
20161106:1800,26.62,87.35,0.0,-0.0,0.0,420.9,1.24,245.0,100880.0
20161106:1900,26.26,90.2,0.0,-0.0,0.0,425.4,1.03,250.0,100880.0
20161106:2000,26.04,87.3,0.0,-0.0,0.0,425.0,1.31,285.0,100890.0
20161106:2100,26.28,87.3,0.0,-0.0,0.0,426.15,1.72,294.0,100950.0
20161106:2200,26.45,84.55,0.0,-0.0,0.0,424.8,1.93,289.0,101020.0
20161106:2300,26.57,87.35,192.1,501.65,76.1,422.65,1.66,270.0,101070.0
20161107:0000,27.35,84.6,430.0,589.14,155.8,426.75,1.38,258.0,101120.0
20161107:0100,28.46,79.5,622.05,659.67,179.8,432.85,0.69,281.0,101140.0
20161107:0200,29.38,77.0,727.35,565.09,257.1,430.4,1.03,354.0,101100.0
20161107:0300,29.97,74.7,823.45,537.27,318.6,438.9,2.14,11.0,101080.0
20161107:0400,30.49,72.4,681.85,368.51,318.65,441.45,2.34,22.0,100990.0
20161107:0500,30.46,72.4,586.65,282.07,313.95,449.35,2.62,18.0,100890.0
20161107:0600,29.96,74.7,411.75,146.85,281.85,460.4,2.62,22.0,100810.0
20161107:0700,30.79,65.7,316.55,164.6,194.0,450.15,2.34,36.0,100780.0
20161107:0800,29.9,67.8,188.7,69.22,150.2,443.35,2.69,20.0,100700.0
20161107:0900,29.18,72.15,75.05,18.95,68.75,440.85,2.48,16.0,100760.0
20161107:1000,28.79,74.5,3.75,0.57,3.7,437.2,1.79,18.0,100780.0
20161107:1100,28.33,82.05,0.0,-0.0,0.0,430.4,0.9,346.0,100870.0
20161107:1200,28.22,79.4,0.0,-0.0,0.0,435.05,0.55,33.0,100940.0
20161107:1300,28.0,79.4,0.0,-0.0,0.0,429.05,0.62,70.0,100990.0
20161107:1400,28.11,76.85,0.0,-0.0,0.0,429.65,0.55,74.0,101000.0
20161107:1500,28.14,76.85,0.0,-0.0,0.0,425.4,0.48,88.0,101000.0
20161107:1600,27.94,76.85,0.0,-0.0,0.0,423.85,0.28,131.0,100970.0
20161107:1700,27.45,81.95,0.0,-0.0,0.0,422.65,0.62,190.0,100920.0
20161107:1800,26.01,90.2,0.0,-0.0,0.0,422.1,1.03,188.0,100890.0
20161107:1900,26.27,93.2,0.0,-0.0,0.0,426.15,1.38,164.0,100830.0
20161107:2000,26.37,90.25,0.0,-0.0,0.0,424.6,1.79,154.0,100830.0
20161107:2100,26.36,90.25,0.0,-0.0,0.0,422.3,2.0,155.0,100850.0
20161107:2200,26.29,93.2,0.0,-0.0,0.0,421.9,1.93,160.0,100890.0
20161107:2300,26.67,90.25,152.9,189.25,109.15,423.25,1.66,162.0,100940.0
20161108:0000,28.06,79.4,342.45,318.51,194.35,428.65,1.31,157.0,101030.0
20161108:0100,29.13,74.55,630.3,635.11,204.95,425.1,0.69,151.0,101070.0
20161108:0200,30.24,72.35,771.85,663.16,220.55,430.8,0.14,24.0,101050.0
20161108:0300,31.0,67.95,826.15,616.34,247.55,439.5,0.69,356.0,100970.0
20161108:0400,31.57,68.05,823.9,551.52,280.8,443.95,1.24,347.0,100910.0
20161108:0500,31.54,61.75,828.25,696.47,155.4,443.2,1.86,352.0,100790.0
20161108:0600,31.24,63.7,700.0,622.27,149.85,440.1,1.59,313.0,100780.0
20161108:0700,31.83,61.75,440.65,408.2,136.8,451.7,1.31,14.0,100640.0
20161108:0800,30.7,63.6,184.45,166.25,91.95,435.45,0.97,4.0,100640.0
20161108:0900,29.8,69.95,69.7,98.49,36.9,436.0,1.52,26.0,100670.0
20161108:1000,28.28,76.85,2.2,0.0,2.2,435.25,0.9,351.0,100750.0
20161108:1100,27.92,76.85,0.0,-0.0,0.0,433.1,0.97,322.0,100860.0
20161108:1200,27.05,87.4,0.0,-0.0,0.0,431.95,1.45,357.0,100940.0
20161108:1300,27.23,81.9,0.0,-0.0,0.0,426.35,1.31,11.0,100980.0
20161108:1400,27.21,84.6,0.0,-0.0,0.0,427.9,0.48,335.0,101020.0
20161108:1500,27.59,79.35,0.0,-0.0,0.0,423.25,0.21,287.0,101050.0
20161108:1600,27.19,81.9,0.0,-0.0,0.0,424.8,0.48,247.0,101000.0
20161108:1700,26.92,79.3,0.0,-0.0,0.0,425.4,0.28,281.0,100940.0
20161108:1800,25.67,93.15,0.0,-0.0,0.0,420.9,0.62,340.0,100930.0
20161108:1900,26.58,84.55,0.0,-0.0,0.0,418.0,1.17,209.0,100860.0
20161108:2000,26.14,87.3,0.0,-0.0,0.0,419.95,1.38,213.0,100830.0
20161108:2100,25.8,90.2,0.0,-0.0,0.0,413.55,1.66,220.0,100860.0
20161108:2200,25.61,90.2,0.0,-0.0,0.0,411.65,1.79,227.0,100910.0
20161108:2300,26.25,87.3,274.5,847.02,78.8,412.2,1.66,230.0,100940.0
20161109:0000,27.77,79.35,525.0,930.62,92.75,413.55,1.45,246.0,101030.0
20161109:0100,29.03,72.15,669.65,812.13,126.35,420.45,1.24,281.0,101060.0
20161109:0200,30.02,67.8,791.35,702.16,208.25,430.4,1.52,309.0,101060.0
20161109:0300,30.68,65.7,836.3,650.91,225.85,432.9,1.93,337.0,101000.0
20161109:0400,30.02,67.8,735.6,446.55,296.25,437.75,2.07,343.0,100910.0
20161109:0500,29.81,72.25,544.5,212.09,339.75,436.0,1.59,330.0,100850.0
20161109:0600,29.43,72.25,372.8,98.96,285.35,440.65,1.24,296.0,100720.0
20161109:0700,28.97,72.15,290.25,85.19,226.85,445.3,0.9,339.0,100780.0
20161109:0800,27.82,79.35,70.7,0.0,70.7,434.3,1.31,300.0,100790.0
20161109:0900,26.71,84.55,20.95,0.0,20.95,441.65,0.9,311.0,100850.0
20161109:1000,26.02,90.2,1.4,0.0,1.4,432.15,0.76,297.0,100880.0
20161109:1100,25.72,93.15,0.0,-0.0,0.0,429.25,0.97,267.0,100970.0
20161109:1200,25.48,93.15,0.0,-0.0,0.0,432.9,1.45,228.0,101030.0
20161109:1300,25.27,96.2,0.0,-0.0,0.0,427.5,1.86,230.0,101090.0
20161109:1400,25.19,96.2,0.0,-0.0,0.0,426.55,1.86,234.0,101110.0
20161109:1500,25.2,96.2,0.0,-0.0,0.0,428.85,2.14,233.0,101080.0
20161109:1600,25.26,93.15,0.0,-0.0,0.0,427.3,2.0,235.0,101010.0
20161109:1700,25.21,93.15,0.0,-0.0,0.0,425.4,1.79,231.0,100900.0
20161109:1800,25.22,93.15,0.0,-0.0,0.0,425.95,1.66,221.0,100830.0
20161109:1900,25.09,93.15,0.0,-0.0,0.0,420.75,1.59,227.0,100850.0
20161109:2000,25.09,93.15,0.0,-0.0,0.0,425.95,1.72,235.0,100850.0
20161109:2100,25.07,93.15,0.0,-0.0,0.0,427.7,1.59,235.0,100870.0
20161109:2200,25.22,93.15,0.0,-0.0,0.0,425.95,1.52,239.0,100930.0
20161109:2300,25.49,93.15,128.7,51.98,116.7,422.85,1.45,258.0,101010.0
20161110:0000,26.19,90.2,167.55,40.52,148.75,428.1,1.72,271.0,101070.0
20161110:0100,26.78,84.55,254.6,47.82,222.65,431.5,2.14,283.0,101130.0
20161110:0200,27.44,76.8,380.85,128.27,274.45,433.7,1.59,271.0,101120.0
20161110:0300,28.71,69.75,352.0,72.05,284.5,435.65,1.31,255.0,101090.0
20161110:0400,29.23,65.4,420.7,96.95,325.4,438.35,1.17,249.0,101010.0
20161110:0500,29.79,63.4,343.35,26.69,317.6,439.7,0.83,254.0,100920.0
20161110:0600,29.61,61.35,619.3,378.39,285.1,442.6,0.62,237.0,100830.0
20161110:0700,30.57,61.55,470.5,440.64,142.6,441.25,1.1,23.0,100740.0
20161110:0800,29.79,63.4,245.5,287.02,85.65,442.6,0.14,63.0,100660.0
20161110:0900,28.55,67.5,64.95,91.22,34.45,430.0,0.41,120.0,100740.0
20161110:1000,27.77,71.9,3.85,7.1,3.2,438.9,0.9,242.0,100790.0
20161110:1100,27.24,79.3,0.0,-0.0,0.0,435.25,2.0,250.0,100860.0
20161110:1200,26.86,81.85,0.0,-0.0,0.0,425.4,1.66,246.0,100920.0
20161110:1300,26.52,84.55,0.0,-0.0,0.0,424.0,1.24,249.0,100990.0
20161110:1400,26.23,87.3,0.0,-0.0,0.0,419.2,1.79,267.0,101030.0
20161110:1500,26.07,87.3,0.0,-0.0,0.0,424.8,2.34,268.0,101010.0
20161110:1600,25.74,90.2,0.0,-0.0,0.0,415.5,2.34,255.0,100950.0
20161110:1700,25.6,90.2,0.0,-0.0,0.0,420.75,2.14,249.0,100870.0
20161110:1800,25.43,87.3,0.0,-0.0,0.0,418.6,2.0,245.0,100810.0
20161110:1900,25.09,93.15,0.0,-0.0,0.0,421.3,1.86,244.0,100790.0
20161110:2000,24.9,90.15,0.0,-0.0,0.0,414.35,2.0,245.0,100780.0
20161110:2100,24.69,93.1,0.0,-0.0,0.0,410.65,1.93,239.0,100800.0
20161110:2200,24.54,93.1,0.0,-0.0,0.0,410.45,1.86,240.0,100870.0
20161110:2300,25.12,93.15,193.45,381.62,105.45,418.0,1.31,249.0,100930.0
20161111:0000,26.36,84.55,337.85,350.75,175.35,421.9,1.17,260.0,101000.0
20161111:0100,27.51,76.8,502.85,416.42,224.95,421.6,0.97,268.0,101030.0
20161111:0200,28.71,72.1,666.2,535.02,222.9,424.2,0.62,302.0,101010.0
20161111:0300,29.74,65.5,648.9,400.89,273.7,430.0,0.34,351.0,100980.0
20161111:0400,30.11,63.5,765.55,464.61,309.25,438.15,0.83,47.0,100900.0
20161111:0500,30.46,61.55,677.25,462.55,231.35,444.75,1.24,63.0,100810.0
20161111:0600,30.52,59.55,320.15,149.75,187.95,444.9,1.86,53.0,100650.0
20161111:0700,28.19,74.4,269.25,108.46,188.55,445.7,0.55,265.0,100660.0
20161111:0800,28.12,74.4,103.25,2.24,102.0,431.0,0.55,169.0,100690.0
20161111:0900,27.89,74.4,75.75,42.53,61.5,437.0,0.76,159.0,100690.0
20161111:1000,27.72,76.8,4.25,1.62,4.1,428.1,0.9,152.0,100770.0
20161111:1100,27.39,76.8,0.0,-0.0,0.0,428.65,1.31,157.0,100830.0
20161111:1200,27.01,79.3,0.0,-0.0,0.0,425.4,1.86,135.0,100890.0
20161111:1300,26.58,84.55,0.0,-0.0,0.0,420.35,1.45,129.0,100960.0
20161111:1400,26.15,87.3,0.0,-0.0,0.0,418.4,0.97,143.0,101000.0
20161111:1500,25.84,90.2,0.0,-0.0,0.0,423.25,1.03,177.0,100980.0
20161111:1600,25.84,90.2,0.0,-0.0,0.0,425.55,0.9,202.0,100940.0
20161111:1700,25.67,90.2,0.0,-0.0,0.0,423.45,0.69,252.0,100870.0
20161111:1800,25.42,90.2,0.0,-0.0,0.0,422.1,0.55,280.0,100860.0
20161111:1900,25.03,93.15,0.0,-0.0,0.0,429.65,0.69,215.0,100780.0
20161111:2000,24.83,96.2,0.0,-0.0,0.0,424.0,0.9,197.0,100770.0
20161111:2100,24.76,96.2,0.0,-0.0,0.0,427.5,0.97,202.0,100790.0
20161111:2200,24.77,96.2,0.0,-0.0,0.0,430.8,0.97,205.0,100860.0
20161111:2300,25.08,96.2,123.8,168.93,84.9,424.8,0.9,198.0,100960.0
20161112:0000,25.89,90.2,267.7,194.76,177.6,430.4,0.83,162.0,101000.0
20161112:0100,26.85,87.35,556.3,488.46,230.75,426.45,1.38,135.0,101030.0
20161112:0200,27.91,74.4,638.95,450.84,265.85,419.55,1.24,146.0,101010.0
20161112:0300,28.68,72.1,843.15,674.07,212.95,433.7,1.38,133.0,100960.0
20161112:0400,29.64,67.7,800.1,573.37,237.5,434.65,1.03,110.0,100900.0
20161112:0500,30.0,65.6,646.55,449.65,213.4,432.75,0.83,85.0,100770.0
20161112:0600,30.1,63.5,517.05,278.11,271.65,437.95,0.9,82.0,100620.0
20161112:0700,30.4,67.8,378.5,225.47,210.75,445.5,1.17,29.0,100590.0
20161112:0800,30.23,65.6,207.55,98.37,152.7,440.3,0.28,77.0,100560.0
20161112:0900,29.39,69.85,45.05,21.44,37.85,432.15,0.83,120.0,100540.0
20161112:1000,28.22,76.85,1.65,0.0,1.65,435.45,1.17,70.0,100650.0
20161112:1100,27.23,84.6,0.0,-0.0,0.0,433.7,1.17,41.0,100730.0
20161112:1200,26.76,87.35,0.0,-0.0,0.0,433.3,1.17,52.0,100850.0
20161112:1300,27.41,79.35,0.0,-0.0,0.0,432.15,0.62,57.0,100930.0
20161112:1400,26.98,84.6,0.0,-0.0,0.0,435.45,0.55,318.0,100950.0
20161112:1500,26.53,87.35,0.0,-0.0,0.0,429.85,1.72,308.0,100970.0
20161112:1600,25.85,90.2,0.0,-0.0,0.0,428.3,1.66,324.0,100930.0
20161112:1700,25.51,90.2,0.0,-0.0,0.0,429.25,1.59,337.0,100850.0
20161112:1800,25.28,93.15,0.0,-0.0,0.0,435.25,1.79,310.0,100830.0
20161112:1900,25.34,96.2,0.0,-0.0,0.0,431.0,1.24,328.0,100720.0
20161112:2000,25.27,96.2,0.0,-0.0,0.0,422.3,0.83,307.0,100710.0
20161112:2100,26.07,87.3,0.0,-0.0,0.0,423.45,0.41,249.0,100750.0
20161112:2200,26.12,87.3,0.0,-0.0,0.0,426.9,0.14,246.0,100790.0
20161112:2300,26.14,90.2,194.9,455.2,90.25,423.05,0.21,221.0,100860.0
20161113:0000,26.99,81.9,441.45,652.64,140.0,420.55,0.0,0.0,100930.0
20161113:0100,27.93,79.4,338.0,183.61,215.8,422.4,0.48,343.0,100990.0
20161113:0200,28.1,79.4,584.1,348.02,296.45,438.9,1.1,346.0,100970.0
20161113:0300,28.85,76.95,600.65,366.2,258.65,430.2,0.9,324.0,100930.0
20161113:0400,29.42,72.25,503.95,248.64,260.2,437.35,1.03,10.0,100850.0
20161113:0500,28.37,79.4,296.1,54.64,243.5,444.9,1.66,42.0,100810.0
20161113:0600,27.45,81.95,478.55,270.86,239.65,437.55,0.55,66.0,100670.0
20161113:0700,29.18,72.15,417.45,312.43,185.0,431.75,0.69,114.0,100610.0
20161113:0800,29.45,69.95,251.0,217.66,129.55,437.55,0.69,189.0,100540.0
20161113:0900,29.21,69.85,98.0,88.68,68.15,433.9,0.48,246.0,100570.0
20161113:1000,27.84,79.35,4.65,2.1,4.45,429.25,1.24,313.0,100660.0
20161113:1100,26.79,87.35,0.0,-0.0,0.0,426.75,1.72,347.0,100770.0
20161113:1200,26.02,90.2,0.0,-0.0,0.0,427.3,1.45,22.0,100860.0
20161113:1300,25.5,93.15,0.0,-0.0,0.0,425.35,0.83,85.0,100940.0
20161113:1400,25.57,93.15,0.0,-0.0,0.0,424.6,0.9,117.0,100950.0
20161113:1500,25.45,90.2,0.0,-0.0,0.0,422.65,0.55,153.0,100940.0
20161113:1600,25.27,96.2,0.0,-0.0,0.0,428.3,0.62,233.0,100870.0
20161113:1700,25.32,93.15,0.0,-0.0,0.0,437.2,1.38,234.0,100790.0
20161113:1800,25.18,93.15,0.0,-0.0,0.0,433.7,1.24,220.0,100700.0
20161113:1900,25.46,87.3,0.0,-0.0,0.0,420.15,1.52,230.0,100670.0
20161113:2000,25.29,93.15,0.0,-0.0,0.0,421.7,1.17,201.0,100640.0
20161113:2100,25.48,87.3,0.0,-0.0,0.0,422.3,0.97,214.0,100660.0
20161113:2200,25.74,87.3,0.0,-0.0,0.0,421.3,0.55,200.0,100740.0
20161113:2300,25.79,93.15,167.2,180.64,125.75,422.65,0.48,139.0,100840.0
20161114:0000,26.82,81.85,277.35,128.06,218.3,425.75,0.55,150.0,100880.0
20161114:0100,27.4,76.8,512.45,352.33,278.3,426.05,0.41,195.0,100900.0
20161114:0200,28.28,76.85,553.35,233.26,360.8,427.5,0.62,51.0,100910.0
20161114:0300,28.81,74.5,561.65,212.52,363.4,435.85,1.52,41.0,100870.0
20161114:0400,29.0,72.15,547.85,152.95,398.05,440.85,1.72,36.0,100780.0
20161114:0500,29.17,72.15,573.75,213.53,368.35,441.45,2.0,37.0,100690.0
20161114:0600,29.23,72.15,424.25,123.63,315.25,441.65,1.72,32.0,100530.0
20161114:0700,29.13,74.55,318.45,146.3,209.6,440.65,0.48,40.0,100560.0
20161114:0800,28.87,76.95,229.55,219.83,106.8,440.45,0.48,298.0,100500.0
20161114:0900,28.59,76.95,82.3,57.19,63.0,433.9,0.14,87.0,100510.0
20161114:1000,27.68,79.35,3.95,5.19,3.45,429.45,0.9,137.0,100560.0
20161114:1100,26.56,84.55,0.0,-0.0,0.0,434.85,0.9,111.0,100740.0
20161114:1200,26.33,90.2,0.0,-0.0,0.0,433.5,1.38,59.0,100780.0
20161114:1300,26.3,90.2,0.0,-0.0,0.0,425.55,1.38,36.0,100860.0
20161114:1400,26.33,87.3,0.0,-0.0,0.0,419.95,0.41,71.0,100910.0
20161114:1500,25.76,90.2,0.0,-0.0,0.0,425.95,1.1,165.0,100890.0
20161114:1600,25.6,93.15,0.0,-0.0,0.0,424.6,0.83,201.0,100780.0
20161114:1700,25.25,93.15,0.0,-0.0,0.0,417.65,1.1,247.0,100720.0
20161114:1800,24.98,93.15,0.0,-0.0,0.0,419.2,1.45,262.0,100690.0
20161114:1900,25.2,93.15,0.0,-0.0,0.0,419.75,1.52,253.0,100680.0
20161114:2000,25.06,93.15,0.0,-0.0,0.0,426.55,1.66,243.0,100690.0
20161114:2100,24.96,93.15,0.0,-0.0,0.0,431.95,1.38,242.0,100730.0
20161114:2200,24.96,93.15,0.0,-0.0,0.0,424.0,1.24,260.0,100770.0
20161114:2300,25.25,96.2,97.45,79.71,79.2,423.85,0.83,278.0,100850.0
20161115:0000,26.14,90.2,174.15,83.86,135.55,424.6,0.48,308.0,100910.0
20161115:0100,26.65,87.35,338.85,159.29,233.15,427.8,0.55,14.0,100960.0
20161115:0200,27.45,79.35,516.3,210.64,342.65,432.15,0.76,87.0,100920.0
20161115:0300,28.12,79.4,496.1,147.83,358.35,433.9,1.24,92.0,100880.0
20161115:0400,28.19,76.85,475.1,225.81,254.15,434.3,1.1,96.0,100820.0
20161115:0500,28.09,76.85,467.5,181.43,293.1,438.35,0.83,131.0,100740.0
20161115:0600,28.37,79.4,493.85,318.0,213.6,437.95,0.9,193.0,100650.0
20161115:0700,28.78,74.5,348.75,280.09,140.35,429.85,0.83,167.0,100620.0
20161115:0800,28.34,76.85,191.15,89.92,140.9,431.4,1.52,201.0,100570.0
20161115:0900,27.9,76.85,84.25,64.14,62.55,429.05,1.72,229.0,100580.0
20161115:1000,27.33,81.9,3.8,0.51,3.75,426.15,1.45,250.0,100650.0
20161115:1100,26.78,84.55,0.0,-0.0,0.0,425.4,1.45,296.0,100720.0
20161115:1200,26.31,87.3,0.0,-0.0,0.0,428.65,1.72,329.0,100830.0
20161115:1300,25.93,87.3,0.0,-0.0,0.0,425.55,1.24,334.0,100910.0
20161115:1400,26.08,87.3,0.0,-0.0,0.0,421.3,0.21,20.0,100960.0
20161115:1500,25.68,90.2,0.0,-0.0,0.0,416.45,0.48,178.0,100950.0
20161115:1600,25.13,93.15,0.0,-0.0,0.0,416.85,0.69,182.0,100900.0
20161115:1700,24.9,93.15,0.0,-0.0,0.0,418.0,1.03,191.0,100820.0
20161115:1800,24.87,93.15,0.0,-0.0,0.0,418.0,1.31,199.0,100780.0
20161115:1900,24.84,96.2,0.0,-0.0,0.0,410.45,1.59,220.0,100700.0
20161115:2000,24.94,93.15,0.0,-0.0,0.0,412.2,1.45,214.0,100690.0
20161115:2100,24.82,96.2,0.0,-0.0,0.0,414.55,1.31,205.0,100720.0
20161115:2200,25.11,93.15,0.0,-0.0,0.0,418.4,1.17,206.0,100750.0
20161115:2300,25.44,93.15,171.15,178.64,130.35,413.2,0.83,216.0,100800.0
20161116:0000,26.83,87.35,336.85,237.38,227.8,416.85,0.62,204.0,100830.0
20161116:0100,27.96,79.4,459.05,328.68,241.3,419.1,0.83,146.0,100870.0
20161116:0200,28.97,72.15,604.65,360.58,307.8,424.2,1.52,105.0,100860.0
20161116:0300,29.75,69.95,664.15,365.68,323.8,430.0,1.93,83.0,100850.0
20161116:0400,29.96,67.8,561.2,238.96,327.6,432.15,2.62,56.0,100820.0
20161116:0500,27.48,79.35,391.8,108.16,287.9,432.75,3.79,56.0,100810.0
20161116:0600,27.81,79.35,474.9,185.42,311.55,432.15,1.72,109.0,100730.0
20161116:0700,28.98,74.55,393.1,191.3,250.75,436.2,1.24,93.0,100590.0
20161116:0800,28.91,72.15,236.5,190.14,130.15,432.35,0.83,107.0,100540.0
20161116:0900,28.46,74.5,93.8,97.72,60.65,427.3,1.1,115.0,100520.0
20161116:1000,27.68,76.8,5.7,5.06,5.2,427.7,0.0,0.0,100570.0
20161116:1100,26.96,81.9,0.0,-0.0,0.0,430.4,0.0,0.0,100650.0
20161116:1200,26.67,84.55,0.0,-0.0,0.0,432.35,0.97,75.0,100730.0
20161116:1300,26.31,84.5,0.0,-0.0,0.0,430.6,1.66,101.0,100830.0
20161116:1400,26.11,87.3,0.0,-0.0,0.0,428.1,1.31,123.0,100880.0
20161116:1500,25.81,90.2,0.0,-0.0,0.0,431.0,1.17,125.0,100910.0
20161116:1600,25.96,84.5,0.0,-0.0,0.0,425.95,0.21,135.0,100890.0
20161116:1700,25.3,93.15,0.0,-0.0,0.0,419.75,0.48,279.0,100840.0
20161116:1800,24.8,96.2,0.0,-0.0,0.0,420.35,0.62,225.0,100780.0
20161116:1900,24.84,96.2,0.0,-0.0,0.0,418.2,0.9,248.0,100710.0
20161116:2000,24.61,93.1,0.0,-0.0,0.0,411.05,1.24,238.0,100710.0
20161116:2100,24.56,93.1,0.0,-0.0,0.0,416.1,0.76,220.0,100740.0
20161116:2200,24.72,93.1,0.0,-0.0,0.0,420.35,0.62,102.0,100780.0
20161116:2300,25.44,90.2,129.15,155.2,93.8,417.05,1.24,93.0,100850.0
20161117:0000,26.02,87.3,284.2,216.16,185.1,424.2,1.66,108.0,100920.0
20161117:0100,26.67,87.35,325.7,205.17,190.0,424.5,1.66,151.0,100900.0
20161117:0200,27.31,84.6,583.35,391.67,261.35,437.2,1.86,151.0,100880.0
20161117:0300,28.38,79.5,629.05,407.31,250.4,427.9,1.24,121.0,100860.0
20161117:0400,29.43,72.25,745.85,442.99,313.2,437.0,0.97,83.0,100780.0
20161117:0500,29.84,72.25,678.6,337.52,354.6,441.45,0.83,76.0,100710.0
20161117:0600,30.08,70.0,566.65,357.23,252.05,432.75,0.34,88.0,100610.0
20161117:0700,29.82,74.65,350.3,222.25,184.9,441.65,1.1,88.0,100570.0
20161117:0800,29.65,74.65,226.1,152.72,140.6,441.25,1.72,114.0,100490.0
20161117:0900,29.34,74.55,75.3,35.86,63.1,437.2,1.72,135.0,100500.0
20161117:1000,28.52,76.95,6.15,4.49,5.7,433.5,1.38,134.0,100510.0
20161117:1100,28.01,82.05,0.0,-0.0,0.0,430.0,0.9,120.0,100540.0
20161117:1200,27.87,81.95,0.0,-0.0,0.0,422.1,0.55,88.0,100620.0
20161117:1300,28.0,79.4,0.0,-0.0,0.0,422.1,0.28,89.0,100710.0
20161117:1400,27.06,84.6,0.0,-0.0,0.0,422.85,0.76,149.0,100750.0
20161117:1500,26.17,87.3,0.0,-0.0,0.0,424.4,1.24,146.0,100780.0
20161117:1600,25.95,90.2,0.0,-0.0,0.0,423.65,1.1,180.0,100750.0
20161117:1700,26.0,90.2,0.0,-0.0,0.0,426.75,0.9,202.0,100700.0
20161117:1800,26.73,84.55,0.0,-0.0,0.0,427.9,0.48,260.0,100660.0
20161117:1900,25.78,93.15,0.0,-0.0,0.0,423.05,1.17,135.0,100610.0
20161117:2000,25.46,90.2,0.0,-0.0,0.0,414.75,1.38,144.0,100570.0
20161117:2100,25.22,93.15,0.0,-0.0,0.0,415.3,1.31,164.0,100590.0
20161117:2200,24.96,93.15,0.0,-0.0,0.0,415.9,1.17,186.0,100600.0
20161117:2300,26.09,93.2,247.85,640.04,102.5,417.25,0.9,179.0,100640.0
20161118:0000,27.91,79.4,456.55,657.97,155.55,413.2,1.03,153.0,100680.0
20161118:0100,28.82,76.95,624.7,661.63,187.85,418.3,1.03,134.0,100730.0
20161118:0200,29.56,72.25,742.2,692.62,173.6,426.15,0.97,114.0,100750.0
20161118:0300,30.39,67.8,840.75,678.05,211.15,431.0,1.1,88.0,100740.0
20161118:0400,30.86,67.85,785.9,560.14,239.35,435.25,1.38,82.0,100680.0
20161118:0500,31.06,65.8,776.45,582.03,218.1,438.35,1.66,80.0,100580.0
20161118:0600,30.91,65.8,620.55,440.09,233.1,443.35,1.79,76.0,100500.0
20161118:0700,30.39,67.8,507.0,417.83,196.0,436.2,2.69,70.0,100390.0
20161118:0800,29.95,67.8,320.05,346.17,126.05,432.15,1.93,60.0,100380.0
20161118:0900,29.83,72.25,128.45,183.91,65.7,430.8,1.52,67.0,100380.0
20161118:1000,29.14,72.15,7.95,21.66,5.75,422.65,0.48,31.0,100430.0
20161118:1100,28.35,79.4,0.0,-0.0,0.0,426.9,0.76,24.0,100520.0
20161118:1200,27.41,79.35,0.0,-0.0,0.0,421.3,1.45,339.0,100630.0
20161118:1300,26.97,84.6,0.0,-0.0,0.0,419.75,1.72,317.0,100690.0
20161118:1400,26.66,87.35,0.0,-0.0,0.0,422.45,1.45,311.0,100740.0
20161118:1500,26.21,90.2,0.0,-0.0,0.0,417.25,1.24,296.0,100770.0
20161118:1600,26.0,90.2,0.0,-0.0,0.0,417.65,0.9,244.0,100730.0
20161118:1700,25.66,93.15,0.0,-0.0,0.0,410.45,1.52,216.0,100660.0
20161118:1800,25.37,93.15,0.0,-0.0,0.0,408.75,1.52,210.0,100610.0
20161118:1900,25.71,90.2,0.0,-0.0,0.0,413.95,1.59,223.0,100560.0
20161118:2000,25.43,90.2,0.0,-0.0,0.0,407.55,1.59,228.0,100540.0
20161118:2100,25.16,93.15,0.0,-0.0,0.0,403.5,1.72,218.0,100550.0
20161118:2200,24.91,93.15,0.0,-0.0,0.0,403.3,1.59,217.0,100620.0
20161118:2300,25.77,93.15,279.75,883.54,79.75,402.15,1.31,216.0,100670.0
20161119:0000,27.55,79.35,480.85,805.27,113.3,404.45,1.03,215.0,100750.0
20161119:0100,28.73,74.5,671.0,824.77,127.4,409.8,0.69,203.0,100770.0
20161119:0200,29.74,67.7,849.85,857.17,147.2,419.55,0.41,106.0,100760.0
20161119:0300,30.61,63.6,899.5,813.81,144.75,421.1,1.1,74.0,100700.0
20161119:0400,31.19,61.65,928.25,796.97,151.35,431.75,1.24,83.0,100590.0
20161119:0500,31.56,59.75,839.5,728.87,140.75,432.55,1.1,73.0,100500.0
20161119:0600,31.7,59.75,697.2,551.8,211.55,431.0,1.24,38.0,100360.0
20161119:0700,31.58,61.75,470.95,433.93,147.9,445.3,0.9,30.0,100420.0
20161119:0800,30.89,65.7,230.4,267.28,80.45,449.2,0.9,30.0,100340.0
20161119:0900,29.99,63.5,121.75,219.74,46.55,440.1,0.55,146.0,100380.0
20161119:1000,29.42,65.5,8.05,27.67,5.2,427.7,1.31,112.0,100420.0
20161119:1100,28.76,72.1,0.0,-0.0,0.0,422.65,1.66,102.0,100500.0
20161119:1200,28.17,76.85,0.0,-0.0,0.0,422.65,2.07,87.0,100600.0
20161119:1300,27.73,81.95,0.0,-0.0,0.0,421.1,1.86,89.0,100680.0
20161119:1400,27.24,84.6,0.0,-0.0,0.0,421.5,1.38,112.0,100710.0
20161119:1500,26.78,90.25,0.0,-0.0,0.0,423.05,1.1,141.0,100720.0
20161119:1600,26.41,87.35,0.0,-0.0,0.0,417.45,1.1,142.0,100700.0
20161119:1700,26.13,90.2,0.0,-0.0,0.0,418.8,1.03,161.0,100600.0
20161119:1800,25.88,90.2,0.0,-0.0,0.0,415.1,0.97,199.0,100570.0
20161119:1900,25.8,93.15,0.0,-0.0,0.0,414.55,0.9,215.0,100540.0
20161119:2000,25.26,93.15,0.0,-0.0,0.0,414.15,1.17,219.0,100510.0
20161119:2100,25.24,93.15,0.0,-0.0,0.0,418.0,1.24,219.0,100560.0
20161119:2200,25.21,93.15,0.0,-0.0,0.0,414.15,1.45,225.0,100620.0
20161119:2300,26.05,90.2,264.0,802.4,83.0,414.15,1.24,224.0,100690.0
20161120:0000,27.88,76.85,504.8,871.3,108.05,417.25,1.17,235.0,100760.0
20161120:0100,28.96,72.15,696.35,865.2,127.15,423.75,0.69,241.0,100770.0
20161120:0200,29.9,67.8,854.7,878.06,136.0,427.7,0.21,137.0,100740.0
20161120:0300,30.78,67.85,805.35,688.01,168.05,435.85,1.24,90.0,100670.0
20161120:0400,31.36,63.7,815.35,633.59,198.3,440.1,2.0,76.0,100600.0
20161120:0500,31.12,63.7,774.55,653.5,148.45,443.2,2.97,77.0,100520.0
20161120:0600,30.07,67.8,753.15,699.36,137.8,437.95,2.97,73.0,100430.0
20161120:0700,31.3,65.8,616.55,684.4,106.9,439.9,2.83,89.0,100330.0
20161120:0800,31.14,65.8,252.95,251.41,111.75,435.85,2.48,96.0,100350.0
20161120:0900,29.37,69.85,107.55,129.34,63.15,445.3,2.48,89.0,100370.0
20161120:1000,28.84,74.5,7.2,10.53,6.1,428.45,2.48,100.0,100390.0
20161120:1100,28.51,74.5,0.0,-0.0,0.0,428.3,2.55,108.0,100460.0
20161120:1200,28.15,79.4,0.0,-0.0,0.0,430.2,2.48,114.0,100550.0
20161120:1300,27.61,81.95,0.0,-0.0,0.0,424.4,2.28,121.0,100620.0
20161120:1400,27.12,84.6,0.0,-0.0,0.0,420.55,1.66,111.0,100690.0
20161120:1500,26.73,90.25,0.0,-0.0,0.0,425.95,0.76,83.0,100720.0
20161120:1600,27.02,84.6,0.0,-0.0,0.0,421.9,0.28,51.0,100690.0
20161120:1700,26.77,87.35,0.0,-0.0,0.0,422.85,0.41,126.0,100600.0
20161120:1800,25.65,93.15,0.0,-0.0,0.0,425.55,0.69,135.0,100600.0
20161120:1900,26.62,87.35,0.0,-0.0,0.0,424.4,0.55,171.0,100520.0
20161120:2000,25.97,90.2,0.0,-0.0,0.0,414.15,0.97,194.0,100520.0
20161120:2100,25.61,93.15,0.0,-0.0,0.0,415.5,1.31,203.0,100520.0
20161120:2200,25.4,93.15,0.0,-0.0,0.0,411.45,1.45,223.0,100570.0
20161120:2300,26.52,90.25,237.95,585.59,106.35,409.1,1.17,224.0,100630.0
20161121:0000,27.92,79.4,464.0,669.26,160.0,414.75,0.83,218.0,100680.0
20161121:0100,29.05,74.55,684.25,815.06,149.05,416.95,0.55,193.0,100710.0
20161121:0200,30.2,67.8,823.45,803.04,167.15,422.1,0.9,120.0,100730.0
20161121:0300,31.13,61.65,911.75,830.66,143.25,433.1,1.59,98.0,100700.0
20161121:0400,31.83,59.75,889.5,727.4,181.75,432.9,1.72,89.0,100620.0
20161121:0500,32.17,57.95,854.55,711.98,172.85,443.95,1.66,80.0,100520.0
20161121:0600,32.34,57.95,611.0,469.95,197.6,437.55,1.79,68.0,100400.0
20161121:0700,30.44,63.6,441.0,358.18,174.2,444.15,3.24,40.0,100410.0
20161121:0800,29.99,65.6,274.95,266.94,124.85,437.55,1.86,27.0,100390.0
20161121:0900,29.59,69.95,117.75,159.56,62.8,436.0,1.79,45.0,100400.0
20161121:1000,29.1,72.15,7.25,7.55,6.45,430.2,1.45,28.0,100460.0
20161121:1100,28.48,74.5,0.0,-0.0,0.0,427.5,1.38,20.0,100600.0
20161121:1200,27.81,81.95,0.0,-0.0,0.0,425.0,1.31,48.0,100690.0
20161121:1300,27.13,87.4,0.0,-0.0,0.0,424.4,1.52,66.0,100790.0
20161121:1400,26.56,90.25,0.0,-0.0,0.0,422.3,1.38,74.0,100810.0
20161121:1500,26.56,90.25,0.0,-0.0,0.0,428.65,0.83,94.0,100800.0
20161121:1600,27.16,81.9,0.0,-0.0,0.0,425.35,0.28,188.0,100730.0
20161121:1700,26.31,90.2,0.0,-0.0,0.0,426.15,1.38,259.0,100680.0
20161121:1800,25.93,90.2,0.0,-0.0,0.0,425.55,1.72,254.0,100640.0
20161121:1900,26.79,87.35,0.0,-0.0,0.0,428.85,1.38,284.0,100560.0
20161121:2000,26.46,87.35,0.0,-0.0,0.0,430.4,1.24,287.0,100570.0
20161121:2100,26.24,90.2,0.0,-0.0,0.0,426.75,1.31,302.0,100620.0
20161121:2200,26.09,90.2,0.0,-0.0,0.0,423.45,1.38,309.0,100670.0
20161121:2300,26.43,90.25,169.75,230.97,118.05,422.45,1.03,298.0,100750.0
20161122:0000,27.67,81.95,307.4,251.18,193.6,424.8,0.69,261.0,100770.0
20161122:0100,28.34,76.85,469.3,318.83,260.35,427.25,0.55,198.0,100800.0
20161122:0200,29.11,72.15,550.3,285.97,316.95,430.6,0.83,168.0,100790.0
20161122:0300,29.76,69.95,572.65,170.02,415.55,434.45,0.55,162.0,100740.0
20161122:0400,30.18,67.8,556.15,165.26,395.5,439.5,0.41,45.0,100670.0
20161122:0500,30.13,67.8,473.7,75.14,401.8,448.2,0.34,303.0,100610.0
20161122:0600,29.71,67.7,228.3,18.42,212.1,439.9,1.66,251.0,100540.0
20161122:0700,28.47,72.1,153.9,0.0,153.9,435.05,0.9,302.0,100600.0
20161122:0800,28.13,74.4,119.75,0.0,119.75,437.0,0.76,267.0,100560.0
20161122:0900,28.02,74.4,44.5,0.29,44.4,432.35,0.97,246.0,100600.0
20161122:1000,27.71,76.8,3.95,0.0,3.95,428.3,0.83,193.0,100650.0
20161122:1100,27.2,81.9,0.0,-0.0,0.0,427.5,1.1,214.0,100740.0
20161122:1200,26.88,81.9,0.0,-0.0,0.0,429.05,1.31,204.0,100830.0
20161122:1300,26.29,90.2,0.0,-0.0,0.0,425.95,1.17,209.0,100880.0
20161122:1400,26.04,90.2,0.0,-0.0,0.0,425.55,1.03,217.0,100910.0
20161122:1500,25.96,90.2,0.0,-0.0,0.0,425.55,0.83,216.0,100900.0
20161122:1600,26.85,84.55,0.0,-0.0,0.0,427.3,0.41,224.0,100830.0
20161122:1700,25.79,93.15,0.0,-0.0,0.0,427.7,0.83,242.0,100770.0
20161122:1800,25.89,90.2,0.0,-0.0,0.0,426.15,1.38,236.0,100690.0
20161122:1900,25.81,93.15,0.0,-0.0,0.0,425.95,1.45,230.0,100620.0
20161122:2000,25.53,93.15,0.0,-0.0,0.0,419.55,1.31,229.0,100570.0
20161122:2100,25.35,96.2,0.0,-0.0,0.0,418.4,1.31,225.0,100610.0
20161122:2200,25.09,93.15,0.0,-0.0,0.0,415.9,1.31,228.0,100630.0
20161122:2300,25.97,90.2,190.95,330.88,117.2,417.25,1.17,240.0,100740.0
20161123:0000,27.51,76.8,319.4,301.86,183.0,417.45,1.03,236.0,100780.0
20161123:0100,28.26,74.4,487.35,476.48,175.7,418.9,1.03,257.0,100800.0
20161123:0200,28.64,72.1,454.8,274.88,230.85,430.6,1.17,256.0,100810.0
20161123:0300,29.13,67.6,717.35,457.59,295.05,437.75,0.97,280.0,100770.0
20161123:0400,30.26,61.45,722.75,443.53,292.0,432.9,1.17,316.0,100700.0
20161123:0500,30.91,57.75,759.4,549.03,234.35,435.25,1.66,335.0,100610.0
20161123:0600,30.92,57.75,533.15,305.75,264.3,445.1,2.28,3.0,100490.0
20161123:0700,29.58,69.95,295.1,176.41,163.6,436.6,1.45,252.0,100490.0
20161123:0800,28.93,69.85,152.65,40.71,129.7,437.75,0.97,181.0,100430.0
20161123:0900,28.88,74.5,79.05,79.76,51.4,435.85,1.31,141.0,100470.0
20161123:1000,28.13,74.4,5.45,3.67,5.05,428.3,1.38,134.0,100490.0
20161123:1100,27.69,81.95,0.0,-0.0,0.0,429.85,0.62,157.0,100590.0
20161123:1200,27.14,84.6,0.0,-0.0,0.0,425.95,0.83,163.0,100700.0
20161123:1300,27.09,84.6,0.0,-0.0,0.0,429.65,0.76,169.0,100740.0
20161123:1400,27.32,81.9,0.0,-0.0,0.0,426.15,0.55,109.0,100800.0
20161123:1500,26.14,90.2,0.0,-0.0,0.0,429.05,0.83,56.0,100800.0
20161123:1600,25.9,87.3,0.0,-0.0,0.0,426.55,0.55,33.0,100800.0
20161123:1700,25.57,93.15,0.0,-0.0,0.0,426.55,0.48,266.0,100740.0
20161123:1800,25.59,93.15,0.0,-0.0,0.0,428.45,0.9,237.0,100680.0
20161123:1900,25.35,96.2,0.0,-0.0,0.0,426.35,1.38,141.0,100610.0
20161123:2000,25.23,96.2,0.0,-0.0,0.0,426.55,1.24,208.0,100620.0
20161123:2100,25.01,96.2,0.0,-0.0,0.0,425.95,1.03,231.0,100650.0
20161123:2200,25.04,96.2,0.0,-0.0,0.0,426.9,0.97,242.0,100690.0
20161123:2300,25.25,96.2,41.2,0.45,41.1,425.4,1.03,206.0,100720.0
20161124:0000,25.81,93.15,95.4,9.76,91.0,428.85,1.03,199.0,100800.0
20161124:0100,26.09,93.2,174.0,21.52,159.95,429.95,0.97,192.0,100830.0
20161124:0200,26.63,90.25,230.75,25.45,210.05,431.0,1.03,176.0,100830.0
20161124:0300,26.88,87.4,287.5,61.68,230.65,431.0,0.9,169.0,100760.0
20161124:0400,27.23,87.4,295.65,13.81,282.25,432.55,0.62,169.0,100690.0
20161124:0500,27.34,87.4,364.75,51.06,315.95,434.3,0.69,299.0,100580.0
20161124:0600,27.69,81.95,412.15,232.15,208.05,435.65,0.55,297.0,100480.0
20161124:0700,29.69,69.95,427.15,347.11,168.3,435.85,1.52,52.0,100330.0
20161124:0800,29.27,72.15,183.9,162.0,92.45,438.15,0.9,15.0,100380.0
20161124:0900,27.9,76.85,68.6,33.78,56.85,437.0,0.9,15.0,100360.0
20161124:1000,27.59,79.35,3.65,0.9,3.55,430.6,0.76,335.0,100460.0
20161124:1100,26.37,84.55,0.0,-0.0,0.0,436.6,0.9,255.0,100560.0
20161124:1200,25.95,93.2,0.0,-0.0,0.0,431.95,0.41,256.0,100620.0
20161124:1300,25.65,96.25,0.0,-0.0,0.0,430.0,0.48,214.0,100690.0
20161124:1400,25.55,93.15,0.0,-0.0,0.0,426.9,1.1,199.0,100720.0
20161124:1500,25.25,96.2,0.0,-0.0,0.0,426.9,1.03,198.0,100700.0
20161124:1600,25.08,96.2,0.0,-0.0,0.0,425.55,1.03,226.0,100690.0
20161124:1700,24.75,99.4,0.0,-0.0,0.0,425.75,0.62,218.0,100620.0
20161124:1800,24.83,96.2,0.0,-0.0,0.0,431.95,0.62,187.0,100550.0
20161124:1900,24.84,93.15,0.0,-0.0,0.0,426.35,0.83,227.0,100550.0
20161124:2000,24.75,96.2,0.0,-0.0,0.0,426.75,0.83,214.0,100560.0
20161124:2100,24.71,96.2,0.0,-0.0,0.0,426.35,1.45,228.0,100590.0
20161124:2200,24.63,96.2,0.0,-0.0,0.0,422.65,1.72,224.0,100610.0
20161124:2300,24.79,96.2,88.3,12.9,85.45,420.75,1.38,227.0,100690.0
20161125:0000,25.57,90.2,197.0,48.18,175.35,424.2,1.24,213.0,100750.0
20161125:0100,26.22,87.3,271.7,64.17,229.9,428.4,1.1,224.0,100780.0
20161125:0200,26.67,84.55,331.7,50.61,290.6,427.3,0.9,206.0,100790.0
20161125:0300,27.24,81.9,382.55,55.07,331.85,431.55,0.69,132.0,100770.0
20161125:0400,27.85,79.35,198.5,0.0,198.5,434.3,1.17,123.0,100740.0
20161125:0500,27.47,79.35,357.2,61.92,298.05,438.9,1.45,131.0,100650.0
20161125:0600,27.86,79.35,286.05,17.75,270.45,437.2,1.52,138.0,100560.0
20161125:0700,27.94,79.4,246.55,41.68,215.45,437.35,2.55,91.0,100470.0
20161125:0800,27.85,79.35,107.8,30.78,90.4,435.45,1.72,95.0,100440.0
20161125:0900,27.21,81.9,64.85,10.6,61.15,431.4,0.83,115.0,100470.0
20161125:1000,27.07,81.9,4.9,1.34,4.75,430.0,0.76,168.0,100510.0
20161125:1100,26.69,87.35,0.0,-0.0,0.0,426.75,1.24,188.0,100590.0
20161125:1200,26.35,90.2,0.0,-0.0,0.0,432.75,1.31,185.0,100690.0
20161125:1300,25.94,90.2,0.0,-0.0,0.0,423.45,1.03,192.0,100800.0
20161125:1400,25.74,93.15,0.0,-0.0,0.0,426.15,1.17,208.0,100810.0
20161125:1500,25.38,93.15,0.0,-0.0,0.0,426.9,0.9,192.0,100830.0
20161125:1600,25.41,93.15,0.0,-0.0,0.0,424.0,1.24,163.0,100750.0
20161125:1700,25.57,93.15,0.0,-0.0,0.0,425.4,1.45,185.0,100680.0
20161125:1800,25.36,93.15,0.0,-0.0,0.0,425.75,1.24,187.0,100610.0
20161125:1900,25.15,96.2,0.0,-0.0,0.0,423.65,1.93,234.0,100580.0
20161125:2000,24.91,93.15,0.0,-0.0,0.0,419.55,1.52,239.0,100580.0
20161125:2100,24.77,96.2,0.0,-0.0,0.0,418.0,1.66,240.0,100580.0
20161125:2200,24.72,96.2,0.0,-0.0,0.0,416.1,1.59,228.0,100610.0
20161125:2300,25.19,96.2,96.6,64.85,82.35,416.3,1.1,185.0,100670.0
20161126:0000,26.24,90.2,319.3,277.11,195.15,424.6,1.31,148.0,100730.0
20161126:0100,27.31,87.4,354.95,167.39,246.15,426.25,1.66,144.0,100790.0
20161126:0200,27.99,82.05,478.3,142.33,362.9,433.1,1.59,139.0,100800.0
20161126:0300,29.03,74.55,589.35,260.81,349.55,437.0,1.79,131.0,100740.0
20161126:0400,29.99,70.0,635.8,271.08,373.25,431.75,2.07,126.0,100650.0
20161126:0500,30.26,65.6,492.25,245.09,258.25,436.8,1.59,121.0,100560.0
20161126:0600,30.36,65.6,707.9,619.17,163.65,435.25,1.24,100.0,100460.0
20161126:0700,30.62,67.85,453.65,389.24,163.1,442.2,1.59,69.0,100360.0
20161126:0800,30.22,67.8,273.85,341.7,80.4,431.55,0.9,146.0,100350.0
20161126:0900,29.66,69.95,133.75,232.04,52.45,433.9,1.1,181.0,100370.0
20161126:1000,29.06,74.55,7.25,20.65,4.9,425.75,1.24,166.0,100450.0
20161126:1100,28.24,79.4,0.0,-0.0,0.0,425.0,1.17,165.0,100520.0
20161126:1200,27.36,90.25,0.0,-0.0,0.0,423.25,0.9,144.0,100630.0
20161126:1300,27.15,90.25,0.0,-0.0,0.0,428.45,0.76,173.0,100730.0
20161126:1400,26.67,93.2,0.0,-0.0,0.0,433.7,0.9,215.0,100800.0
20161126:1500,26.28,93.2,0.0,-0.0,0.0,428.1,0.97,238.0,100790.0
20161126:1600,26.55,87.35,0.0,-0.0,0.0,429.05,0.55,245.0,100730.0
20161126:1700,25.58,93.15,0.0,-0.0,0.0,425.0,0.76,221.0,100680.0
20161126:1800,25.3,96.2,0.0,-0.0,0.0,425.2,0.76,192.0,100660.0
20161126:1900,25.38,90.2,0.0,-0.0,0.0,427.5,1.24,205.0,100660.0
20161126:2000,24.92,93.15,0.0,-0.0,0.0,425.2,1.24,204.0,100640.0
20161126:2100,24.82,96.2,0.0,-0.0,0.0,426.15,1.66,203.0,100690.0
20161126:2200,24.76,96.2,0.0,-0.0,0.0,426.55,1.52,177.0,100690.0
20161126:2300,25.12,96.2,216.5,450.8,117.95,419.55,1.38,174.0,100740.0
20161127:0000,26.34,90.2,422.05,540.9,180.45,420.15,1.38,158.0,100760.0
20161127:0100,27.66,81.95,652.7,700.67,198.25,423.95,1.45,139.0,100750.0
20161127:0200,29.05,74.55,759.1,729.19,168.85,427.1,1.45,130.0,100710.0
20161127:0300,29.99,70.0,848.7,790.98,122.35,429.65,1.66,108.0,100670.0
20161127:0400,30.67,67.85,886.55,759.03,152.05,433.1,1.79,81.0,100600.0
20161127:0500,31.2,67.95,769.55,669.21,130.95,440.65,1.86,63.0,100520.0
20161127:0600,31.27,67.95,668.65,543.21,191.2,442.6,1.79,61.0,100430.0
20161127:0700,30.91,70.2,466.7,416.54,155.6,448.0,1.52,60.0,100380.0
20161127:0800,29.98,72.35,235.7,206.78,118.45,437.0,1.72,93.0,100390.0
20161127:0900,28.37,79.4,110.0,144.03,59.35,431.55,1.24,58.0,100410.0
20161127:1000,27.65,81.95,7.6,12.56,6.15,432.55,0.41,107.0,100520.0
20161127:1100,27.15,87.4,0.0,-0.0,0.0,429.85,0.76,202.0,100600.0
20161127:1200,27.15,87.4,0.0,-0.0,0.0,428.1,1.1,214.0,100710.0
20161127:1300,26.86,87.4,0.0,-0.0,0.0,423.65,1.38,236.0,100790.0
20161127:1400,26.35,96.25,0.0,-0.0,0.0,426.9,0.97,250.0,100870.0
20161127:1500,26.23,93.2,0.0,-0.0,0.0,424.0,0.76,284.0,100880.0
20161127:1600,26.68,90.25,0.0,-0.0,0.0,420.55,0.0,330.0,100810.0
20161127:1700,25.58,96.25,0.0,-0.0,0.0,417.85,0.97,132.0,100690.0
20161127:1800,26.35,90.2,0.0,-0.0,0.0,416.65,0.14,212.0,100630.0
20161127:1900,25.43,93.15,0.0,-0.0,0.0,417.85,1.17,233.0,100540.0
20161127:2000,25.22,96.2,0.0,-0.0,0.0,417.65,1.03,252.0,100560.0
20161127:2100,25.59,93.15,0.0,-0.0,0.0,419.2,0.76,260.0,100610.0
20161127:2200,25.56,93.15,0.0,-0.0,0.0,418.2,0.69,206.0,100650.0
20161127:2300,26.31,93.2,212.45,497.41,104.3,418.8,0.62,173.0,100740.0
20161128:0000,27.57,84.65,419.65,643.31,133.2,421.9,1.03,146.0,100800.0
20161128:0100,28.47,82.1,603.05,721.37,136.2,428.0,1.52,138.0,100810.0
20161128:0200,29.44,77.1,798.9,816.9,138.75,427.3,1.52,145.0,100830.0
20161128:0300,30.21,74.7,805.65,675.9,185.75,432.35,0.97,125.0,100790.0
20161128:0400,30.87,70.1,819.05,644.73,195.7,439.7,0.9,36.0,100700.0
20161128:0500,30.98,70.2,670.6,482.38,210.5,441.25,0.76,45.0,100670.0
20161128:0600,30.28,74.7,595.8,438.26,210.6,451.5,1.1,41.0,100500.0
20161128:0700,30.01,72.35,207.6,32.78,183.1,437.4,1.59,320.0,100580.0
20161128:0800,28.61,76.95,130.5,38.21,108.8,446.3,2.0,350.0,100530.0
20161128:0900,28.14,82.05,38.15,0.0,38.15,434.3,2.14,29.0,100520.0
20161128:1000,27.0,87.4,4.25,0.85,4.15,439.5,0.83,110.0,100630.0
20161128:1100,26.5,90.25,0.0,-0.0,0.0,444.9,1.17,144.0,100690.0
20161128:1200,26.17,93.2,0.0,-0.0,0.0,428.45,1.45,168.0,100790.0
20161128:1300,25.91,93.2,0.0,-0.0,0.0,434.1,1.45,173.0,100880.0
20161128:1400,25.67,93.15,0.0,-0.0,0.0,426.75,1.24,179.0,100950.0
20161128:1500,25.65,93.15,0.0,-0.0,0.0,431.0,1.03,213.0,100980.0
20161128:1600,25.25,96.2,0.0,-0.0,0.0,431.2,0.0,0.0,100950.0
20161128:1700,25.12,96.2,0.0,-0.0,0.0,430.6,0.0,0.0,100870.0
20161128:1800,25.32,96.2,0.0,-0.0,0.0,437.2,1.03,232.0,100830.0
20161128:1900,25.7,90.2,0.0,-0.0,0.0,413.75,1.66,243.0,100740.0
20161128:2000,25.59,90.2,0.0,-0.0,0.0,421.7,1.52,231.0,100720.0
20161128:2100,25.4,90.2,0.0,-0.0,0.0,416.65,1.52,215.0,100700.0
20161128:2200,25.18,93.15,0.0,-0.0,0.0,412.4,1.38,236.0,100760.0
20161128:2300,25.72,93.15,251.9,672.76,106.45,416.65,1.38,248.0,100810.0
20161129:0000,27.11,84.6,466.9,728.05,143.75,411.45,2.0,252.0,100880.0
20161129:0100,28.24,79.4,650.15,790.66,139.6,420.85,2.41,260.0,100900.0
20161129:0200,29.3,74.55,832.25,882.35,120.4,424.0,2.28,277.0,100910.0
20161129:0300,30.22,72.35,872.65,731.32,202.75,428.85,2.07,303.0,100890.0
20161129:0400,30.66,72.4,814.85,602.53,232.8,440.45,1.66,333.0,100810.0
20161129:0500,30.95,67.95,794.15,638.74,185.2,445.1,0.9,352.0,100720.0
20161129:0600,30.9,67.95,686.55,580.25,176.55,450.9,1.45,354.0,100570.0
20161129:0700,30.39,72.35,428.2,305.9,199.45,439.9,1.72,342.0,100550.0
20161129:0800,28.58,76.95,263.45,202.25,148.4,435.85,1.59,13.0,100600.0
20161129:0900,27.83,84.65,86.45,62.23,64.4,436.0,0.55,314.0,100600.0
20161129:1000,27.73,79.35,6.75,2.94,6.4,443.55,0.76,247.0,100650.0
20161129:1100,27.24,81.9,0.0,-0.0,0.0,437.75,1.45,256.0,100740.0
20161129:1200,27.01,81.9,0.0,-0.0,0.0,425.75,1.24,276.0,100850.0
20161129:1300,26.65,90.25,0.0,-0.0,0.0,427.9,0.83,277.0,100940.0
20161129:1400,26.99,81.9,0.0,-0.0,0.0,425.4,0.21,250.0,100980.0
20161129:1500,26.18,90.2,0.0,-0.0,0.0,425.95,0.55,216.0,100970.0
20161129:1600,25.89,90.2,0.0,-0.0,0.0,425.0,0.76,207.0,100890.0
20161129:1700,25.79,96.25,0.0,-0.0,0.0,428.65,0.76,196.0,100830.0
20161129:1800,25.78,93.15,0.0,-0.0,0.0,421.9,0.62,210.0,100790.0
20161129:1900,26.13,90.2,0.0,-0.0,0.0,420.35,0.55,329.0,100740.0
20161129:2000,25.6,93.15,0.0,-0.0,0.0,423.85,0.9,250.0,100710.0
20161129:2100,25.4,93.15,0.0,-0.0,0.0,421.7,1.1,260.0,100760.0
20161129:2200,25.35,90.2,0.0,-0.0,0.0,420.9,1.59,280.0,100860.0
20161129:2300,25.6,93.15,117.0,108.87,93.6,426.15,1.03,303.0,100890.0
20161130:0000,26.4,87.35,224.6,113.24,174.5,427.3,0.69,299.0,100920.0
20161130:0100,27.09,84.6,352.75,143.11,260.55,426.45,1.03,281.0,100980.0
20161130:0200,27.65,79.35,556.25,279.86,330.85,432.15,0.69,284.0,101010.0
20161130:0300,28.68,74.5,594.65,221.89,391.65,433.1,0.21,13.0,101000.0
20161130:0400,29.27,74.55,591.15,225.44,373.55,436.6,0.9,14.0,100910.0
20161130:0500,29.66,72.25,491.35,176.87,322.8,442.0,1.72,25.0,100830.0
20161130:0600,29.18,74.55,292.15,44.83,252.75,444.15,1.52,8.0,100740.0
20161130:0700,27.07,84.6,175.4,28.93,153.75,437.55,2.62,315.0,100770.0
20161130:0800,26.56,90.25,97.4,14.48,89.15,438.35,2.55,275.0,100710.0
20161130:0900,26.76,87.35,35.65,0.0,35.65,436.2,2.48,244.0,100720.0
20161130:1000,26.66,87.35,4.1,0.0,4.1,432.15,1.79,235.0,100790.0
20161130:1100,26.51,87.35,0.0,-0.0,0.0,431.2,1.52,266.0,100800.0
20161130:1200,26.33,90.2,0.0,-0.0,0.0,425.95,1.86,277.0,100850.0
20161130:1300,26.17,90.2,0.0,-0.0,0.0,423.85,1.72,269.0,100920.0
20161130:1400,26.02,90.2,0.0,-0.0,0.0,423.25,1.79,262.0,100980.0
20161130:1500,25.85,93.15,0.0,-0.0,0.0,421.1,1.86,258.0,101020.0
20161130:1600,24.11,97.78,0.0,-0.0,0.0,407.08,2.02,256.0,100940.0
20161130:1700,24.44,96.0,0.0,-0.0,0.0,409.11,1.97,258.0,100880.0
20161130:1800,24.77,94.22,0.0,-0.0,0.0,411.14,1.92,254.0,100780.0
20161130:1900,25.1,92.44,0.0,-0.0,0.0,413.18,1.87,257.0,100720.0
20161130:2000,25.43,90.66,0.0,-0.0,0.0,415.21,1.82,258.0,100690.0
20161130:2100,25.76,88.88,0.0,-0.0,0.0,417.24,1.77,259.0,100700.0
20161130:2200,26.09,87.11,0.0,-0.0,0.0,419.27,1.72,255.0,100740.0
20161130:2300,26.42,85.33,236.95,764.23,73.7,421.31,1.68,252.0,100830.0
20201201:0000,26.75,83.55,312.6,319.78,171.6,423.34,1.63,209.0,100880.0
20201201:0100,27.08,81.77,355.25,132.94,269.8,425.37,1.58,200.0,100930.0
20201201:0200,27.41,79.99,539.5,361.11,249.15,427.4,1.53,178.0,100930.0
20201201:0300,27.74,78.21,594.8,296.36,324.0,429.44,1.48,144.0,100890.0
20201201:0400,28.07,76.43,411.9,63.3,350.85,431.47,1.43,124.0,100810.0
20201201:0500,28.4,74.65,342.4,66.66,278.9,433.5,1.38,112.0,100730.0
20201201:0600,28.73,72.88,312.45,22.13,293.0,435.53,1.33,132.0,100670.0
20201201:0700,29.06,71.1,268.0,37.06,240.25,437.57,1.28,115.0,100570.0
20201201:0800,28.64,67.6,153.95,15.68,145.0,439.5,2.21,109.0,100490.0
20201201:0900,28.04,72.0,51.15,0.0,51.15,430.8,2.48,109.0,100480.0
20201201:1000,27.41,74.3,7.75,0.0,7.75,429.05,2.28,120.0,100520.0
20201201:1100,26.93,79.3,0.0,-0.0,0.0,424.4,1.79,130.0,100610.0
20201201:1200,26.48,81.85,0.0,-0.0,0.0,420.75,1.1,142.0,100740.0
20201201:1300,26.16,84.55,0.0,-0.0,0.0,421.5,0.69,188.0,100800.0
20201201:1400,25.61,87.3,0.0,-0.0,0.0,421.9,0.9,210.0,100840.0
20201201:1500,25.42,90.2,0.0,-0.0,0.0,421.3,1.03,180.0,100820.0
20201201:1600,25.19,90.2,0.0,-0.0,0.0,421.1,0.97,177.0,100800.0
20201201:1700,25.12,90.2,0.0,-0.0,0.0,420.55,1.1,192.0,100730.0
20201201:1800,24.99,93.15,0.0,-0.0,0.0,420.9,1.1,201.0,100680.0
20201201:1900,25.19,90.2,0.0,-0.0,0.0,421.9,1.45,210.0,100610.0
20201201:2000,25.15,93.15,0.0,-0.0,0.0,428.65,1.1,202.0,100610.0
20201201:2100,25.24,90.2,0.0,-0.0,0.0,427.9,1.17,232.0,100670.0
20201201:2200,25.07,93.15,0.0,-0.0,0.0,426.15,1.03,217.0,100720.0
20201201:2300,25.74,90.2,193.25,556.15,75.2,423.85,0.83,195.0,100750.0
20201202:0000,27.33,74.3,405.95,624.67,131.45,421.7,0.76,171.0,100750.0
20201202:0100,28.4,69.75,658.2,754.42,174.4,420.05,0.48,137.0,100810.0
20201202:0200,29.37,67.6,855.3,854.44,169.45,425.55,0.69,68.0,100810.0
20201202:0300,30.22,65.6,838.9,747.67,156.55,430.2,1.17,43.0,100810.0
20201202:0400,30.29,67.8,691.9,543.25,168.4,439.9,1.45,21.0,100730.0
20201202:0500,29.62,69.95,749.0,576.81,199.75,436.0,0.69,293.0,100690.0
20201202:0600,30.21,70.0,468.9,243.93,254.45,437.2,0.21,285.0,100560.0
20201202:0700,29.58,74.55,355.0,177.67,221.85,436.0,1.24,246.0,100470.0
20201202:0800,29.65,69.95,155.6,10.06,149.85,434.3,0.21,287.0,100430.0
20201202:0900,28.42,74.5,48.2,0.0,48.2,436.2,0.9,44.0,100460.0
20201202:1000,27.53,81.95,2.5,0.0,2.5,426.35,0.83,28.0,100530.0
20201202:1100,26.75,84.6,0.0,-0.0,0.0,431.95,0.69,272.0,100590.0
20201202:1200,26.93,79.3,0.0,-0.0,0.0,426.35,0.34,280.0,100710.0
20201202:1300,26.77,79.3,0.0,-0.0,0.0,427.9,0.07,12.0,100800.0
20201202:1400,26.25,84.55,0.0,-0.0,0.0,425.0,0.34,276.0,100800.0
20201202:1500,25.73,90.2,0.0,-0.0,0.0,424.0,0.83,278.0,100810.0
20201202:1600,25.41,90.2,0.0,-0.0,0.0,421.3,1.38,279.0,100790.0
20201202:1700,25.07,93.15,0.0,-0.0,0.0,419.55,1.79,261.0,100720.0
20201202:1800,25.07,90.2,0.0,-0.0,0.0,420.55,1.86,241.0,100620.0
20201202:1900,25.12,90.2,0.0,-0.0,0.0,424.0,1.24,210.0,100520.0
20201202:2000,25.06,93.15,0.0,-0.0,0.0,418.8,1.52,226.0,100510.0
20201202:2100,24.97,93.15,0.0,-0.0,0.0,414.75,2.07,243.0,100560.0
20201202:2200,24.75,93.15,0.0,-0.0,0.0,416.45,2.34,259.0,100630.0
20201202:2300,24.99,93.15,137.7,221.22,91.05,417.25,1.79,255.0,100690.0
20201203:0000,25.9,90.2,334.95,437.43,143.4,424.8,1.86,265.0,100750.0
20201203:0100,27.05,84.6,462.55,389.12,213.6,425.5,2.69,275.0,100800.0
20201203:0200,28.08,79.4,639.25,443.45,283.9,426.9,2.69,284.0,100800.0
20201203:0300,29.1,74.55,769.05,630.25,194.55,429.05,2.62,293.0,100750.0
20201203:0400,29.84,72.25,788.6,596.18,214.55,430.6,3.17,308.0,100710.0
20201203:0500,29.59,74.55,607.95,332.76,291.2,438.15,3.66,321.0,100600.0
20201203:0600,29.05,74.55,645.8,504.79,201.95,436.6,3.38,323.0,100560.0
20201203:0700,28.0,76.85,400.4,267.86,199.5,432.15,3.38,313.0,100450.0
20201203:0800,27.75,79.4,157.15,92.34,104.25,427.3,2.97,297.0,100490.0
20201203:0900,27.31,81.95,79.4,33.75,67.25,434.85,3.17,269.0,100480.0
20201203:1000,27.13,81.95,8.8,4.37,8.25,428.85,2.48,252.0,100570.0
20201203:1100,26.6,81.9,0.0,-0.0,0.0,421.7,1.93,245.0,100650.0
20201203:1200,26.39,87.35,0.0,-0.0,0.0,425.75,1.66,260.0,100700.0
20201203:1300,26.12,87.35,0.0,-0.0,0.0,422.85,1.93,272.0,100770.0
20201203:1400,25.95,90.2,0.0,-0.0,0.0,425.4,1.72,272.0,100820.0
20201203:1500,25.75,87.3,0.0,-0.0,0.0,421.3,1.72,261.0,100820.0
20201203:1600,25.53,90.2,0.0,-0.0,0.0,420.15,1.93,260.0,100770.0
20201203:1700,25.32,90.2,0.0,-0.0,0.0,419.2,2.0,264.0,100720.0
20201203:1800,25.19,90.2,0.0,-0.0,0.0,421.1,2.07,258.0,100640.0
20201203:1900,25.16,90.2,0.0,-0.0,0.0,426.9,1.86,232.0,100580.0
20201203:2000,25.11,90.2,0.0,-0.0,0.0,426.9,1.66,236.0,100510.0
20201203:2100,25.01,96.2,0.0,-0.0,0.0,427.1,1.59,238.0,100540.0
20201203:2200,24.86,96.2,0.0,-0.0,0.0,426.15,1.03,232.0,100620.0
20201203:2300,25.12,93.15,99.2,45.84,89.6,426.9,1.17,243.0,100680.0
20201204:0000,25.74,90.2,225.95,144.72,162.8,426.35,0.97,264.0,100690.0
20201204:0100,26.55,87.35,376.55,135.76,289.9,422.2,0.76,261.0,100730.0
20201204:0200,27.23,84.65,303.05,60.94,254.3,430.2,0.48,238.0,100710.0
20201204:0300,27.64,82.05,369.55,145.2,237.35,432.75,0.07,198.0,100700.0
20201204:0400,28.54,76.95,564.95,164.27,406.9,433.5,0.07,324.0,100630.0
20201204:0500,28.8,74.55,519.0,130.05,395.25,438.9,0.97,321.0,100540.0
20201204:0600,29.19,77.0,540.7,356.42,227.25,436.6,2.07,299.0,100490.0
20201204:0700,28.58,76.95,317.05,158.59,198.0,442.4,0.62,314.0,100390.0
20201204:0800,27.06,84.6,164.05,46.95,137.1,435.45,2.14,251.0,100380.0
20201204:0900,26.55,87.35,34.2,0.0,34.2,432.9,0.41,254.0,100450.0
20201204:1000,26.24,87.35,4.4,0.39,4.35,432.75,0.21,348.0,100480.0
20201204:1100,26.08,93.2,0.0,-0.0,0.0,427.1,0.55,253.0,100520.0
20201204:1200,26.03,93.2,0.0,-0.0,0.0,426.35,0.34,243.0,100600.0
20201204:1300,26.28,87.35,0.0,-0.0,0.0,424.6,0.21,179.0,100670.0
20201204:1400,26.32,87.35,0.0,-0.0,0.0,423.05,0.07,115.0,100740.0
20201204:1500,25.7,90.2,0.0,-0.0,0.0,423.45,0.62,252.0,100750.0
20201204:1600,25.46,93.15,0.0,-0.0,0.0,425.75,1.1,251.0,100690.0
20201204:1700,25.31,93.15,0.0,-0.0,0.0,421.3,1.45,254.0,100640.0
20201204:1800,25.1,93.15,0.0,-0.0,0.0,418.0,2.0,269.0,100590.0
20201204:1900,25.32,93.15,0.0,-0.0,0.0,422.1,2.14,270.0,100550.0
20201204:2000,25.1,93.15,0.0,-0.0,0.0,421.7,2.41,275.0,100520.0
20201204:2100,24.97,96.2,0.0,-0.0,0.0,422.45,2.41,269.0,100520.0
20201204:2200,24.84,96.2,0.0,-0.0,0.0,421.9,2.14,265.0,100560.0
20201204:2300,25.15,93.15,176.2,300.99,113.6,426.35,1.72,264.0,100640.0
20201205:0000,26.29,87.35,236.5,92.0,196.5,418.0,1.31,263.0,100720.0
20201205:0100,27.06,84.6,263.25,107.89,194.55,424.9,1.52,274.0,100780.0
20201205:0200,27.54,81.95,471.15,202.54,309.4,431.4,1.24,279.0,100760.0
20201205:0300,28.75,72.15,464.35,156.54,322.0,430.6,1.38,276.0,100730.0
20201205:0400,29.27,72.15,489.5,123.1,371.15,436.4,2.14,286.0,100670.0
20201205:0500,29.47,72.15,439.9,81.15,362.7,438.55,2.97,301.0,100600.0
20201205:0600,28.24,74.5,437.05,162.85,293.8,443.35,3.66,312.0,100500.0
20201205:0700,27.87,79.4,240.1,72.2,185.85,437.75,1.31,323.0,100450.0
20201205:0800,27.33,84.65,189.6,79.03,144.15,436.4,1.38,315.0,100420.0
20201205:0900,26.96,87.4,14.7,0.0,14.7,431.4,1.24,266.0,100440.0
20201205:1000,25.81,90.2,4.6,0.0,4.6,435.25,2.14,265.0,100530.0
20201205:1100,25.52,93.15,0.0,-0.0,0.0,436.4,2.69,264.0,100590.0
20201205:1200,25.42,93.15,0.0,-0.0,0.0,432.55,1.86,253.0,100680.0
20201205:1300,25.42,93.15,0.0,-0.0,0.0,431.55,1.52,273.0,100710.0
20201205:1400,25.26,93.15,0.0,-0.0,0.0,428.65,2.62,289.0,100750.0
20201205:1500,25.13,93.15,0.0,-0.0,0.0,426.35,2.69,286.0,100720.0
20201205:1600,25.08,93.15,0.0,-0.0,0.0,427.7,2.97,286.0,100720.0
20201205:1700,25.0,96.2,0.0,-0.0,0.0,426.35,2.97,283.0,100660.0
20201205:1800,24.98,93.15,0.0,-0.0,0.0,427.5,2.69,277.0,100600.0
20201205:1900,24.88,93.15,0.0,-0.0,0.0,425.75,2.0,229.0,100520.0
20201205:2000,24.76,93.15,0.0,-0.0,0.0,423.25,1.86,231.0,100480.0
20201205:2100,24.67,93.15,0.0,-0.0,0.0,421.7,1.86,240.0,100500.0
20201205:2200,24.64,93.15,0.0,-0.0,0.0,423.45,2.07,255.0,100560.0
20201205:2300,24.8,93.15,85.05,31.24,78.6,423.25,2.07,274.0,100620.0
20201206:0000,25.54,90.2,83.7,0.0,83.7,421.9,3.03,287.0,100700.0
20201206:0100,25.78,90.2,178.25,3.62,175.95,434.6,3.1,285.0,100760.0
20201206:0200,26.04,93.2,179.45,0.0,179.45,430.8,2.76,282.0,100770.0
20201206:0300,26.54,90.25,307.9,45.96,266.15,431.0,3.03,284.0,100730.0
20201206:0400,27.31,84.65,335.9,53.29,284.7,431.75,3.38,286.0,100690.0
20201206:0500,27.95,82.05,349.25,99.73,254.4,433.1,3.59,293.0,100610.0
20201206:0600,28.34,79.5,602.7,447.45,209.0,437.35,4.21,308.0,100540.0
20201206:0700,27.47,84.65,280.95,108.11,199.65,428.85,5.72,318.0,100480.0
20201206:0800,26.64,90.25,72.45,9.72,66.85,424.6,4.62,302.0,100510.0
20201206:0900,26.0,93.2,36.2,0.0,36.2,428.3,4.62,289.0,100550.0
20201206:1000,25.5,93.15,2.2,0.0,2.2,425.95,4.21,279.0,100610.0
20201206:1100,25.09,93.15,0.0,-0.0,0.0,427.5,3.66,271.0,100670.0
20201206:1200,24.98,93.15,0.0,-0.0,0.0,425.0,3.24,274.0,100750.0
20201206:1300,24.95,93.15,0.0,-0.0,0.0,423.65,3.31,270.0,100830.0
20201206:1400,24.91,93.15,0.0,-0.0,0.0,423.65,3.24,269.0,100870.0
20201206:1500,24.77,90.15,0.0,-0.0,0.0,417.65,2.97,272.0,100840.0
20201206:1600,24.69,90.15,0.0,-0.0,0.0,420.15,3.45,280.0,100800.0
20201206:1700,24.61,90.15,0.0,-0.0,0.0,422.3,3.79,283.0,100750.0
20201206:1800,24.64,90.15,0.0,-0.0,0.0,424.8,4.21,283.0,100690.0
20201206:1900,24.7,90.15,0.0,-0.0,0.0,417.05,3.31,266.0,100580.0
20201206:2000,24.61,90.15,0.0,-0.0,0.0,423.65,3.52,272.0,100590.0
20201206:2100,24.58,90.15,0.0,-0.0,0.0,423.25,3.1,278.0,100610.0
20201206:2200,24.56,93.1,0.0,-0.0,0.0,423.05,3.1,285.0,100700.0
20201206:2300,25.06,93.15,101.9,105.14,80.35,432.55,3.17,289.0,100780.0
20201207:0000,25.48,90.2,135.65,26.65,124.15,434.85,3.45,297.0,100870.0
20201207:0100,25.83,90.2,249.25,86.95,194.15,439.6,3.45,303.0,100900.0
20201207:0200,26.4,87.35,329.6,63.07,279.4,436.0,4.07,307.0,100890.0
20201207:0300,26.79,84.6,359.5,79.03,287.8,432.55,4.55,312.0,100850.0
20201207:0400,27.06,87.4,260.4,13.44,247.5,426.9,4.62,306.0,100800.0
20201207:0500,26.08,90.25,238.45,33.65,206.45,433.5,4.97,299.0,100710.0
20201207:0600,25.92,93.2,244.75,69.53,183.55,427.3,4.0,286.0,100650.0
20201207:0700,25.77,90.2,289.0,118.89,199.5,427.3,5.17,285.0,100550.0
20201207:0800,26.07,93.2,120.5,25.89,105.55,426.75,5.31,277.0,100530.0
20201207:0900,25.68,90.2,52.3,7.78,49.45,428.3,4.62,272.0,100550.0
20201207:1000,25.38,93.15,5.15,0.75,5.05,426.15,4.48,273.0,100600.0
20201207:1100,24.98,93.15,0.0,-0.0,0.0,426.15,4.62,274.0,100670.0
20201207:1200,24.9,93.15,0.0,-0.0,0.0,426.35,3.86,274.0,100760.0
20201207:1300,24.68,93.15,0.0,-0.0,0.0,427.7,4.48,274.0,100800.0
20201207:1400,24.74,90.15,0.0,-0.0,0.0,419.75,3.86,273.0,100840.0
20201207:1500,24.61,90.15,0.0,-0.0,0.0,417.25,3.31,266.0,100820.0
20201207:1600,24.45,93.1,0.0,-0.0,0.0,414.35,2.97,264.0,100780.0
20201207:1700,24.29,93.1,0.0,-0.0,0.0,413.2,2.76,268.0,100700.0
20201207:1800,24.14,93.1,0.0,-0.0,0.0,414.55,2.69,268.0,100640.0
20201207:1900,24.15,93.1,0.0,-0.0,0.0,418.0,2.55,287.0,100620.0
20201207:2000,24.14,93.1,0.0,-0.0,0.0,416.1,2.41,277.0,100590.0
20201207:2100,24.3,93.1,0.0,-0.0,0.0,424.8,2.41,269.0,100610.0
20201207:2200,24.4,93.1,0.0,-0.0,0.0,430.6,2.34,265.0,100660.0
20201207:2300,24.66,90.15,63.75,0.0,63.75,426.15,2.34,268.0,100720.0
20201208:0000,25.17,90.2,165.2,1.28,164.65,426.9,2.55,276.0,100740.0
20201208:0100,26.1,87.35,319.65,134.7,234.5,427.4,3.31,283.0,100750.0
20201208:0200,27.19,81.95,435.95,179.03,293.7,427.1,4.48,292.0,100790.0
20201208:0300,28.15,76.95,453.2,129.49,335.85,435.65,4.55,303.0,100750.0
20201208:0400,27.29,79.35,533.2,271.19,273.0,442.6,4.76,312.0,100720.0
20201208:0500,27.97,82.05,528.25,278.43,263.55,437.55,5.17,320.0,100620.0
20201208:0600,27.61,79.4,413.4,112.73,314.15,430.6,6.07,315.0,100530.0
20201208:0700,29.03,77.0,365.35,126.53,270.0,443.2,5.66,313.0,100350.0
20201208:0800,27.93,79.4,119.15,25.58,104.35,439.5,5.72,311.0,100310.0
20201208:0900,27.6,79.4,82.45,0.0,82.45,431.75,3.72,299.0,100340.0
20201208:1000,27.63,79.4,9.35,1.85,9.1,429.45,3.03,292.0,100410.0
20201208:1100,27.1,81.95,0.0,-0.0,0.0,430.8,2.76,288.0,100480.0
20201208:1200,26.19,84.55,0.0,-0.0,0.0,423.25,2.62,279.0,100580.0
20201208:1300,25.78,87.3,0.0,-0.0,0.0,422.3,2.69,289.0,100650.0
20201208:1400,25.59,87.3,0.0,-0.0,0.0,426.35,2.97,299.0,100690.0
20201208:1500,25.4,90.2,0.0,-0.0,0.0,434.3,3.66,296.0,100650.0
20201208:1600,25.25,90.2,0.0,-0.0,0.0,431.35,3.72,293.0,100600.0
20201208:1700,24.97,93.15,0.0,-0.0,0.0,426.15,3.79,294.0,100530.0
20201208:1800,25.11,90.2,0.0,-0.0,0.0,428.1,3.38,292.0,100470.0
20201208:1900,25.05,90.15,0.0,-0.0,0.0,419.75,3.31,291.0,100450.0
20201208:2000,24.8,93.15,0.0,-0.0,0.0,429.65,3.17,296.0,100430.0
20201208:2100,25.03,93.15,0.0,-0.0,0.0,433.3,3.24,294.0,100470.0
20201208:2200,25.21,90.2,0.0,-0.0,0.0,429.25,3.59,303.0,100550.0
20201208:2300,25.46,90.2,105.7,116.2,82.25,432.9,4.21,302.0,100630.0
20201209:0000,25.82,90.2,248.2,134.37,190.65,431.75,4.48,302.0,100660.0
20201209:0100,26.45,90.25,373.45,210.44,240.75,432.45,4.76,308.0,100670.0
20201209:0200,27.28,84.65,404.35,127.83,302.95,427.7,4.97,309.0,100660.0
20201209:0300,28.03,84.7,650.85,315.23,365.5,437.55,5.31,311.0,100590.0
20201209:0400,28.62,74.55,586.85,249.93,347.2,435.85,6.97,313.0,100520.0
20201209:0500,27.45,79.35,464.1,199.99,274.0,446.45,7.52,317.0,100490.0
20201209:0600,27.15,79.35,448.15,115.41,346.5,432.75,6.28,311.0,100440.0
20201209:0700,27.45,84.65,174.35,10.61,166.35,433.1,5.86,318.0,100330.0
20201209:0800,27.16,84.65,143.4,17.33,133.35,437.35,5.45,310.0,100260.0
20201209:0900,27.22,84.65,54.7,4.2,53.15,433.3,4.69,305.0,100300.0
20201209:1000,26.84,84.6,5.55,0.37,5.5,434.65,4.55,299.0,100340.0
20201209:1100,26.51,87.35,0.0,-0.0,0.0,429.25,4.21,289.0,100400.0
20201209:1200,25.99,87.3,0.0,-0.0,0.0,427.5,3.93,288.0,100490.0
20201209:1300,25.77,87.3,0.0,-0.0,0.0,422.3,3.59,294.0,100560.0
20201209:1400,25.46,90.2,0.0,-0.0,0.0,424.8,4.0,290.0,100590.0
20201209:1500,25.49,90.2,0.0,-0.0,0.0,426.15,4.14,289.0,100560.0
20201209:1600,25.3,90.2,0.0,-0.0,0.0,424.6,4.07,291.0,100540.0
20201209:1700,25.07,93.15,0.0,-0.0,0.0,426.75,3.93,298.0,100490.0
20201209:1800,24.9,93.15,0.0,-0.0,0.0,424.8,3.59,296.0,100450.0
20201209:1900,24.9,93.15,0.0,-0.0,0.0,433.5,3.38,287.0,100410.0
20201209:2000,24.84,93.15,0.0,-0.0,0.0,427.1,3.24,288.0,100370.0
20201209:2100,24.97,93.15,0.0,-0.0,0.0,428.1,2.62,289.0,100430.0
20201209:2200,25.02,93.15,0.0,-0.0,0.0,427.3,2.83,292.0,100480.0
20201209:2300,25.25,90.2,81.15,35.22,74.1,428.1,3.17,296.0,100600.0
20201210:0000,25.68,90.2,202.95,60.71,177.05,431.75,3.17,299.0,100650.0
20201210:0100,26.3,87.35,363.05,154.52,265.85,426.25,3.66,302.0,100690.0
20201210:0200,27.39,81.95,395.8,138.02,286.5,423.85,4.07,306.0,100700.0
20201210:0300,27.65,79.4,349.95,67.52,288.9,433.9,4.62,312.0,100670.0
20201210:0400,26.9,81.9,399.1,94.54,308.5,439.7,5.17,316.0,100640.0
20201210:0500,26.79,84.6,363.8,50.93,315.4,429.45,5.52,309.0,100610.0
20201210:0600,27.01,81.9,245.3,59.24,193.1,431.0,5.17,299.0,100560.0
20201210:0700,27.52,84.65,222.4,61.24,176.15,441.25,5.1,312.0,100450.0
20201210:0800,27.02,84.6,136.8,42.07,112.35,431.75,4.76,298.0,100450.0
20201210:0900,27.01,84.6,55.5,5.93,53.3,427.9,4.0,291.0,100430.0
20201210:1000,26.84,84.6,7.85,0.72,7.75,430.6,3.79,282.0,100460.0
20201210:1100,26.37,87.35,0.0,-0.0,0.0,425.55,3.45,278.0,100520.0
20201210:1200,26.17,87.35,0.0,-0.0,0.0,424.8,2.69,274.0,100660.0
20201210:1300,25.99,90.2,0.0,-0.0,0.0,423.85,2.69,277.0,100740.0
20201210:1400,25.85,90.2,0.0,-0.0,0.0,423.85,2.69,274.0,100770.0
20201210:1500,25.8,87.3,0.0,-0.0,0.0,430.0,2.76,271.0,100730.0
20201210:1600,25.37,90.2,0.0,-0.0,0.0,421.7,2.62,281.0,100710.0
20201210:1700,25.29,90.2,0.0,-0.0,0.0,419.75,2.62,287.0,100660.0
20201210:1800,25.21,90.2,0.0,-0.0,0.0,420.55,2.48,278.0,100600.0
20201210:1900,24.9,93.15,0.0,-0.0,0.0,422.3,2.76,286.0,100570.0
20201210:2000,24.76,93.15,0.0,-0.0,0.0,419.55,2.62,280.0,100540.0
20201210:2100,24.73,93.15,0.0,-0.0,0.0,420.75,2.83,280.0,100590.0
20201210:2200,24.62,93.15,0.0,-0.0,0.0,421.1,3.17,284.0,100640.0
20201210:2300,24.88,93.15,102.65,66.23,89.5,421.5,3.31,276.0,100710.0
20201211:0000,25.62,90.2,192.9,44.36,174.05,422.3,3.24,273.0,100770.0
20201211:0100,26.28,90.25,231.4,45.9,202.6,421.25,3.45,275.0,100780.0
20201211:0200,26.88,87.4,228.5,7.97,222.2,425.55,3.52,276.0,100780.0
20201211:0300,27.4,84.65,312.85,21.09,293.8,433.3,3.45,282.0,100740.0
20201211:0400,28.02,79.4,378.2,43.54,336.5,436.8,3.66,289.0,100690.0
20201211:0500,28.3,79.5,342.95,46.09,299.15,440.1,4.0,302.0,100590.0
20201211:0600,28.24,76.95,211.6,4.88,207.3,434.85,3.79,308.0,100530.0
20201211:0700,26.51,87.35,136.7,56.28,94.15,431.0,3.31,303.0,100580.0
20201211:0800,26.12,87.35,125.25,24.04,111.25,433.1,2.83,284.0,100470.0
20201211:0900,26.02,90.2,50.5,6.04,48.25,427.7,2.55,276.0,100520.0
20201211:1000,25.65,90.2,6.15,0.0,6.15,425.95,2.14,265.0,100530.0
20201211:1100,25.5,93.15,0.0,-0.0,0.0,429.25,1.38,264.0,100600.0
20201211:1200,25.26,93.15,0.0,-0.0,0.0,422.3,1.24,273.0,100680.0
20201211:1300,25.29,93.15,0.0,-0.0,0.0,424.6,1.59,274.0,100760.0
20201211:1400,25.1,93.15,0.0,-0.0,0.0,420.75,1.52,267.0,100790.0
20201211:1500,25.07,96.2,0.0,-0.0,0.0,422.65,1.59,245.0,100770.0
20201211:1600,24.9,93.15,0.0,-0.0,0.0,421.5,1.72,247.0,100690.0
20201211:1700,24.72,93.15,0.0,-0.0,0.0,417.65,1.72,254.0,100650.0
20201211:1800,24.6,93.15,0.0,-0.0,0.0,417.05,1.93,263.0,100610.0
20201211:1900,24.64,93.15,0.0,-0.0,0.0,422.1,2.34,256.0,100520.0
20201211:2000,24.48,96.2,0.0,-0.0,0.0,421.5,1.93,259.0,100480.0
20201211:2100,24.4,96.2,0.0,-0.0,0.0,417.65,1.79,273.0,100540.0
20201211:2200,24.29,93.1,0.0,-0.0,0.0,420.55,1.66,263.0,100600.0
20201211:2300,24.43,96.2,109.5,125.21,84.85,419.95,1.24,285.0,100710.0
20201212:0000,25.46,93.15,221.15,196.32,138.05,419.55,1.24,317.0,100770.0
20201212:0100,26.45,87.35,297.8,146.66,206.0,417.75,1.66,299.0,100820.0
20201212:0200,27.05,81.9,334.95,84.44,268.3,423.25,1.79,298.0,100830.0
20201212:0300,27.01,81.9,440.5,145.85,308.9,431.75,1.79,324.0,100810.0
20201212:0400,27.92,79.4,570.45,232.5,347.9,429.85,2.62,315.0,100740.0
20201212:0500,28.44,79.5,419.65,108.39,316.65,435.05,3.52,318.0,100630.0
20201212:0600,28.0,79.4,250.35,49.61,206.6,443.2,4.07,319.0,100580.0
20201212:0700,27.12,81.95,188.25,63.02,140.55,427.3,3.59,307.0,100520.0
20201212:0800,26.63,84.6,105.5,17.82,95.1,433.5,3.31,297.0,100420.0
20201212:0900,26.11,90.25,69.4,7.75,66.5,427.7,2.48,282.0,100450.0
20201212:1000,25.78,90.2,6.8,0.0,6.8,427.1,2.14,295.0,100520.0
20201212:1100,25.3,93.15,0.0,-0.0,0.0,425.55,2.28,303.0,100610.0
20201212:1200,25.14,93.15,0.0,-0.0,0.0,427.5,2.21,298.0,100690.0
20201212:1300,25.21,93.15,0.0,-0.0,0.0,423.65,1.93,292.0,100740.0
20201212:1400,25.17,93.15,0.0,-0.0,0.0,424.4,1.72,282.0,100760.0
20201212:1500,25.11,93.15,0.0,-0.0,0.0,425.75,1.79,273.0,100730.0
20201212:1600,25.1,93.15,0.0,-0.0,0.0,428.85,1.93,268.0,100680.0
20201212:1700,25.0,96.2,0.0,-0.0,0.0,425.75,2.07,264.0,100620.0
20201212:1800,24.86,93.15,0.0,-0.0,0.0,424.6,2.14,260.0,100560.0
20201212:1900,24.67,93.15,0.0,-0.0,0.0,418.8,2.62,281.0,100580.0
20201212:2000,24.53,96.2,0.0,-0.0,0.0,419.55,2.69,276.0,100560.0
20201212:2100,24.37,93.1,0.0,-0.0,0.0,419.4,2.41,268.0,100550.0
20201212:2200,24.19,93.1,0.0,-0.0,0.0,412.6,2.21,274.0,100630.0
20201212:2300,24.55,93.1,88.15,27.41,82.8,414.55,2.28,278.0,100710.0
20201213:0000,25.26,90.2,194.1,160.22,126.55,414.15,2.0,280.0,100770.0
20201213:0100,26.32,84.55,198.4,18.66,186.75,418.5,2.41,291.0,100830.0
20201213:0200,26.65,79.3,258.2,35.59,230.15,425.4,2.34,300.0,100840.0
20201213:0300,26.97,79.3,376.4,56.3,325.65,426.9,2.83,294.0,100790.0
20201213:0400,27.76,74.4,456.6,169.75,294.2,429.85,3.17,286.0,100730.0
20201213:0500,28.47,72.1,497.2,269.61,241.0,431.0,3.52,294.0,100650.0
20201213:0600,28.74,69.85,578.45,447.12,183.9,439.1,4.0,301.0,100560.0
20201213:0700,29.1,69.85,512.8,428.9,187.75,430.6,3.1,300.0,100430.0
20201213:0800,29.0,69.85,188.55,143.49,104.6,422.3,2.69,302.0,100420.0
20201213:0900,26.93,79.3,61.1,8.91,57.75,429.05,3.59,306.0,100540.0
20201213:1000,25.79,90.2,6.6,5.54,5.8,434.85,2.76,294.0,100600.0
20201213:1100,25.29,90.2,0.0,-0.0,0.0,428.65,2.62,264.0,100670.0
20201213:1200,24.98,93.15,0.0,-0.0,0.0,429.45,2.28,263.0,100750.0
20201213:1300,24.81,93.15,0.0,-0.0,0.0,426.35,2.0,272.0,100800.0
20201213:1400,24.71,93.15,0.0,-0.0,0.0,420.35,1.79,274.0,100830.0
20201213:1500,24.64,93.15,0.0,-0.0,0.0,424.0,1.59,265.0,100780.0
20201213:1600,24.58,93.15,0.0,-0.0,0.0,424.2,1.45,261.0,100700.0
20201213:1700,24.5,96.2,0.0,-0.0,0.0,419.0,1.66,280.0,100640.0
20201213:1800,24.6,93.15,0.0,-0.0,0.0,418.6,1.79,269.0,100580.0
20201213:1900,24.16,96.2,0.0,-0.0,0.0,422.85,1.45,246.0,100570.0
20201213:2000,24.19,93.1,0.0,-0.0,0.0,423.65,1.86,262.0,100550.0
20201213:2100,24.17,93.1,0.0,-0.0,0.0,422.45,1.93,266.0,100580.0
20201213:2200,24.09,93.1,0.0,-0.0,0.0,417.65,1.79,252.0,100650.0
20201213:2300,24.18,93.1,134.05,150.41,104.95,419.0,2.14,251.0,100700.0
20201214:0000,25.03,93.15,207.1,108.36,161.6,419.35,1.86,259.0,100740.0
20201214:0100,25.64,87.3,298.2,109.82,229.8,422.95,1.38,269.0,100770.0
20201214:0200,26.14,84.55,411.75,176.73,272.7,423.45,1.17,282.0,100800.0
20201214:0300,27.22,79.35,511.95,177.12,352.45,425.4,1.59,283.0,100780.0
20201214:0400,27.61,76.85,571.6,268.02,315.3,433.5,2.21,297.0,100720.0
20201214:0500,28.29,74.5,397.95,114.02,289.6,430.0,2.69,286.0,100680.0
20201214:0600,27.93,76.85,456.9,140.21,333.1,436.4,2.97,291.0,100590.0
20201214:0700,28.53,72.1,212.8,39.6,182.75,440.85,1.86,305.0,100540.0
20201214:0800,28.0,74.4,116.45,28.73,99.6,434.45,0.76,312.0,100520.0
20201214:0900,27.63,74.4,73.85,10.2,70.0,427.9,0.97,249.0,100540.0
20201214:1000,27.26,76.8,10.75,0.34,10.7,422.1,1.03,219.0,100600.0
20201214:1100,26.52,84.55,0.0,-0.0,0.0,421.3,1.45,203.0,100630.0
20201214:1200,26.06,90.2,0.0,-0.0,0.0,424.2,1.31,203.0,100680.0
20201214:1300,25.51,93.15,0.0,-0.0,0.0,420.35,0.76,202.0,100760.0
20201214:1400,25.72,90.2,0.0,-0.0,0.0,419.0,0.55,104.0,100860.0
20201214:1500,25.91,90.2,0.0,-0.0,0.0,423.45,0.28,108.0,100860.0
20201214:1600,25.61,90.2,0.0,-0.0,0.0,419.4,0.48,241.0,100850.0
20201214:1700,24.76,93.15,0.0,-0.0,0.0,420.9,1.24,264.0,100780.0
20201214:1800,24.51,96.2,0.0,-0.0,0.0,413.55,1.38,270.0,100720.0
20201214:1900,24.44,96.2,0.0,-0.0,0.0,418.6,1.24,242.0,100680.0
20201214:2000,24.26,96.2,0.0,-0.0,0.0,415.3,1.17,227.0,100630.0
20201214:2100,24.56,96.2,0.0,-0.0,0.0,419.95,0.69,191.0,100690.0
20201214:2200,25.01,90.15,0.0,-0.0,0.0,420.9,0.48,138.0,100740.0
20201214:2300,25.23,90.2,86.85,56.59,76.0,424.4,0.41,157.0,100800.0
20201215:0000,25.79,87.3,215.8,198.12,132.95,422.85,0.21,125.0,100870.0
20201215:0100,26.59,79.3,245.4,74.04,199.4,430.3,0.48,136.0,100880.0
20201215:0200,26.88,79.3,279.05,60.4,231.6,432.15,0.55,156.0,100890.0
20201215:0300,27.15,76.8,405.9,146.5,274.1,433.9,0.07,248.0,100850.0
20201215:0400,27.56,79.35,537.7,178.01,367.55,432.55,0.62,310.0,100790.0
20201215:0500,28.11,76.95,625.95,289.85,350.5,438.15,0.34,260.0,100700.0
20201215:0600,28.74,72.15,322.5,67.8,262.6,432.55,0.41,259.0,100590.0
20201215:0700,28.3,76.95,218.75,26.12,198.9,444.9,1.38,357.0,100580.0
20201215:0800,27.39,79.35,95.8,5.87,92.35,437.2,0.83,305.0,100540.0
20201215:0900,26.76,84.6,34.9,3.96,33.4,434.85,0.69,289.0,100560.0
20201215:1000,26.42,87.35,6.15,0.0,6.15,429.85,0.34,214.0,100590.0
20201215:1100,25.95,90.2,0.0,-0.0,0.0,432.15,1.03,168.0,100660.0
20201215:1200,25.42,93.15,0.0,-0.0,0.0,427.5,1.38,150.0,100750.0
20201215:1300,24.98,93.15,0.0,-0.0,0.0,425.75,1.17,152.0,100830.0
20201215:1400,24.66,93.15,0.0,-0.0,0.0,425.95,0.76,148.0,100890.0
20201215:1500,24.81,93.15,0.0,-0.0,0.0,425.75,0.34,208.0,100890.0
20201215:1600,24.58,93.15,0.0,-0.0,0.0,422.65,0.48,240.0,100850.0
20201215:1700,24.64,93.15,0.0,-0.0,0.0,422.45,0.34,254.0,100770.0
20201215:1800,24.38,96.2,0.0,-0.0,0.0,421.9,0.62,262.0,100710.0
20201215:1900,24.75,93.15,0.0,-0.0,0.0,422.65,0.97,211.0,100690.0
20201215:2000,24.75,93.15,0.0,-0.0,0.0,422.45,1.17,216.0,100650.0
20201215:2100,24.58,93.15,0.0,-0.0,0.0,420.35,0.76,218.0,100650.0
20201215:2200,24.28,96.2,0.0,-0.0,0.0,414.75,1.1,236.0,100660.0
20201215:2300,24.83,93.15,208.2,564.29,101.0,412.8,0.9,251.0,100730.0
20201216:0000,26.17,87.35,373.4,508.31,161.7,410.1,0.83,268.0,100770.0
20201216:0100,27.18,81.95,586.1,737.65,128.9,413.85,1.17,289.0,100820.0
20201216:0200,28.23,76.95,676.15,623.35,187.25,423.65,1.45,295.0,100830.0
20201216:0300,29.15,74.55,703.5,545.79,212.95,431.0,1.24,297.0,100780.0
20201216:0400,29.7,69.95,616.15,365.28,267.15,436.8,1.38,320.0,100690.0
20201216:0500,29.55,74.55,723.5,606.53,147.05,439.7,1.79,299.0,100620.0
20201216:0600,28.77,74.55,529.75,343.26,226.3,431.35,2.28,259.0,100520.0
20201216:0700,29.61,74.55,374.75,251.57,183.35,438.55,2.41,282.0,100440.0
20201216:0800,28.48,74.5,165.7,102.09,105.55,435.65,2.55,271.0,100400.0
20201216:0900,26.85,84.6,86.4,71.68,59.1,433.5,1.1,284.0,100400.0
20201216:1000,26.43,84.55,15.75,29.68,11.3,424.0,0.76,323.0,100470.0
20201216:1100,26.09,84.55,0.0,-0.0,0.0,419.75,0.76,308.0,100550.0
20201216:1200,25.62,90.2,0.0,-0.0,0.0,425.95,0.62,307.0,100640.0
20201216:1300,25.64,90.2,0.0,-0.0,0.0,427.7,0.55,303.0,100690.0
20201216:1400,25.7,90.2,0.0,-0.0,0.0,426.15,0.28,257.0,100730.0
20201216:1500,25.48,90.2,0.0,-0.0,0.0,429.25,0.69,193.0,100700.0
20201216:1600,25.48,90.2,0.0,-0.0,0.0,421.7,0.55,213.0,100650.0
20201216:1700,24.97,93.15,0.0,-0.0,0.0,416.3,1.1,256.0,100600.0
20201216:1800,25.01,93.15,0.0,-0.0,0.0,418.0,1.66,244.0,100510.0
20201216:1900,25.16,90.2,0.0,-0.0,0.0,414.75,1.59,254.0,100490.0
20201216:2000,24.83,93.15,0.0,-0.0,0.0,416.45,1.72,263.0,100470.0
20201216:2100,24.97,93.15,0.0,-0.0,0.0,421.5,1.45,259.0,100510.0
20201216:2200,24.88,93.15,0.0,-0.0,0.0,420.15,1.52,249.0,100520.0
20201216:2300,24.9,93.15,140.4,207.76,101.3,414.95,1.45,251.0,100590.0
20201217:0000,25.82,90.2,319.45,285.46,201.05,416.1,1.38,261.0,100650.0
20201217:0100,26.78,81.9,444.1,284.66,268.1,418.7,1.45,272.0,100700.0
20201217:0200,27.55,81.95,593.8,355.96,315.05,423.65,1.52,276.0,100710.0
20201217:0300,28.57,76.95,627.45,318.66,341.3,427.1,1.52,294.0,100670.0
20201217:0400,29.24,77.0,721.55,340.86,396.0,432.75,1.66,320.0,100590.0
20201217:0500,29.81,72.25,498.6,202.68,305.95,439.7,1.24,338.0,100510.0
20201217:0600,28.72,74.55,414.3,147.58,283.75,445.7,1.45,328.0,100450.0
20201217:0700,27.79,79.4,315.35,65.43,265.5,437.95,1.31,2.0,100340.0
20201217:0800,27.52,84.65,83.4,7.87,78.75,428.65,1.72,315.0,100400.0
20201217:0900,26.16,90.25,57.8,11.76,53.3,436.6,2.76,281.0,100440.0
20201217:1000,25.81,93.2,6.45,0.0,6.45,428.45,2.62,284.0,100470.0
20201217:1100,25.42,93.15,0.0,-0.0,0.0,428.45,2.41,287.0,100540.0
20201217:1200,25.31,93.15,0.0,-0.0,0.0,427.9,2.21,268.0,100600.0
20201217:1300,25.16,93.15,0.0,-0.0,0.0,426.9,1.86,242.0,100660.0
20201217:1400,25.0,96.2,0.0,-0.0,0.0,425.4,1.59,235.0,100670.0
20201217:1500,24.84,96.2,0.0,-0.0,0.0,419.2,1.59,240.0,100660.0
20201217:1600,24.67,93.15,0.0,-0.0,0.0,418.2,1.66,255.0,100620.0
20201217:1700,24.46,96.2,0.0,-0.0,0.0,415.1,1.86,273.0,100560.0
20201217:1800,24.35,96.2,0.0,-0.0,0.0,413.2,2.07,272.0,100490.0
20201217:1900,24.46,96.2,0.0,-0.0,0.0,423.85,2.48,279.0,100460.0
20201217:2000,24.38,96.2,0.0,-0.0,0.0,423.45,2.34,280.0,100410.0
20201217:2100,24.32,96.2,0.0,-0.0,0.0,425.4,2.41,278.0,100440.0
20201217:2200,24.26,93.1,0.0,-0.0,0.0,421.3,2.34,275.0,100470.0
20201217:2300,24.58,93.15,102.85,163.89,72.3,423.25,1.93,272.0,100540.0
20201218:0000,25.09,90.2,223.1,284.95,105.4,426.35,1.59,258.0,100600.0
20201218:0100,25.86,90.2,291.25,184.83,177.25,428.2,1.38,251.0,100640.0
20201218:0200,26.5,87.35,351.95,167.73,220.8,431.75,0.97,262.0,100650.0
20201218:0300,27.43,81.95,500.8,275.53,253.6,430.4,1.17,291.0,100630.0
20201218:0400,28.44,76.95,683.6,433.57,269.65,431.75,1.31,311.0,100580.0
20201218:0500,29.55,74.55,493.8,299.05,209.5,431.0,2.21,336.0,100470.0
20201218:0600,28.97,72.15,347.5,134.03,228.85,439.7,2.76,327.0,100410.0
20201218:0700,29.2,69.85,292.65,139.46,186.25,437.95,3.38,311.0,100340.0
20201218:0800,27.99,76.85,118.75,31.5,100.1,441.05,2.62,308.0,100340.0
20201218:0900,26.87,84.6,93.8,42.29,77.55,435.25,2.0,282.0,100380.0
20201218:1000,26.08,93.2,8.65,0.0,8.65,426.15,2.0,284.0,100430.0
20201218:1100,25.82,93.2,0.0,-0.0,0.0,429.25,1.38,310.0,100470.0
20201218:1200,25.66,93.2,0.0,-0.0,0.0,425.55,1.66,301.0,100520.0
20201218:1300,25.53,96.25,0.0,-0.0,0.0,422.85,1.59,297.0,100580.0
20201218:1400,25.43,93.15,0.0,-0.0,0.0,424.0,1.45,285.0,100590.0
20201218:1500,25.3,93.15,0.0,-0.0,0.0,422.3,1.59,265.0,100600.0
20201218:1600,25.12,93.15,0.0,-0.0,0.0,420.75,1.93,258.0,100560.0
20201218:1700,24.85,96.2,0.0,-0.0,0.0,416.85,2.07,255.0,100500.0
20201218:1800,24.55,96.2,0.0,-0.0,0.0,412.0,2.07,260.0,100420.0
20201218:1900,24.48,93.1,0.0,-0.0,0.0,420.55,2.76,278.0,100450.0
20201218:2000,24.19,90.1,0.0,-0.0,0.0,413.0,2.48,271.0,100400.0
20201218:2100,24.04,93.1,0.0,-0.0,0.0,412.8,2.41,261.0,100430.0
20201218:2200,23.96,93.1,0.0,-0.0,0.0,415.5,2.07,259.0,100490.0
20201218:2300,24.25,93.1,184.35,478.87,95.95,408.95,1.86,251.0,100580.0
20201219:0000,25.24,90.2,344.3,436.15,164.9,409.7,1.38,255.0,100620.0
20201219:0100,26.51,84.55,583.35,719.83,140.45,415.4,1.24,270.0,100650.0
20201219:0200,27.95,76.85,696.7,678.84,166.7,414.9,1.38,271.0,100630.0
20201219:0300,29.01,69.85,683.35,536.19,202.7,424.6,1.52,265.0,100590.0
20201219:0400,29.68,67.7,815.35,650.43,194.55,430.4,1.66,276.0,100540.0
20201219:0500,30.43,67.8,652.4,446.96,227.4,432.9,1.52,300.0,100460.0
20201219:0600,30.28,67.8,518.65,227.56,317.05,445.9,1.86,308.0,100390.0
20201219:0700,28.79,74.55,276.85,88.61,209.15,437.55,1.45,301.0,100360.0
20201219:0800,28.11,76.95,108.25,9.52,102.6,429.05,1.45,266.0,100350.0
20201219:0900,26.2,87.35,45.7,0.0,45.7,434.85,1.24,253.0,100380.0
20201219:1000,26.0,90.2,5.45,0.0,5.45,434.85,1.31,312.0,100480.0
20201219:1100,25.67,93.2,0.0,-0.0,0.0,433.3,1.79,295.0,100530.0
20201219:1200,25.44,93.15,0.0,-0.0,0.0,427.9,2.14,296.0,100570.0
20201219:1300,25.34,93.15,0.0,-0.0,0.0,425.0,2.07,301.0,100620.0
20201219:1400,25.28,93.15,0.0,-0.0,0.0,416.45,2.28,293.0,100650.0
20201219:1500,25.25,90.2,0.0,-0.0,0.0,419.55,2.21,284.0,100660.0
20201219:1600,25.03,93.15,0.0,-0.0,0.0,418.8,2.21,265.0,100640.0
20201219:1700,24.77,93.15,0.0,-0.0,0.0,418.0,2.14,256.0,100590.0
20201219:1800,24.61,93.15,0.0,-0.0,0.0,418.4,2.07,259.0,100540.0
20201219:1900,24.87,93.15,0.0,-0.0,0.0,416.45,2.14,274.0,100520.0
20201219:2000,24.72,90.15,0.0,-0.0,0.0,423.05,2.34,280.0,100530.0
20201219:2100,24.5,93.1,0.0,-0.0,0.0,411.05,2.55,277.0,100540.0
20201219:2200,24.24,93.1,0.0,-0.0,0.0,408.35,2.55,268.0,100600.0
20201219:2300,24.33,96.2,188.9,563.79,85.85,409.9,2.28,262.0,100650.0
20201220:0000,25.32,90.2,440.45,814.43,106.85,406.4,2.14,261.0,100680.0
20201220:0100,26.78,81.9,611.7,737.38,159.1,407.5,1.93,268.0,100700.0
20201220:0200,28.18,74.5,653.85,569.4,209.95,418.2,2.0,276.0,100720.0
20201220:0300,29.23,72.15,862.65,745.24,195.15,422.3,2.21,284.0,100670.0
20201220:0400,30.22,70.0,890.95,771.91,154.4,428.3,2.34,295.0,100600.0
20201220:0500,30.91,67.85,826.35,734.26,128.0,427.1,3.03,308.0,100480.0
20201220:0600,30.63,67.85,563.3,354.27,249.2,429.05,3.1,284.0,100440.0
20201220:0700,30.82,63.6,353.6,223.94,182.25,431.0,2.9,281.0,100370.0
20201220:0800,29.33,69.85,254.3,206.73,131.3,436.4,2.07,269.0,100330.0
20201220:0900,27.73,74.4,110.55,94.4,73.95,431.0,1.17,232.0,100380.0
20201220:1000,27.5,76.8,11.95,2.22,11.6,426.15,0.07,94.0,100460.0
20201220:1100,27.2,79.35,0.0,-0.0,0.0,425.0,0.83,80.0,100520.0
20201220:1200,26.86,84.6,0.0,-0.0,0.0,421.5,0.62,94.0,100610.0
20201220:1300,26.14,87.35,0.0,-0.0,0.0,421.1,0.9,152.0,100670.0
20201220:1400,25.83,93.2,0.0,-0.0,0.0,422.1,0.83,178.0,100690.0
20201220:1500,25.6,90.2,0.0,-0.0,0.0,419.55,0.76,224.0,100680.0
20201220:1600,25.06,96.2,0.0,-0.0,0.0,407.95,1.1,231.0,100660.0
20201220:1700,24.68,93.15,0.0,-0.0,0.0,404.85,1.24,231.0,100620.0
20201220:1800,24.54,96.2,0.0,-0.0,0.0,402.75,1.59,240.0,100590.0
20201220:1900,24.67,93.15,0.0,-0.0,0.0,402.55,1.59,241.0,100550.0
20201220:2000,24.46,93.1,0.0,-0.0,0.0,396.9,1.72,244.0,100530.0
20201220:2100,24.19,93.1,0.0,-0.0,0.0,394.2,1.72,242.0,100560.0
20201220:2200,23.9,93.1,0.0,-0.0,0.0,392.45,1.72,239.0,100630.0
20201220:2300,24.22,90.1,222.65,777.85,81.9,391.7,1.45,243.0,100700.0
20201221:0000,26.22,81.85,452.45,872.16,96.7,393.65,1.38,242.0,100730.0
20201221:0100,27.44,76.8,671.8,930.14,102.25,397.05,1.66,250.0,100700.0
20201221:0200,28.78,67.6,851.8,945.26,115.95,400.8,2.21,263.0,100660.0
20201221:0300,30.03,65.5,925.55,806.1,204.1,404.85,2.62,270.0,100580.0
20201221:0400,30.95,61.55,853.65,563.44,316.15,411.25,2.76,279.0,100550.0
20201221:0500,31.42,57.75,635.5,325.43,325.9,417.25,2.97,289.0,100500.0
20201221:0600,31.34,57.75,521.9,213.45,332.5,424.6,3.1,292.0,100430.0
20201221:0700,30.97,59.55,375.35,114.32,287.75,431.2,3.03,297.0,100320.0
20201221:0800,30.54,63.5,218.25,66.39,178.65,431.2,3.1,307.0,100310.0
20201221:0900,29.76,69.95,109.35,33.64,96.25,433.3,2.76,324.0,100310.0
20201221:1000,29.09,74.55,13.0,0.0,13.0,427.1,2.41,328.0,100360.0
20201221:1100,28.43,76.95,0.0,-0.0,0.0,428.85,2.14,330.0,100440.0
20201221:1200,27.85,79.4,0.0,-0.0,0.0,428.3,1.93,322.0,100560.0
20201221:1300,27.41,84.65,0.0,-0.0,0.0,429.45,1.52,313.0,100640.0
20201221:1400,27.11,81.95,0.0,-0.0,0.0,422.3,0.83,312.0,100680.0
20201221:1500,26.37,90.25,0.0,-0.0,0.0,417.85,0.69,237.0,100660.0
20201221:1600,25.68,90.2,0.0,-0.0,0.0,413.2,1.38,211.0,100610.0
20201221:1700,25.32,93.15,0.0,-0.0,0.0,409.1,1.52,220.0,100530.0
20201221:1800,24.99,96.2,0.0,-0.0,0.0,405.45,1.52,245.0,100490.0
20201221:1900,25.9,87.3,0.0,-0.0,0.0,415.1,0.48,204.0,100510.0
20201221:2000,25.21,90.2,0.0,-0.0,0.0,412.6,0.76,216.0,100480.0
20201221:2100,24.58,93.15,0.0,-0.0,0.0,411.05,1.17,217.0,100500.0
20201221:2200,24.56,96.2,0.0,-0.0,0.0,416.45,1.24,223.0,100530.0
20201221:2300,24.88,93.15,192.15,540.19,95.4,408.35,0.97,226.0,100600.0
20201222:0000,26.78,81.9,411.45,679.37,135.5,404.65,0.69,254.0,100650.0
20201222:0100,27.81,76.85,640.0,786.99,159.25,408.85,0.9,299.0,100700.0
20201222:0200,28.93,72.15,716.5,688.61,181.2,414.35,1.31,291.0,100730.0
20201222:0300,29.75,69.95,854.1,711.83,217.5,421.7,1.86,288.0,100690.0
20201222:0400,30.51,67.8,756.45,572.05,210.85,428.45,1.72,291.0,100610.0
20201222:0500,30.58,67.8,805.8,699.32,140.3,431.2,1.38,273.0,100490.0
20201222:0600,30.63,67.85,649.1,494.6,209.85,429.65,1.1,233.0,100430.0
20201222:0700,30.33,65.6,516.35,456.96,165.65,433.3,1.79,295.0,100390.0
20201222:0800,29.82,67.7,368.15,414.73,120.15,433.5,1.38,313.0,100350.0
20201222:0900,29.41,69.85,140.8,153.26,80.85,428.65,1.38,314.0,100380.0
20201222:1000,28.79,69.85,22.0,32.89,16.7,431.2,0.97,307.0,100430.0
20201222:1100,28.13,84.75,0.0,-0.0,0.0,421.5,0.28,338.0,100490.0
20201222:1200,27.79,79.4,0.0,-0.0,0.0,422.3,0.28,102.0,100580.0
20201222:1300,27.4,81.95,0.0,-0.0,0.0,423.45,0.28,149.0,100630.0
20201222:1400,27.13,84.65,0.0,-0.0,0.0,421.7,0.41,154.0,100680.0
20201222:1500,26.56,90.25,0.0,-0.0,0.0,419.95,0.69,159.0,100680.0
20201222:1600,25.87,93.2,0.0,-0.0,0.0,419.4,1.17,151.0,100650.0
20201222:1700,25.59,90.2,0.0,-0.0,0.0,414.75,1.24,150.0,100560.0
20201222:1800,25.59,87.3,0.0,-0.0,0.0,412.6,0.76,126.0,100520.0
20201222:1900,26.64,81.9,0.0,-0.0,0.0,416.85,0.28,220.0,100510.0
20201222:2000,26.51,81.85,0.0,-0.0,0.0,412.2,0.48,282.0,100510.0
20201222:2100,26.27,84.55,0.0,-0.0,0.0,407.4,0.55,284.0,100540.0
20201222:2200,25.54,90.2,0.0,-0.0,0.0,411.45,0.76,265.0,100560.0
20201222:2300,25.32,93.15,222.85,922.99,59.25,408.35,0.97,258.0,100620.0
20201223:0000,27.21,81.95,411.95,769.14,100.85,407.4,0.83,265.0,100650.0
20201223:0100,28.01,76.85,644.65,850.05,126.6,412.9,0.69,268.0,100650.0
20201223:0200,29.1,72.15,782.3,807.37,155.55,416.85,0.76,258.0,100660.0
20201223:0300,29.9,69.95,804.75,704.84,174.85,425.75,0.62,267.0,100600.0
20201223:0400,30.33,67.8,795.0,651.11,174.1,429.85,0.55,301.0,100530.0
20201223:0500,30.84,65.7,711.0,527.07,209.25,427.9,0.55,360.0,100470.0
20201223:0600,30.9,65.7,748.95,636.64,183.05,432.55,1.1,2.0,100380.0
20201223:0700,30.43,65.6,572.1,553.17,146.9,428.3,1.66,16.0,100320.0
20201223:0800,30.09,69.95,379.75,470.73,97.55,431.2,1.1,57.0,100290.0
20201223:0900,29.58,72.15,182.55,316.75,58.1,432.35,1.17,87.0,100270.0
20201223:1000,29.01,72.15,25.45,80.08,12.4,427.1,0.21,194.0,100350.0
20201223:1100,27.53,76.8,0.0,-0.0,0.0,423.85,1.17,292.0,100440.0
20201223:1200,26.8,79.3,0.0,-0.0,0.0,422.1,1.52,337.0,100550.0
20201223:1300,26.47,87.35,0.0,-0.0,0.0,425.95,0.55,314.0,100640.0
20201223:1400,26.72,79.3,0.0,-0.0,0.0,419.55,0.28,112.0,100670.0
20201223:1500,26.48,81.85,0.0,-0.0,0.0,411.05,0.28,157.0,100660.0
20201223:1600,26.29,79.2,0.0,-0.0,0.0,409.9,0.34,213.0,100640.0
20201223:1700,25.76,84.5,0.0,-0.0,0.0,413.4,0.48,276.0,100580.0
20201223:1800,25.43,87.3,0.0,-0.0,0.0,410.65,0.48,270.0,100520.0
20201223:1900,26.27,79.2,0.0,-0.0,0.0,420.35,0.41,262.0,100520.0
20201223:2000,25.78,81.8,0.0,-0.0,0.0,411.65,0.34,214.0,100500.0
20201223:2100,25.79,81.8,0.0,-0.0,0.0,408.9,0.41,225.0,100540.0
20201223:2200,24.75,87.25,0.0,-0.0,0.0,405.45,0.76,223.0,100580.0
20201223:2300,25.45,87.3,206.0,705.29,82.3,403.5,1.03,209.0,100650.0
20201224:0000,26.49,81.85,397.4,672.34,126.6,401.75,0.97,191.0,100690.0
20201224:0100,27.43,76.8,623.45,780.66,148.8,407.1,0.48,191.0,100720.0
20201224:0200,28.43,72.1,763.15,777.24,160.6,416.3,0.14,193.0,100740.0
20201224:0300,29.18,69.85,807.65,662.21,216.25,416.1,0.28,341.0,100690.0
20201224:0400,29.86,67.7,934.4,812.67,159.55,419.95,0.55,337.0,100640.0
20201224:0500,30.47,65.6,752.1,598.07,182.55,424.4,0.76,336.0,100550.0
20201224:0600,30.41,65.6,726.05,596.49,195.35,429.45,1.31,355.0,100450.0
20201224:0700,30.83,63.6,540.75,534.82,129.0,435.65,1.79,351.0,100380.0
20201224:0800,30.01,69.95,350.75,415.87,100.8,427.1,1.52,1.0,100320.0
20201224:0900,28.42,72.1,135.6,170.66,68.25,431.95,0.21,106.0,100370.0
20201224:1000,27.35,74.3,24.55,86.78,10.25,432.35,0.97,201.0,100430.0
20201224:1100,25.99,84.5,0.0,-0.0,0.0,425.75,1.17,268.0,100550.0
20201224:1200,25.09,87.3,0.0,-0.0,0.0,423.25,1.52,305.0,100670.0
20201224:1300,24.6,90.15,0.0,-0.0,0.0,414.15,1.1,297.0,100750.0
20201224:1400,24.48,93.1,0.0,-0.0,0.0,422.45,0.97,222.0,100810.0
20201224:1500,24.45,93.1,0.0,-0.0,0.0,422.65,1.1,190.0,100770.0
20201224:1600,24.65,90.15,0.0,-0.0,0.0,417.05,1.24,192.0,100730.0
20201224:1700,24.41,93.1,0.0,-0.0,0.0,409.7,1.52,208.0,100650.0
20201224:1800,24.28,90.1,0.0,-0.0,0.0,405.45,1.52,219.0,100620.0
20201224:1900,24.73,90.15,0.0,-0.0,0.0,413.4,1.24,219.0,100550.0
20201224:2000,24.75,93.15,0.0,-0.0,0.0,420.9,1.03,244.0,100550.0
20201224:2100,24.69,90.15,0.0,-0.0,0.0,417.65,1.03,262.0,100580.0
20201224:2200,24.82,90.15,0.0,-0.0,0.0,409.3,0.76,270.0,100630.0
20201224:2300,25.2,90.2,155.05,518.67,65.05,417.65,0.69,245.0,100720.0
20201225:0000,26.32,81.85,357.8,645.88,98.75,419.2,0.76,235.0,100770.0
20201225:0100,26.91,79.3,594.4,768.46,128.25,417.35,0.55,233.0,100810.0
20201225:0200,27.8,76.85,680.5,646.78,179.75,419.2,0.34,293.0,100830.0
20201225:0300,28.5,76.95,715.45,626.34,156.45,428.85,0.9,346.0,100790.0
20201225:0400,29.0,74.55,561.65,321.54,255.1,441.45,1.45,349.0,100740.0
20201225:0500,28.33,76.95,611.35,378.71,250.55,442.6,1.93,338.0,100630.0
20201225:0600,28.43,76.95,423.95,289.32,166.3,433.9,1.24,285.0,100600.0
20201225:0700,28.19,76.95,413.65,328.03,160.7,435.45,1.52,322.0,100470.0
20201225:0800,28.56,79.5,281.25,257.4,126.15,434.1,1.79,5.0,100400.0
20201225:0900,28.26,79.5,135.6,169.16,68.55,435.65,1.38,23.0,100450.0
20201225:1000,27.81,79.4,18.25,48.02,10.25,420.75,0.14,316.0,100520.0
20201225:1100,26.9,81.9,0.0,-0.0,0.0,428.1,0.34,205.0,100620.0
20201225:1200,26.19,81.85,0.0,-0.0,0.0,429.05,0.62,228.0,100730.0
20201225:1300,25.5,90.2,0.0,-0.0,0.0,427.7,0.97,263.0,100820.0
20201225:1400,25.06,93.15,0.0,-0.0,0.0,423.45,1.24,272.0,100880.0
20201225:1500,24.84,93.15,0.0,-0.0,0.0,425.0,1.59,274.0,100890.0
20201225:1600,24.56,96.2,0.0,-0.0,0.0,421.5,1.66,267.0,100840.0
20201225:1700,24.5,96.2,0.0,-0.0,0.0,426.75,1.38,257.0,100760.0
20201225:1800,24.58,90.15,0.0,-0.0,0.0,421.7,1.38,252.0,100700.0
20201225:1900,24.75,90.15,0.0,-0.0,0.0,408.35,1.79,240.0,100670.0
20201225:2000,24.6,90.15,0.0,-0.0,0.0,413.55,1.86,239.0,100610.0
20201225:2100,24.45,93.1,0.0,-0.0,0.0,409.1,1.79,249.0,100660.0
20201225:2200,24.46,93.1,0.0,-0.0,0.0,414.35,1.93,261.0,100740.0
20201225:2300,24.66,93.15,186.25,672.31,70.85,413.4,1.86,268.0,100810.0
20201226:0000,25.78,87.3,298.85,433.53,125.7,418.6,1.66,283.0,100850.0
20201226:0100,26.51,84.55,423.35,355.82,208.0,427.6,1.45,299.0,100890.0
20201226:0200,27.18,79.35,572.7,431.64,238.95,432.35,1.03,316.0,100880.0
20201226:0300,28.02,79.4,789.9,579.63,272.9,428.45,0.97,330.0,100820.0
20201226:0400,28.99,77.0,572.15,340.81,247.25,436.6,1.52,356.0,100730.0
20201226:0500,28.65,77.0,645.25,411.59,252.95,442.2,2.07,337.0,100670.0
20201226:0600,28.29,76.95,595.35,432.01,210.25,434.45,1.59,295.0,100580.0
20201226:0700,28.89,77.0,398.8,292.54,172.85,434.45,1.17,283.0,100510.0
20201226:0800,28.81,74.55,275.0,194.42,157.55,429.05,0.55,297.0,100450.0
20201226:0900,28.31,74.5,133.15,171.94,64.7,430.6,1.03,358.0,100480.0
20201226:1000,26.71,79.3,19.25,44.24,11.8,430.4,1.59,318.0,100540.0
20201226:1100,26.32,84.55,0.0,-0.0,0.0,428.1,0.83,290.0,100610.0
20201226:1200,25.98,90.2,0.0,-0.0,0.0,434.1,1.86,248.0,100700.0
20201226:1300,25.87,87.3,0.0,-0.0,0.0,431.75,1.86,237.0,100760.0
20201226:1400,25.73,84.5,0.0,-0.0,0.0,424.4,1.86,231.0,100840.0
20201226:1500,25.54,90.2,0.0,-0.0,0.0,422.1,2.07,234.0,100820.0
20201226:1600,25.42,87.3,0.0,-0.0,0.0,423.05,2.21,246.0,100800.0
20201226:1700,25.08,87.3,0.0,-0.0,0.0,424.4,2.0,261.0,100740.0
20201226:1800,25.03,90.15,0.0,-0.0,0.0,425.0,2.21,268.0,100680.0
20201226:1900,24.78,90.15,0.0,-0.0,0.0,417.05,1.52,231.0,100680.0
20201226:2000,24.64,93.15,0.0,-0.0,0.0,416.1,0.97,202.0,100620.0
20201226:2100,24.55,93.1,0.0,-0.0,0.0,411.25,0.62,182.0,100670.0
20201226:2200,25.08,87.3,0.0,-0.0,0.0,419.55,0.28,186.0,100730.0
20201226:2300,24.98,93.15,154.05,354.3,93.9,422.65,0.76,273.0,100830.0
20201227:0000,25.94,87.3,245.35,221.01,157.45,423.25,0.83,256.0,100900.0
20201227:0100,26.28,81.85,415.75,376.83,188.2,424.7,0.41,222.0,100910.0
20201227:0200,27.07,79.3,605.3,479.25,235.2,428.3,0.55,263.0,100890.0
20201227:0300,28.08,74.4,790.35,661.24,200.9,432.35,1.31,284.0,100820.0
20201227:0400,29.0,69.85,729.15,497.49,254.9,433.7,1.45,292.0,100740.0
20201227:0500,29.36,72.15,721.35,540.91,205.55,434.85,1.45,313.0,100640.0
20201227:0600,29.59,72.15,694.6,632.23,130.45,437.55,1.45,318.0,100520.0
20201227:0700,30.2,67.8,522.2,473.54,155.85,435.85,1.66,298.0,100420.0
20201227:0800,30.11,69.95,291.1,295.37,112.2,437.55,1.31,294.0,100330.0
20201227:0900,28.5,76.95,136.9,197.83,57.8,440.45,1.31,299.0,100360.0
20201227:1000,27.44,81.95,19.85,53.18,10.8,437.55,1.59,277.0,100420.0
20201227:1100,26.54,87.35,0.0,-0.0,0.0,433.9,1.45,301.0,100490.0
20201227:1200,26.02,90.2,0.0,-0.0,0.0,427.1,1.72,324.0,100610.0
20201227:1300,25.48,93.15,0.0,-0.0,0.0,429.65,2.07,300.0,100700.0
20201227:1400,25.35,93.15,0.0,-0.0,0.0,427.5,1.66,281.0,100720.0
20201227:1500,25.37,93.15,0.0,-0.0,0.0,426.35,1.38,286.0,100720.0
20201227:1600,25.33,93.15,0.0,-0.0,0.0,424.2,1.66,286.0,100680.0
20201227:1700,25.23,93.15,0.0,-0.0,0.0,424.6,1.86,281.0,100610.0
20201227:1800,25.23,93.15,0.0,-0.0,0.0,424.2,1.1,273.0,100540.0
20201227:1900,24.84,96.2,0.0,-0.0,0.0,423.25,0.48,168.0,100570.0
20201227:2000,24.71,96.2,0.0,-0.0,0.0,420.9,0.48,222.0,100520.0
20201227:2100,24.76,96.2,0.0,-0.0,0.0,422.1,0.69,250.0,100520.0
20201227:2200,24.7,93.15,0.0,-0.0,0.0,419.0,0.9,272.0,100570.0
20201227:2300,25.0,96.2,145.5,228.72,107.1,419.95,1.03,272.0,100660.0
20201228:0000,26.07,87.3,329.0,391.49,173.95,420.55,1.1,273.0,100680.0
20201228:0100,26.8,84.6,450.0,400.16,208.9,424.5,1.03,275.0,100740.0
20201228:0200,27.44,84.65,527.55,309.67,288.7,426.9,1.1,290.0,100760.0
20201228:0300,27.83,84.7,538.75,279.59,289.65,438.9,1.66,303.0,100720.0
20201228:0400,27.87,84.7,556.45,230.78,336.45,437.0,2.48,299.0,100670.0
20201228:0500,27.9,84.7,599.0,300.92,311.9,433.3,2.48,289.0,100550.0
20201228:0600,28.67,77.0,498.1,251.61,273.35,428.85,2.69,273.0,100490.0
20201228:0700,28.84,74.55,418.4,257.95,218.5,449.55,1.72,297.0,100420.0
20201228:0800,28.17,76.95,249.55,121.04,176.05,433.3,1.66,296.0,100330.0
20201228:0900,27.58,79.35,75.5,8.96,71.9,428.3,3.24,286.0,100420.0
20201228:1000,26.19,84.55,15.0,32.86,9.35,436.6,3.86,269.0,100450.0
20201228:1100,25.64,87.3,0.0,-0.0,0.0,430.6,2.41,272.0,100550.0
20201228:1200,25.37,93.15,0.0,-0.0,0.0,425.2,2.0,277.0,100610.0
20201228:1300,25.52,90.2,0.0,-0.0,0.0,426.55,1.72,271.0,100660.0
20201228:1400,25.52,90.2,0.0,-0.0,0.0,419.75,1.31,266.0,100700.0
20201228:1500,25.3,90.2,0.0,-0.0,0.0,417.65,1.38,259.0,100700.0
20201228:1600,25.03,93.15,0.0,-0.0,0.0,416.45,1.52,237.0,100650.0
20201228:1700,24.78,93.15,0.0,-0.0,0.0,416.3,1.45,239.0,100580.0
20201228:1800,24.63,93.15,0.0,-0.0,0.0,415.5,1.79,246.0,100490.0
20201228:1900,24.93,93.15,0.0,-0.0,0.0,423.05,1.59,233.0,100520.0
20201228:2000,24.86,93.15,0.0,-0.0,0.0,422.45,1.79,247.0,100480.0
20201228:2100,24.75,93.15,0.0,-0.0,0.0,419.0,1.72,254.0,100500.0
20201228:2200,24.68,93.15,0.0,-0.0,0.0,421.5,1.66,251.0,100560.0
20201228:2300,24.76,93.15,91.9,109.63,73.7,423.25,1.45,246.0,100620.0
20201229:0000,25.58,90.2,161.55,66.81,135.2,424.0,1.24,260.0,100690.0
20201229:0100,26.02,90.2,242.4,110.03,176.25,425.85,1.31,271.0,100710.0
20201229:0200,26.49,87.35,522.45,314.97,279.8,429.25,1.72,279.0,100720.0
20201229:0300,27.59,81.95,591.25,289.1,333.8,426.55,2.48,282.0,100690.0
20201229:0400,28.45,76.95,796.5,543.83,278.05,429.65,3.03,300.0,100620.0
20201229:0500,29.29,74.55,654.55,387.13,285.0,435.25,2.21,306.0,100540.0
20201229:0600,29.3,74.55,558.2,328.06,264.85,444.75,2.41,318.0,100440.0
20201229:0700,29.31,74.55,395.3,292.11,168.55,434.65,2.62,307.0,100380.0
20201229:0800,28.27,76.95,257.2,138.22,173.05,431.55,1.59,286.0,100350.0
20201229:0900,27.45,79.35,76.4,10.54,72.15,427.7,1.52,275.0,100390.0
20201229:1000,26.01,87.3,7.9,4.61,7.1,434.1,1.31,287.0,100490.0
20201229:1100,25.56,93.15,0.0,-0.0,0.0,432.15,1.1,257.0,100570.0
20201229:1200,25.33,93.15,0.0,-0.0,0.0,433.9,1.79,246.0,100620.0
20201229:1300,25.5,90.2,0.0,-0.0,0.0,435.25,1.52,236.0,100670.0
20201229:1400,25.48,90.2,0.0,-0.0,0.0,425.95,1.03,239.0,100700.0
20201229:1500,25.35,90.2,0.0,-0.0,0.0,421.7,1.66,265.0,100700.0
20201229:1600,25.15,90.2,0.0,-0.0,0.0,425.55,1.72,267.0,100680.0
20201229:1700,24.97,90.15,0.0,-0.0,0.0,425.55,1.52,270.0,100620.0
20201229:1800,24.58,93.15,0.0,-0.0,0.0,427.7,0.97,265.0,100560.0
20201229:1900,24.73,93.15,0.0,-0.0,0.0,419.95,1.31,246.0,100530.0
20201229:2000,24.67,93.15,0.0,-0.0,0.0,421.9,1.93,248.0,100500.0
20201229:2100,24.65,93.15,0.0,-0.0,0.0,422.3,2.21,244.0,100490.0
20201229:2200,24.63,93.15,0.0,-0.0,0.0,419.4,1.79,241.0,100510.0
20201229:2300,24.75,93.15,118.2,144.4,94.5,420.9,1.24,274.0,100580.0
20201230:0000,25.64,90.2,262.8,180.78,191.8,417.85,1.24,308.0,100670.0
20201230:0100,26.6,81.9,374.95,213.71,246.75,422.95,1.52,296.0,100700.0
20201230:0200,27.4,81.95,532.05,283.95,313.55,426.55,1.52,291.0,100720.0
20201230:0300,28.34,76.95,598.8,303.06,329.05,431.0,1.52,296.0,100690.0
20201230:0400,29.28,74.55,769.3,529.36,264.6,434.45,1.93,308.0,100580.0
20201230:0500,29.86,74.65,344.65,72.61,275.3,441.65,2.41,334.0,100510.0
20201230:0600,28.46,76.95,337.2,82.89,263.0,445.9,2.69,321.0,100440.0
20201230:0700,28.04,79.4,202.25,22.76,184.55,435.45,1.03,297.0,100400.0
20201230:0800,27.11,81.95,141.05,6.8,136.9,436.6,0.83,282.0,100370.0
20201230:0900,26.01,87.3,48.0,0.0,48.0,439.1,1.59,265.0,100420.0
20201230:1000,25.06,93.15,5.65,0.0,5.65,425.95,2.0,279.0,100490.0
20201230:1100,24.65,93.15,0.0,-0.0,0.0,428.1,1.59,287.0,100520.0
20201230:1200,24.71,93.15,0.0,-0.0,0.0,430.2,1.59,281.0,100640.0
20201230:1300,24.77,93.15,0.0,-0.0,0.0,431.95,1.38,259.0,100680.0
20201230:1400,24.81,93.15,0.0,-0.0,0.0,431.55,1.17,241.0,100740.0
20201230:1500,24.7,93.15,0.0,-0.0,0.0,422.85,0.9,211.0,100720.0
20201230:1600,24.62,96.2,0.0,-0.0,0.0,423.25,0.69,210.0,100690.0
20201230:1700,24.7,93.15,0.0,-0.0,0.0,423.65,0.9,225.0,100600.0
20201230:1800,24.73,90.15,0.0,-0.0,0.0,424.4,1.24,255.0,100550.0
20201230:1900,24.74,93.15,0.0,-0.0,0.0,419.4,2.0,258.0,100520.0
20201230:2000,24.51,93.1,0.0,-0.0,0.0,418.2,2.34,269.0,100500.0
20201230:2100,24.39,93.1,0.0,-0.0,0.0,417.05,2.14,261.0,100540.0
20201230:2200,24.23,93.1,0.0,-0.0,0.0,415.7,1.72,264.0,100600.0
20201230:2300,24.28,93.1,62.35,0.0,62.35,420.75,1.66,259.0,100680.0
20201231:0000,24.97,93.15,167.35,172.07,100.05,419.95,1.31,252.0,100710.0
20201231:0100,25.88,87.3,339.7,271.38,177.25,417.75,1.1,256.0,100760.0
20201231:0200,26.93,81.9,598.6,497.49,216.2,421.7,1.17,280.0,100750.0
20201231:0300,28.26,74.5,708.0,587.32,185.45,423.05,0.97,292.0,100720.0
20201231:0400,29.24,72.15,848.3,675.29,204.4,432.55,1.38,319.0,100630.0
20201231:0500,29.87,72.25,756.25,594.63,187.95,432.55,2.0,342.0,100530.0
20201231:0600,29.6,74.55,636.9,552.13,142.1,426.55,2.83,319.0,100480.0
20201231:0700,28.73,72.15,291.0,163.62,163.55,431.55,2.41,285.0,100450.0
20201231:0800,27.66,79.4,275.35,230.16,134.5,435.65,1.72,267.0,100410.0
20201231:0900,27.57,76.8,82.3,84.95,47.75,427.7,1.17,242.0,100430.0
20201231:1000,27.14,79.35,21.65,38.4,14.85,431.2,0.41,300.0,100490.0
20201231:1100,26.93,81.9,0.0,-0.0,0.0,425.2,1.24,296.0,100590.0
20201231:1200,26.54,84.55,0.0,-0.0,0.0,430.2,1.66,278.0,100660.0
20201231:1300,26.28,84.55,0.0,-0.0,0.0,430.8,1.59,266.0,100720.0
20201231:1400,26.05,90.2,0.0,-0.0,0.0,427.7,1.79,263.0,100760.0
20201231:1500,25.76,90.2,0.0,-0.0,0.0,425.0,1.93,265.0,100780.0
20201231:1600,24.68,95.9,0.0,-0.0,0.0,418.64,0.58,270.0,100730.0
20201231:1700,24.86,94.7,0.0,-0.0,0.0,419.29,0.96,271.0,100660.0
20201231:1800,25.04,93.5,0.0,-0.0,0.0,419.93,1.34,272.0,100610.0
20201231:1900,25.22,92.29,0.0,-0.0,0.0,420.58,1.72,229.0,100570.0
20201231:2000,25.4,91.09,0.0,-0.0,0.0,421.22,2.11,228.0,100540.0
20201231:2100,25.58,89.89,0.0,-0.0,0.0,421.87,2.49,234.0,100570.0
20201231:2200,25.76,88.68,0.0,-0.0,0.0,422.52,2.87,244.0,100620.0
20201231:2300,25.94,87.48,166.5,522.54,82.7,423.16,3.25,251.0,100700.0

T2m: 2-m air temperature (degree Celsius)
RH: relative humidity (%)
G(h): Global irradiance on the horizontal plane (W/m2)
Gb(n): Beam/direct irradiance on a plane always normal to sun rays (W/m2)
Gd(h): Diffuse irradiance on the horizontal plane (W/m2)
IR(h): Surface infrared (thermal) irradiance on a horizontal plane (W/m2)
WS10m: 10-m total wind speed (m/s)
WD10m: 10-m wind direction (0 = N, 90 = E) (degree)
SP: Surface (air) pressure (Pa)

PVGIS (c) European Union, 2001-2026
